id,question,level,sql_code,train
F0001,Quais escolas de Fortaleza estão a até 5 km do centro do município?,Fácil,"SELECT e.nm_entidade
FROM escola e
JOIN municipio mu ON ST_Contains(mu.geometry, e.geometry)
WHERE mu.nm_mun = 'Fortaleza'
  AND ST_DWithin(e.geometry::geography, ST_Centroid(mu.geometry)::geography, 5000);",1
F0002,Quais escolas de João Pessoa estão a até 20 km do centro do município?,Fácil,"SELECT e.nm_entidade
FROM escola e
JOIN municipio mu ON ST_Contains(mu.geometry, e.geometry)
WHERE mu.nm_mun = 'João Pessoa'
  AND ST_DWithin(e.geometry::geography, ST_Centroid(mu.geometry)::geography, 20000);",1
F0003,Quais escolas de Uberlândia estão a até 20 km do centro do município?,Fácil,"SELECT e.nm_entidade
FROM escola e
JOIN municipio mu ON ST_Contains(mu.geometry, e.geometry)
WHERE mu.nm_mun = 'Uberlândia'
  AND ST_DWithin(e.geometry::geography, ST_Centroid(mu.geometry)::geography, 20000);",1
F0004,Quais escolas de Curitiba estão a até 3 km do centro do município?,Fácil,"SELECT e.nm_entidade
FROM escola e
JOIN municipio mu ON ST_Contains(mu.geometry, e.geometry)
WHERE mu.nm_mun = 'Curitiba'
  AND ST_DWithin(e.geometry::geography, ST_Centroid(mu.geometry)::geography, 3000);",1
F0005,Quais escolas de Florianópolis estão a até 6 km do centro do município?,Fácil,"SELECT e.nm_entidade
FROM escola e
JOIN municipio mu ON ST_Contains(mu.geometry, e.geometry)
WHERE mu.nm_mun = 'Florianópolis'
  AND ST_DWithin(e.geometry::geography, ST_Centroid(mu.geometry)::geography, 6000);",1
F0006,Quais escolas de Teresina estão a até 20 km do centro do município?,Fácil,"SELECT e.nm_entidade
FROM escola e
JOIN municipio mu ON ST_Contains(mu.geometry, e.geometry)
WHERE mu.nm_mun = 'Teresina'
  AND ST_DWithin(e.geometry::geography, ST_Centroid(mu.geometry)::geography, 20000);",1
F0007,Quais escolas de Belém estão a até 12 km do centro do município?,Fácil,"SELECT e.nm_entidade
FROM escola e
JOIN municipio mu ON ST_Contains(mu.geometry, e.geometry)
WHERE mu.nm_mun = 'Belém'
  AND ST_DWithin(e.geometry::geography, ST_Centroid(mu.geometry)::geography, 12000);",1
F0008,Quais escolas de São Luís estão a até 6 km do centro do município?,Fácil,"SELECT e.nm_entidade
FROM escola e
JOIN municipio mu ON ST_Contains(mu.geometry, e.geometry)
WHERE mu.nm_mun = 'São Luís'
  AND ST_DWithin(e.geometry::geography, ST_Centroid(mu.geometry)::geography, 6000);",1
F0009,Quais escolas de Rio de Janeiro estão a até 15 km do centro do município?,Fácil,"SELECT e.nm_entidade
FROM escola e
JOIN municipio mu ON ST_Contains(mu.geometry, e.geometry)
WHERE mu.nm_mun = 'Rio de Janeiro'
  AND ST_DWithin(e.geometry::geography, ST_Centroid(mu.geometry)::geography, 15000);",1
F0010,Quais escolas de Recife estão a até 15 km do centro do município?,Fácil,"SELECT e.nm_entidade
FROM escola e
JOIN municipio mu ON ST_Contains(mu.geometry, e.geometry)
WHERE mu.nm_mun = 'Recife'
  AND ST_DWithin(e.geometry::geography, ST_Centroid(mu.geometry)::geography, 15000);",1
F0011,Quais escolas de Recife estão a até 3 km do centro do município?,Fácil,"SELECT e.nm_entidade
FROM escola e
JOIN municipio mu ON ST_Contains(mu.geometry, e.geometry)
WHERE mu.nm_mun = 'Recife'
  AND ST_DWithin(e.geometry::geography, ST_Centroid(mu.geometry)::geography, 3000);",1
F0012,Quais escolas de Rio de Janeiro estão a até 12 km do centro do município?,Fácil,"SELECT e.nm_entidade
FROM escola e
JOIN municipio mu ON ST_Contains(mu.geometry, e.geometry)
WHERE mu.nm_mun = 'Rio de Janeiro'
  AND ST_DWithin(e.geometry::geography, ST_Centroid(mu.geometry)::geography, 12000);",1
F0013,Quais escolas de Maceió estão a até 15 km do centro do município?,Fácil,"SELECT e.nm_entidade
FROM escola e
JOIN municipio mu ON ST_Contains(mu.geometry, e.geometry)
WHERE mu.nm_mun = 'Maceió'
  AND ST_DWithin(e.geometry::geography, ST_Centroid(mu.geometry)::geography, 15000);",1
F0014,Quais escolas de Uberlândia estão a até 3 km do centro do município?,Fácil,"SELECT e.nm_entidade
FROM escola e
JOIN municipio mu ON ST_Contains(mu.geometry, e.geometry)
WHERE mu.nm_mun = 'Uberlândia'
  AND ST_DWithin(e.geometry::geography, ST_Centroid(mu.geometry)::geography, 3000);",1
F0015,Liste as escolas mais próximas do centro de São Paulo com a distância em metros (as 40 primeiras).,Fácil,"SELECT e.nm_entidade,
       ROUND(ST_Distance(e.geometry::geography, ST_SetSRID(ST_MakePoint(-46.6288, -23.5403), 4674)::geography)::numeric, 2) AS dist_m
FROM escola e
JOIN microdados_ed_basica md ON e.cd_entidade = md.cd_entidade
ORDER BY dist_m ASC
LIMIT 40;",1
F0016,Liste as escolas mais próximas do centro de Natal com a distância em metros (as 20 primeiras).,Fácil,"SELECT e.nm_entidade,
       ROUND(ST_Distance(e.geometry::geography, ST_SetSRID(ST_MakePoint(-35.2018, -5.8049), 4674)::geography)::numeric, 2) AS dist_m
FROM escola e
JOIN microdados_ed_basica md ON e.cd_entidade = md.cd_entidade
ORDER BY dist_m ASC
LIMIT 20;",1
F0017,Liste as escolas mais próximas do centro de Recife com a distância em metros (as 30 primeiras).,Fácil,"SELECT e.nm_entidade,
       ROUND(ST_Distance(e.geometry::geography, ST_SetSRID(ST_MakePoint(-34.8935, -8.0359), 4674)::geography)::numeric, 2) AS dist_m
FROM escola e
JOIN microdados_ed_basica md ON e.cd_entidade = md.cd_entidade
ORDER BY dist_m ASC
LIMIT 30;",1
F0018,"Quais as 40 escolas mais próximas da coordenada central de Goiânia, com a distância em metros?",Fácil,"SELECT e.nm_entidade,
       ROUND(ST_Distance(e.geometry::geography, ST_SetSRID(ST_MakePoint(-49.2402, -16.7088), 4674)::geography)::numeric, 2) AS dist_m
FROM escola e
JOIN microdados_ed_basica md ON e.cd_entidade = md.cd_entidade
ORDER BY dist_m ASC
LIMIT 40;",1
F0019,"Quais as 20 escolas mais próximas da coordenada central de Palmas, com a distância em metros?",Fácil,"SELECT e.nm_entidade,
       ROUND(ST_Distance(e.geometry::geography, ST_SetSRID(ST_MakePoint(-48.3237, -10.1982), 4674)::geography)::numeric, 2) AS dist_m
FROM escola e
JOIN microdados_ed_basica md ON e.cd_entidade = md.cd_entidade
ORDER BY dist_m ASC
LIMIT 20;",1
F0020,"Quais as 20 escolas mais próximas da coordenada central de Manaus, com a distância em metros?",Fácil,"SELECT e.nm_entidade,
       ROUND(ST_Distance(e.geometry::geography, ST_SetSRID(ST_MakePoint(-60.0364, -3.0986), 4674)::geography)::numeric, 2) AS dist_m
FROM escola e
JOIN microdados_ed_basica md ON e.cd_entidade = md.cd_entidade
ORDER BY dist_m ASC
LIMIT 20;",1
F0021,Liste as escolas mais próximas do centro de Contagem com a distância em metros (as 50 primeiras).,Fácil,"SELECT e.nm_entidade,
       ROUND(ST_Distance(e.geometry::geography, ST_SetSRID(ST_MakePoint(-44.0682, -19.9475), 4674)::geography)::numeric, 2) AS dist_m
FROM escola e
JOIN microdados_ed_basica md ON e.cd_entidade = md.cd_entidade
ORDER BY dist_m ASC
LIMIT 50;",1
F0022,"Quais as 50 escolas mais próximas da coordenada central de Fortaleza, com a distância em metros?",Fácil,"SELECT e.nm_entidade,
       ROUND(ST_Distance(e.geometry::geography, ST_SetSRID(ST_MakePoint(-38.5531, -3.7243), 4674)::geography)::numeric, 2) AS dist_m
FROM escola e
JOIN microdados_ed_basica md ON e.cd_entidade = md.cd_entidade
ORDER BY dist_m ASC
LIMIT 50;",1
F0023,Liste as escolas mais próximas do centro de Campo Grande com a distância em metros (as 40 primeiras).,Fácil,"SELECT e.nm_entidade,
       ROUND(ST_Distance(e.geometry::geography, ST_SetSRID(ST_MakePoint(-54.6361, -20.4595), 4674)::geography)::numeric, 2) AS dist_m
FROM escola e
JOIN microdados_ed_basica md ON e.cd_entidade = md.cd_entidade
ORDER BY dist_m ASC
LIMIT 40;",1
F0024,Liste as escolas mais próximas do centro de Manaus com a distância em metros (as 50 primeiras).,Fácil,"SELECT e.nm_entidade,
       ROUND(ST_Distance(e.geometry::geography, ST_SetSRID(ST_MakePoint(-60.0323, -3.1103), 4674)::geography)::numeric, 2) AS dist_m
FROM escola e
JOIN microdados_ed_basica md ON e.cd_entidade = md.cd_entidade
ORDER BY dist_m ASC
LIMIT 50;",1
F0025,Liste as escolas mais próximas do centro de Aracaju com a distância em metros (as 40 primeiras).,Fácil,"SELECT e.nm_entidade,
       ROUND(ST_Distance(e.geometry::geography, ST_SetSRID(ST_MakePoint(-37.0577, -10.9205), 4674)::geography)::numeric, 2) AS dist_m
FROM escola e
JOIN microdados_ed_basica md ON e.cd_entidade = md.cd_entidade
ORDER BY dist_m ASC
LIMIT 40;",1
F0026,"Quais as 30 escolas mais próximas da coordenada central de Palmas, com a distância em metros?",Fácil,"SELECT e.nm_entidade,
       ROUND(ST_Distance(e.geometry::geography, ST_SetSRID(ST_MakePoint(-48.3268, -10.1982), 4674)::geography)::numeric, 2) AS dist_m
FROM escola e
JOIN microdados_ed_basica md ON e.cd_entidade = md.cd_entidade
ORDER BY dist_m ASC
LIMIT 30;",1
F0027,"Quais as 50 escolas mais próximas da coordenada central de Campinas, com a distância em metros?",Fácil,"SELECT e.nm_entidade,
       ROUND(ST_Distance(e.geometry::geography, ST_SetSRID(ST_MakePoint(-47.0605, -22.9287), 4674)::geography)::numeric, 2) AS dist_m
FROM escola e
JOIN microdados_ed_basica md ON e.cd_entidade = md.cd_entidade
ORDER BY dist_m ASC
LIMIT 50;",1
F0028,Liste as escolas mais próximas do centro de São Luís com a distância em metros (as 50 primeiras).,Fácil,"SELECT e.nm_entidade,
       ROUND(ST_Distance(e.geometry::geography, ST_SetSRID(ST_MakePoint(-44.311, -2.5383), 4674)::geography)::numeric, 2) AS dist_m
FROM escola e
JOIN microdados_ed_basica md ON e.cd_entidade = md.cd_entidade
ORDER BY dist_m ASC
LIMIT 50;",1
F0029,Quais escolas estão a até 6 km de algum CREAS no município de Maceió?,Fácil,"SELECT e.nm_entidade
FROM escola e
JOIN creas cr ON ST_DWithin(e.geometry::geography, cr.geometry::geography, 6000)
WHERE cr.nm_mun = 'Maceió';",1
F0030,Liste escolas a no máximo 2 km de um CREAS em Curitiba.,Fácil,"SELECT e.nm_entidade
FROM escola e
JOIN creas cr ON ST_DWithin(e.geometry::geography, cr.geometry::geography, 2000)
WHERE cr.nm_mun = 'Curitiba';",1
F0031,Quais escolas estão a até 20 km de algum CRAS no município de Contagem?,Fácil,"SELECT e.nm_entidade
FROM escola e
JOIN cras c ON ST_DWithin(e.geometry::geography, c.geometry::geography, 20000)
WHERE c.nm_mun = 'Contagem';",1
F0032,Liste escolas a no máximo 12 km de um CRAS em Florianópolis.,Fácil,"SELECT e.nm_entidade
FROM escola e
JOIN cras c ON ST_DWithin(e.geometry::geography, c.geometry::geography, 12000)
WHERE c.nm_mun = 'Florianópolis';",1
F0033,Quais escolas estão a até 15 km de algum CRAS no município de João Pessoa?,Fácil,"SELECT e.nm_entidade
FROM escola e
JOIN cras c ON ST_DWithin(e.geometry::geography, c.geometry::geography, 15000)
WHERE c.nm_mun = 'João Pessoa';",1
F0034,Liste escolas a no máximo 2 km de um CREAS em João Pessoa.,Fácil,"SELECT e.nm_entidade
FROM escola e
JOIN creas cr ON ST_DWithin(e.geometry::geography, cr.geometry::geography, 2000)
WHERE cr.nm_mun = 'João Pessoa';",1
F0035,Liste escolas a no máximo 5 km de um CRAS em Rio de Janeiro.,Fácil,"SELECT e.nm_entidade
FROM escola e
JOIN cras c ON ST_DWithin(e.geometry::geography, c.geometry::geography, 5000)
WHERE c.nm_mun = 'Rio de Janeiro';",1
F0036,Quais escolas estão a até 3 km de algum CREAS no município de São Luís?,Fácil,"SELECT e.nm_entidade
FROM escola e
JOIN creas cr ON ST_DWithin(e.geometry::geography, cr.geometry::geography, 3000)
WHERE cr.nm_mun = 'São Luís';",1
F0037,Quais escolas estão a até 2 km de algum CREAS no município de Belém?,Fácil,"SELECT e.nm_entidade
FROM escola e
JOIN creas cr ON ST_DWithin(e.geometry::geography, cr.geometry::geography, 2000)
WHERE cr.nm_mun = 'Belém';",1
F0038,Quais escolas estão a até 20 km de algum CRAS no município de Belo Horizonte?,Fácil,"SELECT e.nm_entidade
FROM escola e
JOIN cras c ON ST_DWithin(e.geometry::geography, c.geometry::geography, 20000)
WHERE c.nm_mun = 'Belo Horizonte';",1
F0039,Quais escolas estão a até 2 km de algum CREAS no município de Contagem?,Fácil,"SELECT e.nm_entidade
FROM escola e
JOIN creas cr ON ST_DWithin(e.geometry::geography, cr.geometry::geography, 2000)
WHERE cr.nm_mun = 'Contagem';",1
F0040,Liste escolas a no máximo 12 km de um CRAS em Teresina.,Fácil,"SELECT e.nm_entidade
FROM escola e
JOIN cras c ON ST_DWithin(e.geometry::geography, c.geometry::geography, 12000)
WHERE c.nm_mun = 'Teresina';",1
F0041,Liste escolas a no máximo 20 km de um CRAS em Porto Alegre.,Fácil,"SELECT e.nm_entidade
FROM escola e
JOIN cras c ON ST_DWithin(e.geometry::geography, c.geometry::geography, 20000)
WHERE c.nm_mun = 'Porto Alegre';",1
F0042,Quais escolas estão a até 2 km de algum CREAS no município de Rio de Janeiro?,Fácil,"SELECT e.nm_entidade
FROM escola e
JOIN creas cr ON ST_DWithin(e.geometry::geography, cr.geometry::geography, 2000)
WHERE cr.nm_mun = 'Rio de Janeiro';",1
F0043,Qual a área aproximada (km²) da região central do município de Vitória?,Fácil,"SELECT mu.nm_mun, ROUND((ST_Area(ST_Transform(ST_Intersection(mu.geometry, ST_Buffer(ST_Centroid(mu.geometry), 0.1)), 5880)) / 1e6)::numeric, 2) AS area_inter_km2
FROM municipio mu
WHERE mu.nm_mun = 'Vitória';",1
F0044,Qual a área aproximada (km²) da região central do município de Belo Horizonte?,Fácil,"SELECT mu.nm_mun, ROUND((ST_Area(ST_Transform(ST_Intersection(mu.geometry, ST_Buffer(ST_Centroid(mu.geometry), 0.1)), 5880)) / 1e6)::numeric, 2) AS area_inter_km2
FROM municipio mu
WHERE mu.nm_mun = 'Belo Horizonte';",1
F0045,Qual a área aproximada (km²) da região central do município de Recife?,Fácil,"SELECT mu.nm_mun, ROUND((ST_Area(ST_Transform(ST_Intersection(mu.geometry, ST_Buffer(ST_Centroid(mu.geometry), 0.1)), 5880)) / 1e6)::numeric, 2) AS area_inter_km2
FROM municipio mu
WHERE mu.nm_mun = 'Recife';",1
F0046,Qual a área aproximada (km²) da região central do município de Belém?,Fácil,"SELECT mu.nm_mun, ROUND((ST_Area(ST_Transform(ST_Intersection(mu.geometry, ST_Buffer(ST_Centroid(mu.geometry), 0.1)), 5880)) / 1e6)::numeric, 2) AS area_inter_km2
FROM municipio mu
WHERE mu.nm_mun = 'Belém';",1
F0047,Qual a área aproximada (km²) da região central do município de Palmas?,Fácil,"SELECT mu.nm_mun, ROUND((ST_Area(ST_Transform(ST_Intersection(mu.geometry, ST_Buffer(ST_Centroid(mu.geometry), 0.1)), 5880)) / 1e6)::numeric, 2) AS area_inter_km2
FROM municipio mu
WHERE mu.nm_mun = 'Palmas';",1
F0048,Qual a área aproximada (km²) da região central do município de São Paulo?,Fácil,"SELECT mu.nm_mun, ROUND((ST_Area(ST_Transform(ST_Intersection(mu.geometry, ST_Buffer(ST_Centroid(mu.geometry), 0.1)), 5880)) / 1e6)::numeric, 2) AS area_inter_km2
FROM municipio mu
WHERE mu.nm_mun = 'São Paulo';",1
F0049,Qual a área aproximada (km²) da região central do município de Aracaju?,Fácil,"SELECT mu.nm_mun, ROUND((ST_Area(ST_Transform(ST_Intersection(mu.geometry, ST_Buffer(ST_Centroid(mu.geometry), 0.1)), 5880)) / 1e6)::numeric, 2) AS area_inter_km2
FROM municipio mu
WHERE mu.nm_mun = 'Aracaju';",1
F0050,Qual a área aproximada (km²) da região central do município de Fortaleza?,Fácil,"SELECT mu.nm_mun, ROUND((ST_Area(ST_Transform(ST_Intersection(mu.geometry, ST_Buffer(ST_Centroid(mu.geometry), 0.1)), 5880)) / 1e6)::numeric, 2) AS area_inter_km2
FROM municipio mu
WHERE mu.nm_mun = 'Fortaleza';",1
F0051,Qual a área aproximada (km²) da região central do município de Salvador?,Fácil,"SELECT mu.nm_mun, ROUND((ST_Area(ST_Transform(ST_Intersection(mu.geometry, ST_Buffer(ST_Centroid(mu.geometry), 0.1)), 5880)) / 1e6)::numeric, 2) AS area_inter_km2
FROM municipio mu
WHERE mu.nm_mun = 'Salvador';",1
F0052,Qual a área aproximada (km²) da região central do município de Manaus?,Fácil,"SELECT mu.nm_mun, ROUND((ST_Area(ST_Transform(ST_Intersection(mu.geometry, ST_Buffer(ST_Centroid(mu.geometry), 0.1)), 5880)) / 1e6)::numeric, 2) AS area_inter_km2
FROM municipio mu
WHERE mu.nm_mun = 'Manaus';",1
F0053,Qual a área aproximada (km²) da região central do município de Uberlândia?,Fácil,"SELECT mu.nm_mun, ROUND((ST_Area(ST_Transform(ST_Intersection(mu.geometry, ST_Buffer(ST_Centroid(mu.geometry), 0.1)), 5880)) / 1e6)::numeric, 2) AS area_inter_km2
FROM municipio mu
WHERE mu.nm_mun = 'Uberlândia';",1
F0054,Qual a área aproximada (km²) da região central do município de Campo Grande?,Fácil,"SELECT mu.nm_mun, ROUND((ST_Area(ST_Transform(ST_Intersection(mu.geometry, ST_Buffer(ST_Centroid(mu.geometry), 0.1)), 5880)) / 1e6)::numeric, 2) AS area_inter_km2
FROM municipio mu
WHERE mu.nm_mun = 'Campo Grande';",1
F0055,Qual a área aproximada (km²) da região central do município de Porto Alegre?,Fácil,"SELECT mu.nm_mun, ROUND((ST_Area(ST_Transform(ST_Intersection(mu.geometry, ST_Buffer(ST_Centroid(mu.geometry), 0.1)), 5880)) / 1e6)::numeric, 2) AS area_inter_km2
FROM municipio mu
WHERE mu.nm_mun = 'Porto Alegre';",1
F0056,Qual a área aproximada (km²) da região central do município de Florianópolis?,Fácil,"SELECT mu.nm_mun, ROUND((ST_Area(ST_Transform(ST_Intersection(mu.geometry, ST_Buffer(ST_Centroid(mu.geometry), 0.1)), 5880)) / 1e6)::numeric, 2) AS area_inter_km2
FROM municipio mu
WHERE mu.nm_mun = 'Florianópolis';",1
F0057,Quais escolas estão a até 6 km do centro de Contagem?,Fácil,"SELECT e.nm_entidade
FROM escola e
WHERE ST_Intersects(ST_Buffer(ST_SetSRID(ST_MakePoint(-44.0528, -19.9497), 4674)::geography, 6000), e.geometry::geography);",1
F0058,Quais escolas estão a até 8 km do centro de Porto Alegre?,Fácil,"SELECT e.nm_entidade
FROM escola e
WHERE ST_Intersects(ST_Buffer(ST_SetSRID(ST_MakePoint(-51.2369, -30.0323), 4674)::geography, 8000), e.geometry::geography);",1
F0059,Quais escolas estão a até 3 km do centro de São Luís?,Fácil,"SELECT e.nm_entidade
FROM escola e
WHERE ST_Intersects(ST_Buffer(ST_SetSRID(ST_MakePoint(-44.3154, -2.5245), 4674)::geography, 3000), e.geometry::geography);",1
F0060,Quais escolas estão a até 5 km do centro de Manaus?,Fácil,"SELECT e.nm_entidade
FROM escola e
WHERE ST_Intersects(ST_Buffer(ST_SetSRID(ST_MakePoint(-60.032, -3.1192), 4674)::geography, 5000), e.geometry::geography);",1
F0061,Quais escolas estão a até 8 km do centro de Maceió?,Fácil,"SELECT e.nm_entidade
FROM escola e
WHERE ST_Intersects(ST_Buffer(ST_SetSRID(ST_MakePoint(-35.7335, -9.6636), 4674)::geography, 8000), e.geometry::geography);",1
F0062,Quais escolas estão a até 12 km do centro de São Luís?,Fácil,"SELECT e.nm_entidade
FROM escola e
WHERE ST_Intersects(ST_Buffer(ST_SetSRID(ST_MakePoint(-44.3005, -2.5291), 4674)::geography, 12000), e.geometry::geography);",1
F0063,Quais escolas estão a até 12 km do centro de Uberlândia?,Fácil,"SELECT e.nm_entidade
FROM escola e
WHERE ST_Intersects(ST_Buffer(ST_SetSRID(ST_MakePoint(-48.2844, -18.9099), 4674)::geography, 12000), e.geometry::geography);",1
F0064,Quais escolas estão a até 12 km do centro de Goiânia?,Fácil,"SELECT e.nm_entidade
FROM escola e
WHERE ST_Intersects(ST_Buffer(ST_SetSRID(ST_MakePoint(-49.2367, -16.6743), 4674)::geography, 12000), e.geometry::geography);",1
F0065,Quais escolas estão a até 6 km do centro de Vitória?,Fácil,"SELECT e.nm_entidade
FROM escola e
WHERE ST_Intersects(ST_Buffer(ST_SetSRID(ST_MakePoint(-40.3452, -20.3263), 4674)::geography, 6000), e.geometry::geography);",1
F0066,Quais escolas estão a até 3 km do centro de Manaus?,Fácil,"SELECT e.nm_entidade
FROM escola e
WHERE ST_Intersects(ST_Buffer(ST_SetSRID(ST_MakePoint(-60.0363, -3.0928), 4674)::geography, 3000), e.geometry::geography);",1
F0067,Quais escolas estão a até 12 km do centro de Belo Horizonte?,Fácil,"SELECT e.nm_entidade
FROM escola e
WHERE ST_Intersects(ST_Buffer(ST_SetSRID(ST_MakePoint(-43.9377, -19.913), 4674)::geography, 12000), e.geometry::geography);",1
F0068,Quais escolas estão a até 2 km do centro de Palmas?,Fácil,"SELECT e.nm_entidade
FROM escola e
WHERE ST_Intersects(ST_Buffer(ST_SetSRID(ST_MakePoint(-48.3314, -10.1896), 4674)::geography, 2000), e.geometry::geography);",1
F0069,Quais escolas estão a até 20 km do centro de Cuiabá?,Fácil,"SELECT e.nm_entidade
FROM escola e
WHERE ST_Intersects(ST_Buffer(ST_SetSRID(ST_MakePoint(-56.0989, -15.6178), 4674)::geography, 20000), e.geometry::geography);",1
F0070,Quais escolas estão a até 12 km do centro de Cuiabá?,Fácil,"SELECT e.nm_entidade
FROM escola e
WHERE ST_Intersects(ST_Buffer(ST_SetSRID(ST_MakePoint(-56.0956, -15.5849), 4674)::geography, 12000), e.geometry::geography);",1
F0071,Quais municípios de Pará têm área menor ou igual a 500 km²?,Fácil,"SELECT mu.nm_mun, ROUND((ST_Area(ST_Transform(mu.geometry, 5880)) / 1e6)::numeric, 2) AS area_km2
FROM municipio mu
JOIN unidade_federativa uf ON mu.cd_uf = uf.cd_uf
WHERE uf.nm_uf = 'Pará' AND ST_Area(ST_Transform(mu.geometry, 5880)) / 1e6 <= 500
ORDER BY area_km2;",1
F0072,Quais municípios de Acre têm área menor ou igual a 400 km²?,Fácil,"SELECT mu.nm_mun, ROUND((ST_Area(ST_Transform(mu.geometry, 5880)) / 1e6)::numeric, 2) AS area_km2
FROM municipio mu
JOIN unidade_federativa uf ON mu.cd_uf = uf.cd_uf
WHERE uf.nm_uf = 'Acre' AND ST_Area(ST_Transform(mu.geometry, 5880)) / 1e6 <= 400
ORDER BY area_km2;",1
F0073,Quais municípios de Rio Grande do Norte têm área menor ou igual a 120 km²?,Fácil,"SELECT mu.nm_mun, ROUND((ST_Area(ST_Transform(mu.geometry, 5880)) / 1e6)::numeric, 2) AS area_km2
FROM municipio mu
JOIN unidade_federativa uf ON mu.cd_uf = uf.cd_uf
WHERE uf.nm_uf = 'Rio Grande do Norte' AND ST_Area(ST_Transform(mu.geometry, 5880)) / 1e6 <= 120
ORDER BY area_km2;",1
F0074,Quais municípios de Pará têm área menor ou igual a 80 km²?,Fácil,"SELECT mu.nm_mun, ROUND((ST_Area(ST_Transform(mu.geometry, 5880)) / 1e6)::numeric, 2) AS area_km2
FROM municipio mu
JOIN unidade_federativa uf ON mu.cd_uf = uf.cd_uf
WHERE uf.nm_uf = 'Pará' AND ST_Area(ST_Transform(mu.geometry, 5880)) / 1e6 <= 80
ORDER BY area_km2;",1
F0075,Quais municípios de Paraná têm área menor ou igual a 200 km²?,Fácil,"SELECT mu.nm_mun, ROUND((ST_Area(ST_Transform(mu.geometry, 5880)) / 1e6)::numeric, 2) AS area_km2
FROM municipio mu
JOIN unidade_federativa uf ON mu.cd_uf = uf.cd_uf
WHERE uf.nm_uf = 'Paraná' AND ST_Area(ST_Transform(mu.geometry, 5880)) / 1e6 <= 200
ORDER BY area_km2;",1
F0076,Quais municípios de Amapá têm área menor ou igual a 150 km²?,Fácil,"SELECT mu.nm_mun, ROUND((ST_Area(ST_Transform(mu.geometry, 5880)) / 1e6)::numeric, 2) AS area_km2
FROM municipio mu
JOIN unidade_federativa uf ON mu.cd_uf = uf.cd_uf
WHERE uf.nm_uf = 'Amapá' AND ST_Area(ST_Transform(mu.geometry, 5880)) / 1e6 <= 150
ORDER BY area_km2;",1
F0077,Quais municípios de Goiás têm área menor ou igual a 100 km²?,Fácil,"SELECT mu.nm_mun, ROUND((ST_Area(ST_Transform(mu.geometry, 5880)) / 1e6)::numeric, 2) AS area_km2
FROM municipio mu
JOIN unidade_federativa uf ON mu.cd_uf = uf.cd_uf
WHERE uf.nm_uf = 'Goiás' AND ST_Area(ST_Transform(mu.geometry, 5880)) / 1e6 <= 100
ORDER BY area_km2;",1
F0078,Quais municípios de Goiás têm área menor ou igual a 250 km²?,Fácil,"SELECT mu.nm_mun, ROUND((ST_Area(ST_Transform(mu.geometry, 5880)) / 1e6)::numeric, 2) AS area_km2
FROM municipio mu
JOIN unidade_federativa uf ON mu.cd_uf = uf.cd_uf
WHERE uf.nm_uf = 'Goiás' AND ST_Area(ST_Transform(mu.geometry, 5880)) / 1e6 <= 250
ORDER BY area_km2;",1
F0079,Quais municípios de Mato Grosso têm área menor ou igual a 300 km²?,Fácil,"SELECT mu.nm_mun, ROUND((ST_Area(ST_Transform(mu.geometry, 5880)) / 1e6)::numeric, 2) AS area_km2
FROM municipio mu
JOIN unidade_federativa uf ON mu.cd_uf = uf.cd_uf
WHERE uf.nm_uf = 'Mato Grosso' AND ST_Area(ST_Transform(mu.geometry, 5880)) / 1e6 <= 300
ORDER BY area_km2;",1
F0080,Quais municípios de Maranhão têm área menor ou igual a 150 km²?,Fácil,"SELECT mu.nm_mun, ROUND((ST_Area(ST_Transform(mu.geometry, 5880)) / 1e6)::numeric, 2) AS area_km2
FROM municipio mu
JOIN unidade_federativa uf ON mu.cd_uf = uf.cd_uf
WHERE uf.nm_uf = 'Maranhão' AND ST_Area(ST_Transform(mu.geometry, 5880)) / 1e6 <= 150
ORDER BY area_km2;",1
F0081,Quais municípios de Acre têm área menor ou igual a 120 km²?,Fácil,"SELECT mu.nm_mun, ROUND((ST_Area(ST_Transform(mu.geometry, 5880)) / 1e6)::numeric, 2) AS area_km2
FROM municipio mu
JOIN unidade_federativa uf ON mu.cd_uf = uf.cd_uf
WHERE uf.nm_uf = 'Acre' AND ST_Area(ST_Transform(mu.geometry, 5880)) / 1e6 <= 120
ORDER BY area_km2;",1
F0082,Quais municípios de Maranhão têm área menor ou igual a 250 km²?,Fácil,"SELECT mu.nm_mun, ROUND((ST_Area(ST_Transform(mu.geometry, 5880)) / 1e6)::numeric, 2) AS area_km2
FROM municipio mu
JOIN unidade_federativa uf ON mu.cd_uf = uf.cd_uf
WHERE uf.nm_uf = 'Maranhão' AND ST_Area(ST_Transform(mu.geometry, 5880)) / 1e6 <= 250
ORDER BY area_km2;",1
F0083,Quais municípios de Maranhão têm área menor ou igual a 100 km²?,Fácil,"SELECT mu.nm_mun, ROUND((ST_Area(ST_Transform(mu.geometry, 5880)) / 1e6)::numeric, 2) AS area_km2
FROM municipio mu
JOIN unidade_federativa uf ON mu.cd_uf = uf.cd_uf
WHERE uf.nm_uf = 'Maranhão' AND ST_Area(ST_Transform(mu.geometry, 5880)) / 1e6 <= 100
ORDER BY area_km2;",1
F0084,Quais municípios de Piauí têm área menor ou igual a 500 km²?,Fácil,"SELECT mu.nm_mun, ROUND((ST_Area(ST_Transform(mu.geometry, 5880)) / 1e6)::numeric, 2) AS area_km2
FROM municipio mu
JOIN unidade_federativa uf ON mu.cd_uf = uf.cd_uf
WHERE uf.nm_uf = 'Piauí' AND ST_Area(ST_Transform(mu.geometry, 5880)) / 1e6 <= 500
ORDER BY area_km2;",1
F0085,Quais escolas estão localizadas no município de Campinas?,Fácil,"SELECT e.nm_entidade, e.cd_uf
FROM escola e
JOIN municipio mu ON ST_Contains(mu.geometry, e.geometry)
WHERE mu.nm_mun = 'Campinas';",1
F0086,Liste as escolas localizadas no município de Rio de Janeiro.,Fácil,"SELECT e.nm_entidade, e.cd_uf
FROM escola e
JOIN municipio mu ON ST_Contains(mu.geometry, e.geometry)
WHERE mu.nm_mun = 'Rio de Janeiro';",1
F0087,Liste as escolas localizadas no município de Recife.,Fácil,"SELECT e.nm_entidade, e.cd_uf
FROM escola e
JOIN municipio mu ON ST_Contains(mu.geometry, e.geometry)
WHERE mu.nm_mun = 'Recife';",1
F0088,Liste as escolas localizadas no município de São Paulo.,Fácil,"SELECT e.nm_entidade, e.cd_uf
FROM escola e
JOIN municipio mu ON ST_Contains(mu.geometry, e.geometry)
WHERE mu.nm_mun = 'São Paulo';",1
F0089,Liste as escolas localizadas no município de Porto Alegre.,Fácil,"SELECT e.nm_entidade, e.cd_uf
FROM escola e
JOIN municipio mu ON ST_Contains(mu.geometry, e.geometry)
WHERE mu.nm_mun = 'Porto Alegre';",1
F0090,Liste as escolas localizadas no município de São Luís.,Fácil,"SELECT e.nm_entidade, e.cd_uf
FROM escola e
JOIN municipio mu ON ST_Contains(mu.geometry, e.geometry)
WHERE mu.nm_mun = 'São Luís';",1
F0091,Liste as escolas localizadas no município de Campo Grande.,Fácil,"SELECT e.nm_entidade, e.cd_uf
FROM escola e
JOIN municipio mu ON ST_Contains(mu.geometry, e.geometry)
WHERE mu.nm_mun = 'Campo Grande';",1
F0092,Liste as escolas localizadas no município de Goiânia.,Fácil,"SELECT e.nm_entidade, e.cd_uf
FROM escola e
JOIN municipio mu ON ST_Contains(mu.geometry, e.geometry)
WHERE mu.nm_mun = 'Goiânia';",1
F0093,Quais escolas estão localizadas no município de Natal?,Fácil,"SELECT e.nm_entidade, e.cd_uf
FROM escola e
JOIN municipio mu ON ST_Contains(mu.geometry, e.geometry)
WHERE mu.nm_mun = 'Natal';",1
F0094,Quais escolas estão localizadas no município de Cuiabá?,Fácil,"SELECT e.nm_entidade, e.cd_uf
FROM escola e
JOIN municipio mu ON ST_Contains(mu.geometry, e.geometry)
WHERE mu.nm_mun = 'Cuiabá';",1
F0095,Quais escolas estão localizadas no município de Contagem?,Fácil,"SELECT e.nm_entidade, e.cd_uf
FROM escola e
JOIN municipio mu ON ST_Contains(mu.geometry, e.geometry)
WHERE mu.nm_mun = 'Contagem';",1
F0096,Liste as escolas localizadas no município de João Pessoa.,Fácil,"SELECT e.nm_entidade, e.cd_uf
FROM escola e
JOIN municipio mu ON ST_Contains(mu.geometry, e.geometry)
WHERE mu.nm_mun = 'João Pessoa';",1
F0097,Liste as escolas localizadas no município de Uberlândia.,Fácil,"SELECT e.nm_entidade, e.cd_uf
FROM escola e
JOIN municipio mu ON ST_Contains(mu.geometry, e.geometry)
WHERE mu.nm_mun = 'Uberlândia';",1
F0098,Quais escolas estão localizadas no município de Manaus?,Fácil,"SELECT e.nm_entidade, e.cd_uf
FROM escola e
JOIN municipio mu ON ST_Contains(mu.geometry, e.geometry)
WHERE mu.nm_mun = 'Manaus';",1
F0099,Quais escolas estão no território do município de São Luís?,Fácil,"SELECT e.nm_entidade, e.cd_uf
FROM escola e
JOIN municipio mu ON ST_Intersects(mu.geometry, e.geometry)
WHERE mu.nm_mun = 'São Luís';",1
F0100,Quais escolas estão no território do município de São Paulo?,Fácil,"SELECT e.nm_entidade, e.cd_uf
FROM escola e
JOIN municipio mu ON ST_Intersects(mu.geometry, e.geometry)
WHERE mu.nm_mun = 'São Paulo';",1
F0101,Liste as escolas no território do município de Contagem.,Fácil,"SELECT e.nm_entidade, e.cd_uf
FROM escola e
JOIN municipio mu ON ST_Intersects(mu.geometry, e.geometry)
WHERE mu.nm_mun = 'Contagem';",1
F0102,Quais escolas estão no território do município de Curitiba?,Fácil,"SELECT e.nm_entidade, e.cd_uf
FROM escola e
JOIN municipio mu ON ST_Intersects(mu.geometry, e.geometry)
WHERE mu.nm_mun = 'Curitiba';",1
F0103,Liste as escolas no território do município de Fortaleza.,Fácil,"SELECT e.nm_entidade, e.cd_uf
FROM escola e
JOIN municipio mu ON ST_Intersects(mu.geometry, e.geometry)
WHERE mu.nm_mun = 'Fortaleza';",1
F0104,Quais escolas estão no território do município de Belém?,Fácil,"SELECT e.nm_entidade, e.cd_uf
FROM escola e
JOIN municipio mu ON ST_Intersects(mu.geometry, e.geometry)
WHERE mu.nm_mun = 'Belém';",1
F0105,Quais escolas estão no território do município de Florianópolis?,Fácil,"SELECT e.nm_entidade, e.cd_uf
FROM escola e
JOIN municipio mu ON ST_Intersects(mu.geometry, e.geometry)
WHERE mu.nm_mun = 'Florianópolis';",1
F0106,Liste as escolas no território do município de Porto Alegre.,Fácil,"SELECT e.nm_entidade, e.cd_uf
FROM escola e
JOIN municipio mu ON ST_Intersects(mu.geometry, e.geometry)
WHERE mu.nm_mun = 'Porto Alegre';",1
F0107,Quais escolas estão no território do município de Salvador?,Fácil,"SELECT e.nm_entidade, e.cd_uf
FROM escola e
JOIN municipio mu ON ST_Intersects(mu.geometry, e.geometry)
WHERE mu.nm_mun = 'Salvador';",1
F0108,Quais escolas estão no território do município de Goiânia?,Fácil,"SELECT e.nm_entidade, e.cd_uf
FROM escola e
JOIN municipio mu ON ST_Intersects(mu.geometry, e.geometry)
WHERE mu.nm_mun = 'Goiânia';",1
F0109,Quais escolas estão no território do município de Natal?,Fácil,"SELECT e.nm_entidade, e.cd_uf
FROM escola e
JOIN municipio mu ON ST_Intersects(mu.geometry, e.geometry)
WHERE mu.nm_mun = 'Natal';",1
F0110,Liste as escolas no território do município de Uberlândia.,Fácil,"SELECT e.nm_entidade, e.cd_uf
FROM escola e
JOIN municipio mu ON ST_Intersects(mu.geometry, e.geometry)
WHERE mu.nm_mun = 'Uberlândia';",1
F0111,Liste as escolas no território do município de Manaus.,Fácil,"SELECT e.nm_entidade, e.cd_uf
FROM escola e
JOIN municipio mu ON ST_Intersects(mu.geometry, e.geometry)
WHERE mu.nm_mun = 'Manaus';",1
F0112,Quais escolas estão no território do município de Aracaju?,Fácil,"SELECT e.nm_entidade, e.cd_uf
FROM escola e
JOIN municipio mu ON ST_Intersects(mu.geometry, e.geometry)
WHERE mu.nm_mun = 'Aracaju';",1
F0113,Liste as escolas dentro do município de João Pessoa.,Fácil,"SELECT e.nm_entidade, e.cd_uf
FROM escola e
JOIN municipio mu ON ST_Within(e.geometry, mu.geometry)
WHERE mu.nm_mun = 'João Pessoa';",1
F0114,Liste as escolas dentro do município de Belo Horizonte.,Fácil,"SELECT e.nm_entidade, e.cd_uf
FROM escola e
JOIN municipio mu ON ST_Within(e.geometry, mu.geometry)
WHERE mu.nm_mun = 'Belo Horizonte';",1
F0115,Quais escolas estão dentro do município de Cuiabá?,Fácil,"SELECT e.nm_entidade, e.cd_uf
FROM escola e
JOIN municipio mu ON ST_Within(e.geometry, mu.geometry)
WHERE mu.nm_mun = 'Cuiabá';",1
F0116,Liste as escolas dentro do município de Natal.,Fácil,"SELECT e.nm_entidade, e.cd_uf
FROM escola e
JOIN municipio mu ON ST_Within(e.geometry, mu.geometry)
WHERE mu.nm_mun = 'Natal';",1
F0117,Liste as escolas dentro do município de Manaus.,Fácil,"SELECT e.nm_entidade, e.cd_uf
FROM escola e
JOIN municipio mu ON ST_Within(e.geometry, mu.geometry)
WHERE mu.nm_mun = 'Manaus';",1
F0118,Quais escolas estão dentro do município de Palmas?,Fácil,"SELECT e.nm_entidade, e.cd_uf
FROM escola e
JOIN municipio mu ON ST_Within(e.geometry, mu.geometry)
WHERE mu.nm_mun = 'Palmas';",1
F0119,Quais escolas estão dentro do município de Campinas?,Fácil,"SELECT e.nm_entidade, e.cd_uf
FROM escola e
JOIN municipio mu ON ST_Within(e.geometry, mu.geometry)
WHERE mu.nm_mun = 'Campinas';",1
F0120,Quais escolas estão dentro do município de Florianópolis?,Fácil,"SELECT e.nm_entidade, e.cd_uf
FROM escola e
JOIN municipio mu ON ST_Within(e.geometry, mu.geometry)
WHERE mu.nm_mun = 'Florianópolis';",1
F0121,Quais escolas estão dentro do município de Porto Alegre?,Fácil,"SELECT e.nm_entidade, e.cd_uf
FROM escola e
JOIN municipio mu ON ST_Within(e.geometry, mu.geometry)
WHERE mu.nm_mun = 'Porto Alegre';",1
F0122,Quais escolas estão dentro do município de Campo Grande?,Fácil,"SELECT e.nm_entidade, e.cd_uf
FROM escola e
JOIN municipio mu ON ST_Within(e.geometry, mu.geometry)
WHERE mu.nm_mun = 'Campo Grande';",1
F0123,Quais escolas estão dentro do município de Goiânia?,Fácil,"SELECT e.nm_entidade, e.cd_uf
FROM escola e
JOIN municipio mu ON ST_Within(e.geometry, mu.geometry)
WHERE mu.nm_mun = 'Goiânia';",1
F0124,Quais escolas estão dentro do município de Belém?,Fácil,"SELECT e.nm_entidade, e.cd_uf
FROM escola e
JOIN municipio mu ON ST_Within(e.geometry, mu.geometry)
WHERE mu.nm_mun = 'Belém';",1
F0125,Liste as escolas dentro do município de São Paulo.,Fácil,"SELECT e.nm_entidade, e.cd_uf
FROM escola e
JOIN municipio mu ON ST_Within(e.geometry, mu.geometry)
WHERE mu.nm_mun = 'São Paulo';",1
F0126,Liste as escolas dentro do município de Vitória.,Fácil,"SELECT e.nm_entidade, e.cd_uf
FROM escola e
JOIN municipio mu ON ST_Within(e.geometry, mu.geometry)
WHERE mu.nm_mun = 'Vitória';",1
F0127,Quais escolas estão a até 6 km do centro de Rio de Janeiro?,Fácil,"SELECT e.nm_entidade
FROM escola e
JOIN microdados_ed_basica md ON e.cd_entidade = md.cd_entidade
WHERE ST_DWithin(e.geometry::geography, ST_SetSRID(ST_MakePoint(-43.1957, -22.9182), 4674)::geography, 6000);",1
F0128,Liste as escolas a no máximo 6 km do centro de João Pessoa.,Fácil,"SELECT e.nm_entidade
FROM escola e
JOIN microdados_ed_basica md ON e.cd_entidade = md.cd_entidade
WHERE ST_DWithin(e.geometry::geography, ST_SetSRID(ST_MakePoint(-34.8779, -7.1017), 4674)::geography, 6000);",1
F0129,Quais escolas estão a até 5 km do centro de Contagem?,Fácil,"SELECT e.nm_entidade
FROM escola e
JOIN microdados_ed_basica md ON e.cd_entidade = md.cd_entidade
WHERE ST_DWithin(e.geometry::geography, ST_SetSRID(ST_MakePoint(-44.0336, -19.9149), 4674)::geography, 5000);",1
F0130,Quais escolas estão a até 2 km do centro de Natal?,Fácil,"SELECT e.nm_entidade
FROM escola e
JOIN microdados_ed_basica md ON e.cd_entidade = md.cd_entidade
WHERE ST_DWithin(e.geometry::geography, ST_SetSRID(ST_MakePoint(-35.2167, -5.8004), 4674)::geography, 2000);",1
F0131,Quais escolas estão a até 4 km do centro de Recife?,Fácil,"SELECT e.nm_entidade
FROM escola e
JOIN microdados_ed_basica md ON e.cd_entidade = md.cd_entidade
WHERE ST_DWithin(e.geometry::geography, ST_SetSRID(ST_MakePoint(-34.8657, -8.0696), 4674)::geography, 4000);",1
F0132,Quais escolas estão a até 6 km do centro de Campo Grande?,Fácil,"SELECT e.nm_entidade
FROM escola e
JOIN microdados_ed_basica md ON e.cd_entidade = md.cd_entidade
WHERE ST_DWithin(e.geometry::geography, ST_SetSRID(ST_MakePoint(-54.6443, -20.464), 4674)::geography, 6000);",1
F0133,Quais escolas estão a até 10 km do centro de Goiânia?,Fácil,"SELECT e.nm_entidade
FROM escola e
JOIN microdados_ed_basica md ON e.cd_entidade = md.cd_entidade
WHERE ST_DWithin(e.geometry::geography, ST_SetSRID(ST_MakePoint(-49.261, -16.6927), 4674)::geography, 10000);",1
F0134,Quais escolas estão a até 8 km do centro de São Paulo?,Fácil,"SELECT e.nm_entidade
FROM escola e
JOIN microdados_ed_basica md ON e.cd_entidade = md.cd_entidade
WHERE ST_DWithin(e.geometry::geography, ST_SetSRID(ST_MakePoint(-46.6225, -23.5566), 4674)::geography, 8000);",1
F0135,Quais escolas estão a até 20 km do centro de Maceió?,Fácil,"SELECT e.nm_entidade
FROM escola e
JOIN microdados_ed_basica md ON e.cd_entidade = md.cd_entidade
WHERE ST_DWithin(e.geometry::geography, ST_SetSRID(ST_MakePoint(-35.7255, -9.651), 4674)::geography, 20000);",1
F0136,Quais escolas estão a até 8 km do centro de Salvador?,Fácil,"SELECT e.nm_entidade
FROM escola e
JOIN microdados_ed_basica md ON e.cd_entidade = md.cd_entidade
WHERE ST_DWithin(e.geometry::geography, ST_SetSRID(ST_MakePoint(-38.5048, -12.9677), 4674)::geography, 8000);",1
F0137,Quais escolas estão a até 2 km do centro de Uberlândia?,Fácil,"SELECT e.nm_entidade
FROM escola e
JOIN microdados_ed_basica md ON e.cd_entidade = md.cd_entidade
WHERE ST_DWithin(e.geometry::geography, ST_SetSRID(ST_MakePoint(-48.2801, -18.9245), 4674)::geography, 2000);",1
F0138,Liste as escolas a no máximo 15 km do centro de São Luís.,Fácil,"SELECT e.nm_entidade
FROM escola e
JOIN microdados_ed_basica md ON e.cd_entidade = md.cd_entidade
WHERE ST_DWithin(e.geometry::geography, ST_SetSRID(ST_MakePoint(-44.3286, -2.5358), 4674)::geography, 15000);",1
F0139,Liste as escolas a no máximo 20 km do centro de Belém.,Fácil,"SELECT e.nm_entidade
FROM escola e
JOIN microdados_ed_basica md ON e.cd_entidade = md.cd_entidade
WHERE ST_DWithin(e.geometry::geography, ST_SetSRID(ST_MakePoint(-48.5019, -1.4734), 4674)::geography, 20000);",1
F0140,Quais escolas estão a até 4 km do centro de Contagem?,Fácil,"SELECT e.nm_entidade
FROM escola e
JOIN microdados_ed_basica md ON e.cd_entidade = md.cd_entidade
WHERE ST_DWithin(e.geometry::geography, ST_SetSRID(ST_MakePoint(-44.0485, -19.9258), 4674)::geography, 4000);",1
F0141,Quais escolas estão a até 6 km do centro de Belo Horizonte?,Fácil,"SELECT e.nm_entidade
FROM escola e
JOIN microdados_ed_basica md ON e.cd_entidade = md.cd_entidade
WHERE ST_DWithin(e.geometry::geography, ST_SetSRID(ST_MakePoint(-43.9358, -19.9097), 4674)::geography, 6000);",1
F0142,Quais escolas estão a até 5 km do centro de Curitiba?,Fácil,"SELECT e.nm_entidade
FROM escola e
JOIN microdados_ed_basica md ON e.cd_entidade = md.cd_entidade
WHERE ST_DWithin(e.geometry::geography, ST_SetSRID(ST_MakePoint(-49.2669, -25.4321), 4674)::geography, 5000);",1
F0143,Quais escolas estão a até 15 km do centro de Florianópolis?,Fácil,"SELECT e.nm_entidade
FROM escola e
JOIN microdados_ed_basica md ON e.cd_entidade = md.cd_entidade
WHERE ST_DWithin(e.geometry::geography, ST_SetSRID(ST_MakePoint(-48.5462, -27.5701), 4674)::geography, 15000);",1
F0144,Quais escolas estão a até 5 km do centro de Maceió?,Fácil,"SELECT e.nm_entidade
FROM escola e
JOIN microdados_ed_basica md ON e.cd_entidade = md.cd_entidade
WHERE ST_DWithin(e.geometry::geography, ST_SetSRID(ST_MakePoint(-35.7379, -9.656), 4674)::geography, 5000);",1
F0145,Liste as escolas a no máximo 3 km do centro de João Pessoa.,Fácil,"SELECT e.nm_entidade
FROM escola e
JOIN microdados_ed_basica md ON e.cd_entidade = md.cd_entidade
WHERE ST_DWithin(e.geometry::geography, ST_SetSRID(ST_MakePoint(-34.8699, -7.11), 4674)::geography, 3000);",1
F0146,Liste as escolas a no máximo 12 km do centro de Salvador.,Fácil,"SELECT e.nm_entidade
FROM escola e
JOIN microdados_ed_basica md ON e.cd_entidade = md.cd_entidade
WHERE ST_DWithin(e.geometry::geography, ST_SetSRID(ST_MakePoint(-38.5257, -12.9641), 4674)::geography, 12000);",1
F0147,Liste as escolas a no máximo 8 km do centro de Vitória.,Fácil,"SELECT e.nm_entidade
FROM escola e
JOIN microdados_ed_basica md ON e.cd_entidade = md.cd_entidade
WHERE ST_DWithin(e.geometry::geography, ST_SetSRID(ST_MakePoint(-40.3315, -20.3289), 4674)::geography, 8000);",1
F0148,Liste as escolas a no máximo 4 km do centro de São Paulo.,Fácil,"SELECT e.nm_entidade
FROM escola e
JOIN microdados_ed_basica md ON e.cd_entidade = md.cd_entidade
WHERE ST_DWithin(e.geometry::geography, ST_SetSRID(ST_MakePoint(-46.6293, -23.5607), 4674)::geography, 4000);",1
F0149,Liste as escolas a no máximo 20 km do centro de São Paulo.,Fácil,"SELECT e.nm_entidade
FROM escola e
JOIN microdados_ed_basica md ON e.cd_entidade = md.cd_entidade
WHERE ST_DWithin(e.geometry::geography, ST_SetSRID(ST_MakePoint(-46.622, -23.558), 4674)::geography, 20000);",1
F0150,Quais escolas estão a até 10 km do centro de Palmas?,Fácil,"SELECT e.nm_entidade
FROM escola e
JOIN microdados_ed_basica md ON e.cd_entidade = md.cd_entidade
WHERE ST_DWithin(e.geometry::geography, ST_SetSRID(ST_MakePoint(-48.3298, -10.1905), 4674)::geography, 10000);",1
F0151,Liste as escolas a no máximo 6 km do centro de Campinas.,Fácil,"SELECT e.nm_entidade
FROM escola e
JOIN microdados_ed_basica md ON e.cd_entidade = md.cd_entidade
WHERE ST_DWithin(e.geometry::geography, ST_SetSRID(ST_MakePoint(-47.0505, -22.9138), 4674)::geography, 6000);",1
F0152,Liste as escolas a no máximo 3 km do centro de São Luís.,Fácil,"SELECT e.nm_entidade
FROM escola e
JOIN microdados_ed_basica md ON e.cd_entidade = md.cd_entidade
WHERE ST_DWithin(e.geometry::geography, ST_SetSRID(ST_MakePoint(-44.3186, -2.5225), 4674)::geography, 3000);",1
F0153,Liste as escolas a no máximo 8 km do centro de Cuiabá.,Fácil,"SELECT e.nm_entidade
FROM escola e
JOIN microdados_ed_basica md ON e.cd_entidade = md.cd_entidade
WHERE ST_DWithin(e.geometry::geography, ST_SetSRID(ST_MakePoint(-56.1133, -15.5996), 4674)::geography, 8000);",1
F0154,Liste as escolas a no máximo 20 km do centro de João Pessoa.,Fácil,"SELECT e.nm_entidade
FROM escola e
JOIN microdados_ed_basica md ON e.cd_entidade = md.cd_entidade
WHERE ST_DWithin(e.geometry::geography, ST_SetSRID(ST_MakePoint(-34.8578, -7.1106), 4674)::geography, 20000);",1
F0155,Qual a área em km² de cada município de Paraná?,Fácil,"SELECT mu.nm_mun, ROUND((ST_Area(ST_Transform(mu.geometry, 5880)) / 1e6)::numeric, 2) AS area_km2
FROM municipio mu
JOIN unidade_federativa uf ON mu.cd_uf = uf.cd_uf
WHERE uf.nm_uf = 'Paraná'
ORDER BY area_km2 DESC;",1
F0156,Qual a área em km² de cada município de Rio Grande do Sul?,Fácil,"SELECT mu.nm_mun, ROUND((ST_Area(ST_Transform(mu.geometry, 5880)) / 1e6)::numeric, 2) AS area_km2
FROM municipio mu
JOIN unidade_federativa uf ON mu.cd_uf = uf.cd_uf
WHERE uf.nm_uf = 'Rio Grande do Sul'
ORDER BY area_km2 DESC;",1
F0157,Qual a área em km² de cada município de São Paulo?,Fácil,"SELECT mu.nm_mun, ROUND((ST_Area(ST_Transform(mu.geometry, 5880)) / 1e6)::numeric, 2) AS area_km2
FROM municipio mu
JOIN unidade_federativa uf ON mu.cd_uf = uf.cd_uf
WHERE uf.nm_uf = 'São Paulo'
ORDER BY area_km2 DESC;",1
F0158,Qual a área em km² de cada município de Espírito Santo?,Fácil,"SELECT mu.nm_mun, ROUND((ST_Area(ST_Transform(mu.geometry, 5880)) / 1e6)::numeric, 2) AS area_km2
FROM municipio mu
JOIN unidade_federativa uf ON mu.cd_uf = uf.cd_uf
WHERE uf.nm_uf = 'Espírito Santo'
ORDER BY area_km2 DESC;",1
F0159,Qual a área em km² de cada município de Amazonas?,Fácil,"SELECT mu.nm_mun, ROUND((ST_Area(ST_Transform(mu.geometry, 5880)) / 1e6)::numeric, 2) AS area_km2
FROM municipio mu
JOIN unidade_federativa uf ON mu.cd_uf = uf.cd_uf
WHERE uf.nm_uf = 'Amazonas'
ORDER BY area_km2 DESC;",1
F0160,Qual a área em km² de cada município de Rondônia?,Fácil,"SELECT mu.nm_mun, ROUND((ST_Area(ST_Transform(mu.geometry, 5880)) / 1e6)::numeric, 2) AS area_km2
FROM municipio mu
JOIN unidade_federativa uf ON mu.cd_uf = uf.cd_uf
WHERE uf.nm_uf = 'Rondônia'
ORDER BY area_km2 DESC;",1
F0161,Qual a área em km² de cada município de Sergipe?,Fácil,"SELECT mu.nm_mun, ROUND((ST_Area(ST_Transform(mu.geometry, 5880)) / 1e6)::numeric, 2) AS area_km2
FROM municipio mu
JOIN unidade_federativa uf ON mu.cd_uf = uf.cd_uf
WHERE uf.nm_uf = 'Sergipe'
ORDER BY area_km2 DESC;",1
F0162,Qual a área em km² de cada município de Paraíba?,Fácil,"SELECT mu.nm_mun, ROUND((ST_Area(ST_Transform(mu.geometry, 5880)) / 1e6)::numeric, 2) AS area_km2
FROM municipio mu
JOIN unidade_federativa uf ON mu.cd_uf = uf.cd_uf
WHERE uf.nm_uf = 'Paraíba'
ORDER BY area_km2 DESC;",1
F0163,Qual a área em km² de cada município de Acre?,Fácil,"SELECT mu.nm_mun, ROUND((ST_Area(ST_Transform(mu.geometry, 5880)) / 1e6)::numeric, 2) AS area_km2
FROM municipio mu
JOIN unidade_federativa uf ON mu.cd_uf = uf.cd_uf
WHERE uf.nm_uf = 'Acre'
ORDER BY area_km2 DESC;",1
F0164,Qual a área em km² de cada município de Minas Gerais?,Fácil,"SELECT mu.nm_mun, ROUND((ST_Area(ST_Transform(mu.geometry, 5880)) / 1e6)::numeric, 2) AS area_km2
FROM municipio mu
JOIN unidade_federativa uf ON mu.cd_uf = uf.cd_uf
WHERE uf.nm_uf = 'Minas Gerais'
ORDER BY area_km2 DESC;",1
F0165,Qual a área em km² de cada município de Mato Grosso?,Fácil,"SELECT mu.nm_mun, ROUND((ST_Area(ST_Transform(mu.geometry, 5880)) / 1e6)::numeric, 2) AS area_km2
FROM municipio mu
JOIN unidade_federativa uf ON mu.cd_uf = uf.cd_uf
WHERE uf.nm_uf = 'Mato Grosso'
ORDER BY area_km2 DESC;",1
F0166,Qual a área em km² de cada município de Maranhão?,Fácil,"SELECT mu.nm_mun, ROUND((ST_Area(ST_Transform(mu.geometry, 5880)) / 1e6)::numeric, 2) AS area_km2
FROM municipio mu
JOIN unidade_federativa uf ON mu.cd_uf = uf.cd_uf
WHERE uf.nm_uf = 'Maranhão'
ORDER BY area_km2 DESC;",1
F0167,Qual a área em km² de cada município de Ceará?,Fácil,"SELECT mu.nm_mun, ROUND((ST_Area(ST_Transform(mu.geometry, 5880)) / 1e6)::numeric, 2) AS area_km2
FROM municipio mu
JOIN unidade_federativa uf ON mu.cd_uf = uf.cd_uf
WHERE uf.nm_uf = 'Ceará'
ORDER BY area_km2 DESC;",1
F0168,Qual a área em km² de cada município de Bahia?,Fácil,"SELECT mu.nm_mun, ROUND((ST_Area(ST_Transform(mu.geometry, 5880)) / 1e6)::numeric, 2) AS area_km2
FROM municipio mu
JOIN unidade_federativa uf ON mu.cd_uf = uf.cd_uf
WHERE uf.nm_uf = 'Bahia'
ORDER BY area_km2 DESC;",1
M0001,"Em São Luís, quais escolas com parque infantil estão a até 15 km do centro do município?",Médio,"SELECT e.nm_entidade, mu.nm_mun
FROM escola e
JOIN microdados_ed_basica md ON e.cd_entidade = md.cd_entidade
JOIN municipio mu ON ST_Contains(mu.geometry, e.geometry)
WHERE mu.nm_mun = 'São Luís' AND md.in_parque_infantil = 1
  AND ST_DWithin(e.geometry::geography, ST_Centroid(mu.geometry)::geography, 15000);",1
M0002,"Em Salvador, quais escolas com quadra de esportes coberta estão a até 4 km do centro do município?",Médio,"SELECT e.nm_entidade, mu.nm_mun
FROM escola e
JOIN microdados_ed_basica md ON e.cd_entidade = md.cd_entidade
JOIN municipio mu ON ST_Contains(mu.geometry, e.geometry)
WHERE mu.nm_mun = 'Salvador' AND md.in_quadra_esportes_coberta = 1
  AND ST_DWithin(e.geometry::geography, ST_Centroid(mu.geometry)::geography, 4000);",1
M0003,"Em João Pessoa, quais escolas com quadra de esportes estão a até 10 km do centro do município?",Médio,"SELECT e.nm_entidade, mu.nm_mun
FROM escola e
JOIN microdados_ed_basica md ON e.cd_entidade = md.cd_entidade
JOIN municipio mu ON ST_Contains(mu.geometry, e.geometry)
WHERE mu.nm_mun = 'João Pessoa' AND md.in_quadra_esportes = 1
  AND ST_DWithin(e.geometry::geography, ST_Centroid(mu.geometry)::geography, 10000);",1
M0004,"Em Teresina, quais escolas com internet de banda larga estão a até 3 km do centro do município?",Médio,"SELECT e.nm_entidade, mu.nm_mun
FROM escola e
JOIN microdados_ed_basica md ON e.cd_entidade = md.cd_entidade
JOIN municipio mu ON ST_Contains(mu.geometry, e.geometry)
WHERE mu.nm_mun = 'Teresina' AND md.in_banda_larga = 1
  AND ST_DWithin(e.geometry::geography, ST_Centroid(mu.geometry)::geography, 3000);",1
M0005,"Em Maceió, quais escolas com parque infantil estão a até 4 km do centro do município?",Médio,"SELECT e.nm_entidade, mu.nm_mun
FROM escola e
JOIN microdados_ed_basica md ON e.cd_entidade = md.cd_entidade
JOIN municipio mu ON ST_Contains(mu.geometry, e.geometry)
WHERE mu.nm_mun = 'Maceió' AND md.in_parque_infantil = 1
  AND ST_DWithin(e.geometry::geography, ST_Centroid(mu.geometry)::geography, 4000);",1
M0006,"Em Contagem, quais escolas com banheiro adaptado para PNE estão a até 20 km do centro do município?",Médio,"SELECT e.nm_entidade, mu.nm_mun
FROM escola e
JOIN microdados_ed_basica md ON e.cd_entidade = md.cd_entidade
JOIN municipio mu ON ST_Contains(mu.geometry, e.geometry)
WHERE mu.nm_mun = 'Contagem' AND md.in_banheiro_pne = 1
  AND ST_DWithin(e.geometry::geography, ST_Centroid(mu.geometry)::geography, 20000);",1
M0007,"Em São Luís, quais escolas com internet de banda larga estão a até 12 km do centro do município?",Médio,"SELECT e.nm_entidade, mu.nm_mun
FROM escola e
JOIN microdados_ed_basica md ON e.cd_entidade = md.cd_entidade
JOIN municipio mu ON ST_Contains(mu.geometry, e.geometry)
WHERE mu.nm_mun = 'São Luís' AND md.in_banda_larga = 1
  AND ST_DWithin(e.geometry::geography, ST_Centroid(mu.geometry)::geography, 12000);",1
M0008,"Em João Pessoa, quais escolas com rampas de acessibilidade estão a até 8 km do centro do município?",Médio,"SELECT e.nm_entidade, mu.nm_mun
FROM escola e
JOIN microdados_ed_basica md ON e.cd_entidade = md.cd_entidade
JOIN municipio mu ON ST_Contains(mu.geometry, e.geometry)
WHERE mu.nm_mun = 'João Pessoa' AND md.in_acessibilidade_rampas = 1
  AND ST_DWithin(e.geometry::geography, ST_Centroid(mu.geometry)::geography, 8000);",1
M0009,"Em Natal, quais escolas com água potável estão a até 2 km do centro do município?",Médio,"SELECT e.nm_entidade, mu.nm_mun
FROM escola e
JOIN microdados_ed_basica md ON e.cd_entidade = md.cd_entidade
JOIN municipio mu ON ST_Contains(mu.geometry, e.geometry)
WHERE mu.nm_mun = 'Natal' AND md.in_agua_potavel = 1
  AND ST_DWithin(e.geometry::geography, ST_Centroid(mu.geometry)::geography, 2000);",1
M0010,"Em Recife, quais escolas com internet de banda larga estão a até 2 km do centro do município?",Médio,"SELECT e.nm_entidade, mu.nm_mun
FROM escola e
JOIN microdados_ed_basica md ON e.cd_entidade = md.cd_entidade
JOIN municipio mu ON ST_Contains(mu.geometry, e.geometry)
WHERE mu.nm_mun = 'Recife' AND md.in_banda_larga = 1
  AND ST_DWithin(e.geometry::geography, ST_Centroid(mu.geometry)::geography, 2000);",1
M0011,"Em Uberlândia, quais escolas com parque infantil estão a até 3 km do centro do município?",Médio,"SELECT e.nm_entidade, mu.nm_mun
FROM escola e
JOIN microdados_ed_basica md ON e.cd_entidade = md.cd_entidade
JOIN municipio mu ON ST_Contains(mu.geometry, e.geometry)
WHERE mu.nm_mun = 'Uberlândia' AND md.in_parque_infantil = 1
  AND ST_DWithin(e.geometry::geography, ST_Centroid(mu.geometry)::geography, 3000);",1
M0012,"Em Porto Alegre, quais escolas com laboratório de informática estão a até 6 km do centro do município?",Médio,"SELECT e.nm_entidade, mu.nm_mun
FROM escola e
JOIN microdados_ed_basica md ON e.cd_entidade = md.cd_entidade
JOIN municipio mu ON ST_Contains(mu.geometry, e.geometry)
WHERE mu.nm_mun = 'Porto Alegre' AND md.in_laboratorio_informatica = 1
  AND ST_DWithin(e.geometry::geography, ST_Centroid(mu.geometry)::geography, 6000);",1
M0013,"Em Palmas, quais escolas com internet de banda larga estão a até 3 km do centro do município?",Médio,"SELECT e.nm_entidade, mu.nm_mun
FROM escola e
JOIN microdados_ed_basica md ON e.cd_entidade = md.cd_entidade
JOIN municipio mu ON ST_Contains(mu.geometry, e.geometry)
WHERE mu.nm_mun = 'Palmas' AND md.in_banda_larga = 1
  AND ST_DWithin(e.geometry::geography, ST_Centroid(mu.geometry)::geography, 3000);",1
M0014,"Em Aracaju, quais escolas com esgoto da rede pública estão a até 20 km do centro do município?",Médio,"SELECT e.nm_entidade, mu.nm_mun
FROM escola e
JOIN microdados_ed_basica md ON e.cd_entidade = md.cd_entidade
JOIN municipio mu ON ST_Contains(mu.geometry, e.geometry)
WHERE mu.nm_mun = 'Aracaju' AND md.in_esgoto_rede_publica = 1
  AND ST_DWithin(e.geometry::geography, ST_Centroid(mu.geometry)::geography, 20000);",1
M0015,"Quais escolas com cozinha em Natal, e a que distância em metros do centro do município?",Médio,"SELECT e.nm_entidade, mu.nm_mun,
       ROUND(ST_Distance(e.geometry::geography, ST_SetSRID(ST_MakePoint(-35.2091, -5.7734), 4674)::geography)::numeric, 2) AS dist_m
FROM escola e
JOIN microdados_ed_basica md ON e.cd_entidade = md.cd_entidade
JOIN municipio mu ON ST_Contains(mu.geometry, e.geometry)
WHERE mu.nm_mun = 'Natal' AND md.in_cozinha = 1
ORDER BY dist_m ASC;",1
M0016,"Quais escolas com esgoto da rede pública em Porto Alegre, e a que distância em metros do centro do município?",Médio,"SELECT e.nm_entidade, mu.nm_mun,
       ROUND(ST_Distance(e.geometry::geography, ST_SetSRID(ST_MakePoint(-51.2384, -30.0209), 4674)::geography)::numeric, 2) AS dist_m
FROM escola e
JOIN microdados_ed_basica md ON e.cd_entidade = md.cd_entidade
JOIN municipio mu ON ST_Contains(mu.geometry, e.geometry)
WHERE mu.nm_mun = 'Porto Alegre' AND md.in_esgoto_rede_publica = 1
ORDER BY dist_m ASC;",1
M0017,"Quais escolas com parque infantil em São Luís, e a que distância em metros do centro do município?",Médio,"SELECT e.nm_entidade, mu.nm_mun,
       ROUND(ST_Distance(e.geometry::geography, ST_SetSRID(ST_MakePoint(-44.3165, -2.5167), 4674)::geography)::numeric, 2) AS dist_m
FROM escola e
JOIN microdados_ed_basica md ON e.cd_entidade = md.cd_entidade
JOIN municipio mu ON ST_Contains(mu.geometry, e.geometry)
WHERE mu.nm_mun = 'São Luís' AND md.in_parque_infantil = 1
ORDER BY dist_m ASC;",1
M0018,"Quais escolas com alimentação escolar em Vitória, e a que distância em metros do centro do município?",Médio,"SELECT e.nm_entidade, mu.nm_mun,
       ROUND(ST_Distance(e.geometry::geography, ST_SetSRID(ST_MakePoint(-40.3298, -20.3224), 4674)::geography)::numeric, 2) AS dist_m
FROM escola e
JOIN microdados_ed_basica md ON e.cd_entidade = md.cd_entidade
JOIN municipio mu ON ST_Contains(mu.geometry, e.geometry)
WHERE mu.nm_mun = 'Vitória' AND md.in_alimentacao = 1
ORDER BY dist_m ASC;",1
M0019,"Quais escolas com laboratório de ciências em Rio de Janeiro, e a que distância em metros do centro do município?",Médio,"SELECT e.nm_entidade, mu.nm_mun,
       ROUND(ST_Distance(e.geometry::geography, ST_SetSRID(ST_MakePoint(-43.1957, -22.9098), 4674)::geography)::numeric, 2) AS dist_m
FROM escola e
JOIN microdados_ed_basica md ON e.cd_entidade = md.cd_entidade
JOIN municipio mu ON ST_Contains(mu.geometry, e.geometry)
WHERE mu.nm_mun = 'Rio de Janeiro' AND md.in_laboratorio_ciencias = 1
ORDER BY dist_m ASC;",1
M0020,"Quais escolas com auditório em Campo Grande, e a que distância em metros do centro do município?",Médio,"SELECT e.nm_entidade, mu.nm_mun,
       ROUND(ST_Distance(e.geometry::geography, ST_SetSRID(ST_MakePoint(-54.6394, -20.4759), 4674)::geography)::numeric, 2) AS dist_m
FROM escola e
JOIN microdados_ed_basica md ON e.cd_entidade = md.cd_entidade
JOIN municipio mu ON ST_Contains(mu.geometry, e.geometry)
WHERE mu.nm_mun = 'Campo Grande' AND md.in_auditorio = 1
ORDER BY dist_m ASC;",1
M0021,"Quais escolas com auditório em Palmas, e a que distância em metros do centro do município?",Médio,"SELECT e.nm_entidade, mu.nm_mun,
       ROUND(ST_Distance(e.geometry::geography, ST_SetSRID(ST_MakePoint(-48.3121, -10.174), 4674)::geography)::numeric, 2) AS dist_m
FROM escola e
JOIN microdados_ed_basica md ON e.cd_entidade = md.cd_entidade
JOIN municipio mu ON ST_Contains(mu.geometry, e.geometry)
WHERE mu.nm_mun = 'Palmas' AND md.in_auditorio = 1
ORDER BY dist_m ASC;",1
M0022,"Quais escolas com energia da rede pública em Natal, e a que distância em metros do centro do município?",Médio,"SELECT e.nm_entidade, mu.nm_mun,
       ROUND(ST_Distance(e.geometry::geography, ST_SetSRID(ST_MakePoint(-35.216, -5.7995), 4674)::geography)::numeric, 2) AS dist_m
FROM escola e
JOIN microdados_ed_basica md ON e.cd_entidade = md.cd_entidade
JOIN municipio mu ON ST_Contains(mu.geometry, e.geometry)
WHERE mu.nm_mun = 'Natal' AND md.in_energia_rede_publica = 1
ORDER BY dist_m ASC;",1
M0023,"Quais escolas com energia da rede pública em São Paulo, e a que distância em metros do centro do município?",Médio,"SELECT e.nm_entidade, mu.nm_mun,
       ROUND(ST_Distance(e.geometry::geography, ST_SetSRID(ST_MakePoint(-46.6204, -23.5589), 4674)::geography)::numeric, 2) AS dist_m
FROM escola e
JOIN microdados_ed_basica md ON e.cd_entidade = md.cd_entidade
JOIN municipio mu ON ST_Contains(mu.geometry, e.geometry)
WHERE mu.nm_mun = 'São Paulo' AND md.in_energia_rede_publica = 1
ORDER BY dist_m ASC;",1
M0024,"Quais escolas com cozinha em Campo Grande, e a que distância em metros do centro do município?",Médio,"SELECT e.nm_entidade, mu.nm_mun,
       ROUND(ST_Distance(e.geometry::geography, ST_SetSRID(ST_MakePoint(-54.6342, -20.4763), 4674)::geography)::numeric, 2) AS dist_m
FROM escola e
JOIN microdados_ed_basica md ON e.cd_entidade = md.cd_entidade
JOIN municipio mu ON ST_Contains(mu.geometry, e.geometry)
WHERE mu.nm_mun = 'Campo Grande' AND md.in_cozinha = 1
ORDER BY dist_m ASC;",1
M0025,"Quais escolas com auditório em Maceió, e a que distância em metros do centro do município?",Médio,"SELECT e.nm_entidade, mu.nm_mun,
       ROUND(ST_Distance(e.geometry::geography, ST_SetSRID(ST_MakePoint(-35.7546, -9.6683), 4674)::geography)::numeric, 2) AS dist_m
FROM escola e
JOIN microdados_ed_basica md ON e.cd_entidade = md.cd_entidade
JOIN municipio mu ON ST_Contains(mu.geometry, e.geometry)
WHERE mu.nm_mun = 'Maceió' AND md.in_auditorio = 1
ORDER BY dist_m ASC;",1
M0026,"Quais escolas com biblioteca em João Pessoa, e a que distância em metros do centro do município?",Médio,"SELECT e.nm_entidade, mu.nm_mun,
       ROUND(ST_Distance(e.geometry::geography, ST_SetSRID(ST_MakePoint(-34.8667, -7.1172), 4674)::geography)::numeric, 2) AS dist_m
FROM escola e
JOIN microdados_ed_basica md ON e.cd_entidade = md.cd_entidade
JOIN municipio mu ON ST_Contains(mu.geometry, e.geometry)
WHERE mu.nm_mun = 'João Pessoa' AND md.in_biblioteca = 1
ORDER BY dist_m ASC;",1
M0027,"Quais escolas com internet em Campo Grande, e a que distância em metros do centro do município?",Médio,"SELECT e.nm_entidade, mu.nm_mun,
       ROUND(ST_Distance(e.geometry::geography, ST_SetSRID(ST_MakePoint(-54.6333, -20.4589), 4674)::geography)::numeric, 2) AS dist_m
FROM escola e
JOIN microdados_ed_basica md ON e.cd_entidade = md.cd_entidade
JOIN municipio mu ON ST_Contains(mu.geometry, e.geometry)
WHERE mu.nm_mun = 'Campo Grande' AND md.in_internet = 1
ORDER BY dist_m ASC;",1
M0028,"Quais escolas com refeitório em Belém, e a que distância em metros do centro do município?",Médio,"SELECT e.nm_entidade, mu.nm_mun,
       ROUND(ST_Distance(e.geometry::geography, ST_SetSRID(ST_MakePoint(-48.4854, -1.4529), 4674)::geography)::numeric, 2) AS dist_m
FROM escola e
JOIN microdados_ed_basica md ON e.cd_entidade = md.cd_entidade
JOIN municipio mu ON ST_Contains(mu.geometry, e.geometry)
WHERE mu.nm_mun = 'Belém' AND md.in_refeitorio = 1
ORDER BY dist_m ASC;",1
M0029,Quais escolas com alimentação escolar estão a até 6 km de algum CREAS em Rio de Janeiro?,Médio,"SELECT e.nm_entidade, cr.nm_mun
FROM escola e
JOIN microdados_ed_basica md ON e.cd_entidade = md.cd_entidade
JOIN creas cr ON ST_DWithin(e.geometry::geography, cr.geometry::geography, 6000)
WHERE cr.nm_mun = 'Rio de Janeiro' AND md.in_alimentacao = 1;",1
M0030,Quais escolas com auditório estão a até 8 km de algum CRAS em Salvador?,Médio,"SELECT e.nm_entidade, c.nm_mun
FROM escola e
JOIN microdados_ed_basica md ON e.cd_entidade = md.cd_entidade
JOIN cras c ON ST_DWithin(e.geometry::geography, c.geometry::geography, 8000)
WHERE c.nm_mun = 'Salvador' AND md.in_auditorio = 1;",1
M0031,Quais escolas com alimentação escolar estão a até 20 km de algum CRAS em Curitiba?,Médio,"SELECT e.nm_entidade, c.nm_mun
FROM escola e
JOIN microdados_ed_basica md ON e.cd_entidade = md.cd_entidade
JOIN cras c ON ST_DWithin(e.geometry::geography, c.geometry::geography, 20000)
WHERE c.nm_mun = 'Curitiba' AND md.in_alimentacao = 1;",1
M0032,Quais escolas com rampas de acessibilidade estão a até 12 km de algum CRAS em Fortaleza?,Médio,"SELECT e.nm_entidade, c.nm_mun
FROM escola e
JOIN microdados_ed_basica md ON e.cd_entidade = md.cd_entidade
JOIN cras c ON ST_DWithin(e.geometry::geography, c.geometry::geography, 12000)
WHERE c.nm_mun = 'Fortaleza' AND md.in_acessibilidade_rampas = 1;",1
M0033,Quais escolas com refeitório estão a até 4 km de algum CRAS em Porto Alegre?,Médio,"SELECT e.nm_entidade, c.nm_mun
FROM escola e
JOIN microdados_ed_basica md ON e.cd_entidade = md.cd_entidade
JOIN cras c ON ST_DWithin(e.geometry::geography, c.geometry::geography, 4000)
WHERE c.nm_mun = 'Porto Alegre' AND md.in_refeitorio = 1;",1
M0034,Quais escolas com banheiro adaptado para PNE estão a até 2 km de algum CRAS em Recife?,Médio,"SELECT e.nm_entidade, c.nm_mun
FROM escola e
JOIN microdados_ed_basica md ON e.cd_entidade = md.cd_entidade
JOIN cras c ON ST_DWithin(e.geometry::geography, c.geometry::geography, 2000)
WHERE c.nm_mun = 'Recife' AND md.in_banheiro_pne = 1;",1
M0035,Quais escolas com quadra de esportes coberta estão a até 15 km de algum CREAS em Uberlândia?,Médio,"SELECT e.nm_entidade, cr.nm_mun
FROM escola e
JOIN microdados_ed_basica md ON e.cd_entidade = md.cd_entidade
JOIN creas cr ON ST_DWithin(e.geometry::geography, cr.geometry::geography, 15000)
WHERE cr.nm_mun = 'Uberlândia' AND md.in_quadra_esportes_coberta = 1;",1
M0036,Quais escolas com cozinha estão a até 8 km de algum CREAS em Vitória?,Médio,"SELECT e.nm_entidade, cr.nm_mun
FROM escola e
JOIN microdados_ed_basica md ON e.cd_entidade = md.cd_entidade
JOIN creas cr ON ST_DWithin(e.geometry::geography, cr.geometry::geography, 8000)
WHERE cr.nm_mun = 'Vitória' AND md.in_cozinha = 1;",1
M0037,Quais escolas com refeitório estão a até 2 km de algum CRAS em Contagem?,Médio,"SELECT e.nm_entidade, c.nm_mun
FROM escola e
JOIN microdados_ed_basica md ON e.cd_entidade = md.cd_entidade
JOIN cras c ON ST_DWithin(e.geometry::geography, c.geometry::geography, 2000)
WHERE c.nm_mun = 'Contagem' AND md.in_refeitorio = 1;",1
M0038,Quais escolas com biblioteca estão a até 6 km de algum CREAS em Teresina?,Médio,"SELECT e.nm_entidade, cr.nm_mun
FROM escola e
JOIN microdados_ed_basica md ON e.cd_entidade = md.cd_entidade
JOIN creas cr ON ST_DWithin(e.geometry::geography, cr.geometry::geography, 6000)
WHERE cr.nm_mun = 'Teresina' AND md.in_biblioteca = 1;",1
M0039,Quais escolas com alimentação escolar estão a até 12 km de algum CRAS em Belo Horizonte?,Médio,"SELECT e.nm_entidade, c.nm_mun
FROM escola e
JOIN microdados_ed_basica md ON e.cd_entidade = md.cd_entidade
JOIN cras c ON ST_DWithin(e.geometry::geography, c.geometry::geography, 12000)
WHERE c.nm_mun = 'Belo Horizonte' AND md.in_alimentacao = 1;",1
M0040,Quais escolas com internet de banda larga estão a até 3 km de algum CRAS em Campo Grande?,Médio,"SELECT e.nm_entidade, c.nm_mun
FROM escola e
JOIN microdados_ed_basica md ON e.cd_entidade = md.cd_entidade
JOIN cras c ON ST_DWithin(e.geometry::geography, c.geometry::geography, 3000)
WHERE c.nm_mun = 'Campo Grande' AND md.in_banda_larga = 1;",1
M0041,Quais escolas com esgoto da rede pública estão a até 6 km de algum CRAS em Rio de Janeiro?,Médio,"SELECT e.nm_entidade, c.nm_mun
FROM escola e
JOIN microdados_ed_basica md ON e.cd_entidade = md.cd_entidade
JOIN cras c ON ST_DWithin(e.geometry::geography, c.geometry::geography, 6000)
WHERE c.nm_mun = 'Rio de Janeiro' AND md.in_esgoto_rede_publica = 1;",1
M0042,Quais escolas com refeitório estão a até 3 km de algum CREAS em Contagem?,Médio,"SELECT e.nm_entidade, cr.nm_mun
FROM escola e
JOIN microdados_ed_basica md ON e.cd_entidade = md.cd_entidade
JOIN creas cr ON ST_DWithin(e.geometry::geography, cr.geometry::geography, 3000)
WHERE cr.nm_mun = 'Contagem' AND md.in_refeitorio = 1;",1
M0043,"Para os municípios de Santa Catarina, qual a área aproximada (km²) da região central de cada um?",Médio,"SELECT mu.nm_mun, ROUND((ST_Area(ST_Transform(ST_Intersection(mu.geometry, ST_Buffer(ST_Centroid(mu.geometry), 0.1)), 5880)) / 1e6)::numeric, 2) AS area_inter_km2
FROM municipio mu
JOIN unidade_federativa uf ON mu.cd_uf = uf.cd_uf
WHERE uf.nm_uf = 'Santa Catarina'
ORDER BY area_inter_km2 DESC;",1
M0044,"Para os municípios de Rondônia, qual a área aproximada (km²) da região central de cada um?",Médio,"SELECT mu.nm_mun, ROUND((ST_Area(ST_Transform(ST_Intersection(mu.geometry, ST_Buffer(ST_Centroid(mu.geometry), 0.1)), 5880)) / 1e6)::numeric, 2) AS area_inter_km2
FROM municipio mu
JOIN unidade_federativa uf ON mu.cd_uf = uf.cd_uf
WHERE uf.nm_uf = 'Rondônia'
ORDER BY area_inter_km2 DESC;",1
M0045,"Para os municípios de Alagoas, qual a área aproximada (km²) da região central de cada um?",Médio,"SELECT mu.nm_mun, ROUND((ST_Area(ST_Transform(ST_Intersection(mu.geometry, ST_Buffer(ST_Centroid(mu.geometry), 0.1)), 5880)) / 1e6)::numeric, 2) AS area_inter_km2
FROM municipio mu
JOIN unidade_federativa uf ON mu.cd_uf = uf.cd_uf
WHERE uf.nm_uf = 'Alagoas'
ORDER BY area_inter_km2 DESC;",1
M0046,"Para os municípios de Amapá, qual a área aproximada (km²) da região central de cada um?",Médio,"SELECT mu.nm_mun, ROUND((ST_Area(ST_Transform(ST_Intersection(mu.geometry, ST_Buffer(ST_Centroid(mu.geometry), 0.1)), 5880)) / 1e6)::numeric, 2) AS area_inter_km2
FROM municipio mu
JOIN unidade_federativa uf ON mu.cd_uf = uf.cd_uf
WHERE uf.nm_uf = 'Amapá'
ORDER BY area_inter_km2 DESC;",1
M0047,"Para os municípios de Mato Grosso do Sul, qual a área aproximada (km²) da região central de cada um?",Médio,"SELECT mu.nm_mun, ROUND((ST_Area(ST_Transform(ST_Intersection(mu.geometry, ST_Buffer(ST_Centroid(mu.geometry), 0.1)), 5880)) / 1e6)::numeric, 2) AS area_inter_km2
FROM municipio mu
JOIN unidade_federativa uf ON mu.cd_uf = uf.cd_uf
WHERE uf.nm_uf = 'Mato Grosso do Sul'
ORDER BY area_inter_km2 DESC;",1
M0048,"Para os municípios de Paraíba, qual a área aproximada (km²) da região central de cada um?",Médio,"SELECT mu.nm_mun, ROUND((ST_Area(ST_Transform(ST_Intersection(mu.geometry, ST_Buffer(ST_Centroid(mu.geometry), 0.1)), 5880)) / 1e6)::numeric, 2) AS area_inter_km2
FROM municipio mu
JOIN unidade_federativa uf ON mu.cd_uf = uf.cd_uf
WHERE uf.nm_uf = 'Paraíba'
ORDER BY area_inter_km2 DESC;",1
M0049,"Para os municípios de Minas Gerais, qual a área aproximada (km²) da região central de cada um?",Médio,"SELECT mu.nm_mun, ROUND((ST_Area(ST_Transform(ST_Intersection(mu.geometry, ST_Buffer(ST_Centroid(mu.geometry), 0.1)), 5880)) / 1e6)::numeric, 2) AS area_inter_km2
FROM municipio mu
JOIN unidade_federativa uf ON mu.cd_uf = uf.cd_uf
WHERE uf.nm_uf = 'Minas Gerais'
ORDER BY area_inter_km2 DESC;",1
M0050,"Para os municípios de Goiás, qual a área aproximada (km²) da região central de cada um?",Médio,"SELECT mu.nm_mun, ROUND((ST_Area(ST_Transform(ST_Intersection(mu.geometry, ST_Buffer(ST_Centroid(mu.geometry), 0.1)), 5880)) / 1e6)::numeric, 2) AS area_inter_km2
FROM municipio mu
JOIN unidade_federativa uf ON mu.cd_uf = uf.cd_uf
WHERE uf.nm_uf = 'Goiás'
ORDER BY area_inter_km2 DESC;",1
M0051,"Para os municípios de Mato Grosso, qual a área aproximada (km²) da região central de cada um?",Médio,"SELECT mu.nm_mun, ROUND((ST_Area(ST_Transform(ST_Intersection(mu.geometry, ST_Buffer(ST_Centroid(mu.geometry), 0.1)), 5880)) / 1e6)::numeric, 2) AS area_inter_km2
FROM municipio mu
JOIN unidade_federativa uf ON mu.cd_uf = uf.cd_uf
WHERE uf.nm_uf = 'Mato Grosso'
ORDER BY area_inter_km2 DESC;",1
M0052,"Para os municípios de Pernambuco, qual a área aproximada (km²) da região central de cada um?",Médio,"SELECT mu.nm_mun, ROUND((ST_Area(ST_Transform(ST_Intersection(mu.geometry, ST_Buffer(ST_Centroid(mu.geometry), 0.1)), 5880)) / 1e6)::numeric, 2) AS area_inter_km2
FROM municipio mu
JOIN unidade_federativa uf ON mu.cd_uf = uf.cd_uf
WHERE uf.nm_uf = 'Pernambuco'
ORDER BY area_inter_km2 DESC;",1
M0053,"Para os municípios de Rio Grande do Norte, qual a área aproximada (km²) da região central de cada um?",Médio,"SELECT mu.nm_mun, ROUND((ST_Area(ST_Transform(ST_Intersection(mu.geometry, ST_Buffer(ST_Centroid(mu.geometry), 0.1)), 5880)) / 1e6)::numeric, 2) AS area_inter_km2
FROM municipio mu
JOIN unidade_federativa uf ON mu.cd_uf = uf.cd_uf
WHERE uf.nm_uf = 'Rio Grande do Norte'
ORDER BY area_inter_km2 DESC;",1
M0054,"Para os municípios de Acre, qual a área aproximada (km²) da região central de cada um?",Médio,"SELECT mu.nm_mun, ROUND((ST_Area(ST_Transform(ST_Intersection(mu.geometry, ST_Buffer(ST_Centroid(mu.geometry), 0.1)), 5880)) / 1e6)::numeric, 2) AS area_inter_km2
FROM municipio mu
JOIN unidade_federativa uf ON mu.cd_uf = uf.cd_uf
WHERE uf.nm_uf = 'Acre'
ORDER BY area_inter_km2 DESC;",1
M0055,"Para os municípios de Amazonas, qual a área aproximada (km²) da região central de cada um?",Médio,"SELECT mu.nm_mun, ROUND((ST_Area(ST_Transform(ST_Intersection(mu.geometry, ST_Buffer(ST_Centroid(mu.geometry), 0.1)), 5880)) / 1e6)::numeric, 2) AS area_inter_km2
FROM municipio mu
JOIN unidade_federativa uf ON mu.cd_uf = uf.cd_uf
WHERE uf.nm_uf = 'Amazonas'
ORDER BY area_inter_km2 DESC;",1
M0056,"Para os municípios de Rio Grande do Sul, qual a área aproximada (km²) da região central de cada um?",Médio,"SELECT mu.nm_mun, ROUND((ST_Area(ST_Transform(ST_Intersection(mu.geometry, ST_Buffer(ST_Centroid(mu.geometry), 0.1)), 5880)) / 1e6)::numeric, 2) AS area_inter_km2
FROM municipio mu
JOIN unidade_federativa uf ON mu.cd_uf = uf.cd_uf
WHERE uf.nm_uf = 'Rio Grande do Sul'
ORDER BY area_inter_km2 DESC;",1
M0057,Quais escolas com cozinha ficam num raio de 8 km do centro de Campo Grande?,Médio,"SELECT e.nm_entidade, mu.nm_mun
FROM escola e
JOIN microdados_ed_basica md ON e.cd_entidade = md.cd_entidade
JOIN municipio mu ON ST_Contains(mu.geometry, e.geometry)
WHERE md.in_cozinha = 1
  AND ST_Intersects(ST_Buffer(ST_SetSRID(ST_MakePoint(-54.6306, -20.4617), 4674)::geography, 8000), e.geometry::geography);",1
M0058,Quais escolas com alimentação escolar ficam num raio de 10 km do centro de Aracaju?,Médio,"SELECT e.nm_entidade, mu.nm_mun
FROM escola e
JOIN microdados_ed_basica md ON e.cd_entidade = md.cd_entidade
JOIN municipio mu ON ST_Contains(mu.geometry, e.geometry)
WHERE md.in_alimentacao = 1
  AND ST_Intersects(ST_Buffer(ST_SetSRID(ST_MakePoint(-37.0826, -10.9012), 4674)::geography, 10000), e.geometry::geography);",1
M0059,Quais escolas com internet de banda larga ficam num raio de 3 km do centro de Goiânia?,Médio,"SELECT e.nm_entidade, mu.nm_mun
FROM escola e
JOIN microdados_ed_basica md ON e.cd_entidade = md.cd_entidade
JOIN municipio mu ON ST_Contains(mu.geometry, e.geometry)
WHERE md.in_banda_larga = 1
  AND ST_Intersects(ST_Buffer(ST_SetSRID(ST_MakePoint(-49.2322, -16.6712), 4674)::geography, 3000), e.geometry::geography);",1
M0060,Quais escolas com quadra de esportes coberta ficam num raio de 4 km do centro de Campo Grande?,Médio,"SELECT e.nm_entidade, mu.nm_mun
FROM escola e
JOIN microdados_ed_basica md ON e.cd_entidade = md.cd_entidade
JOIN municipio mu ON ST_Contains(mu.geometry, e.geometry)
WHERE md.in_quadra_esportes_coberta = 1
  AND ST_Intersects(ST_Buffer(ST_SetSRID(ST_MakePoint(-54.6649, -20.4712), 4674)::geography, 4000), e.geometry::geography);",1
M0061,Quais escolas com esgoto da rede pública ficam num raio de 20 km do centro de Campinas?,Médio,"SELECT e.nm_entidade, mu.nm_mun
FROM escola e
JOIN microdados_ed_basica md ON e.cd_entidade = md.cd_entidade
JOIN municipio mu ON ST_Contains(mu.geometry, e.geometry)
WHERE md.in_esgoto_rede_publica = 1
  AND ST_Intersects(ST_Buffer(ST_SetSRID(ST_MakePoint(-47.0674, -22.9001), 4674)::geography, 20000), e.geometry::geography);",1
M0062,Quais escolas com auditório ficam num raio de 15 km do centro de Rio de Janeiro?,Médio,"SELECT e.nm_entidade, mu.nm_mun
FROM escola e
JOIN microdados_ed_basica md ON e.cd_entidade = md.cd_entidade
JOIN municipio mu ON ST_Contains(mu.geometry, e.geometry)
WHERE md.in_auditorio = 1
  AND ST_Intersects(ST_Buffer(ST_SetSRID(ST_MakePoint(-43.2039, -22.8926), 4674)::geography, 15000), e.geometry::geography);",1
M0063,Quais escolas com biblioteca ficam num raio de 15 km do centro de Goiânia?,Médio,"SELECT e.nm_entidade, mu.nm_mun
FROM escola e
JOIN microdados_ed_basica md ON e.cd_entidade = md.cd_entidade
JOIN municipio mu ON ST_Contains(mu.geometry, e.geometry)
WHERE md.in_biblioteca = 1
  AND ST_Intersects(ST_Buffer(ST_SetSRID(ST_MakePoint(-49.2614, -16.6929), 4674)::geography, 15000), e.geometry::geography);",1
M0064,Quais escolas com laboratório de informática ficam num raio de 12 km do centro de Recife?,Médio,"SELECT e.nm_entidade, mu.nm_mun
FROM escola e
JOIN microdados_ed_basica md ON e.cd_entidade = md.cd_entidade
JOIN municipio mu ON ST_Contains(mu.geometry, e.geometry)
WHERE md.in_laboratorio_informatica = 1
  AND ST_Intersects(ST_Buffer(ST_SetSRID(ST_MakePoint(-34.8924, -8.0496), 4674)::geography, 12000), e.geometry::geography);",1
M0065,Quais escolas com parque infantil ficam num raio de 3 km do centro de São Luís?,Médio,"SELECT e.nm_entidade, mu.nm_mun
FROM escola e
JOIN microdados_ed_basica md ON e.cd_entidade = md.cd_entidade
JOIN municipio mu ON ST_Contains(mu.geometry, e.geometry)
WHERE md.in_parque_infantil = 1
  AND ST_Intersects(ST_Buffer(ST_SetSRID(ST_MakePoint(-44.3118, -2.5498), 4674)::geography, 3000), e.geometry::geography);",1
M0066,Quais escolas com laboratório de ciências ficam num raio de 6 km do centro de Palmas?,Médio,"SELECT e.nm_entidade, mu.nm_mun
FROM escola e
JOIN microdados_ed_basica md ON e.cd_entidade = md.cd_entidade
JOIN municipio mu ON ST_Contains(mu.geometry, e.geometry)
WHERE md.in_laboratorio_ciencias = 1
  AND ST_Intersects(ST_Buffer(ST_SetSRID(ST_MakePoint(-48.3171, -10.1642), 4674)::geography, 6000), e.geometry::geography);",1
M0067,Quais escolas com alimentação escolar ficam num raio de 2 km do centro de Curitiba?,Médio,"SELECT e.nm_entidade, mu.nm_mun
FROM escola e
JOIN microdados_ed_basica md ON e.cd_entidade = md.cd_entidade
JOIN municipio mu ON ST_Contains(mu.geometry, e.geometry)
WHERE md.in_alimentacao = 1
  AND ST_Intersects(ST_Buffer(ST_SetSRID(ST_MakePoint(-49.2717, -25.4296), 4674)::geography, 2000), e.geometry::geography);",1
M0068,Quais escolas com parque infantil ficam num raio de 12 km do centro de João Pessoa?,Médio,"SELECT e.nm_entidade, mu.nm_mun
FROM escola e
JOIN microdados_ed_basica md ON e.cd_entidade = md.cd_entidade
JOIN municipio mu ON ST_Contains(mu.geometry, e.geometry)
WHERE md.in_parque_infantil = 1
  AND ST_Intersects(ST_Buffer(ST_SetSRID(ST_MakePoint(-34.8476, -7.1236), 4674)::geography, 12000), e.geometry::geography);",1
M0069,Quais escolas com laboratório de ciências ficam num raio de 8 km do centro de Campinas?,Médio,"SELECT e.nm_entidade, mu.nm_mun
FROM escola e
JOIN microdados_ed_basica md ON e.cd_entidade = md.cd_entidade
JOIN municipio mu ON ST_Contains(mu.geometry, e.geometry)
WHERE md.in_laboratorio_ciencias = 1
  AND ST_Intersects(ST_Buffer(ST_SetSRID(ST_MakePoint(-47.0729, -22.9297), 4674)::geography, 8000), e.geometry::geography);",1
M0070,Quais escolas com refeitório ficam num raio de 12 km do centro de Rio de Janeiro?,Médio,"SELECT e.nm_entidade, mu.nm_mun
FROM escola e
JOIN microdados_ed_basica md ON e.cd_entidade = md.cd_entidade
JOIN municipio mu ON ST_Contains(mu.geometry, e.geometry)
WHERE md.in_refeitorio = 1
  AND ST_Intersects(ST_Buffer(ST_SetSRID(ST_MakePoint(-43.2016, -22.9219), 4674)::geography, 12000), e.geometry::geography);",1
M0071,"Liste os municípios de Piauí com área até 500 km² que possuem ao menos uma escola, com o nome da escola.",Médio,"SELECT mu.nm_mun, e.nm_entidade, ROUND((ST_Area(ST_Transform(mu.geometry, 5880)) / 1e6)::numeric, 2) AS area_km2
FROM municipio mu
JOIN unidade_federativa uf ON mu.cd_uf = uf.cd_uf
JOIN escola e ON ST_Contains(mu.geometry, e.geometry)
WHERE uf.nm_uf = 'Piauí' AND ST_Area(ST_Transform(mu.geometry, 5880)) / 1e6 <= 500;",1
M0072,"Liste os municípios de Pernambuco com área até 250 km² que possuem ao menos uma escola, com o nome da escola.",Médio,"SELECT mu.nm_mun, e.nm_entidade, ROUND((ST_Area(ST_Transform(mu.geometry, 5880)) / 1e6)::numeric, 2) AS area_km2
FROM municipio mu
JOIN unidade_federativa uf ON mu.cd_uf = uf.cd_uf
JOIN escola e ON ST_Contains(mu.geometry, e.geometry)
WHERE uf.nm_uf = 'Pernambuco' AND ST_Area(ST_Transform(mu.geometry, 5880)) / 1e6 <= 250;",1
M0073,"Liste os municípios de Piauí com área até 150 km² que possuem ao menos uma escola, com o nome da escola.",Médio,"SELECT mu.nm_mun, e.nm_entidade, ROUND((ST_Area(ST_Transform(mu.geometry, 5880)) / 1e6)::numeric, 2) AS area_km2
FROM municipio mu
JOIN unidade_federativa uf ON mu.cd_uf = uf.cd_uf
JOIN escola e ON ST_Contains(mu.geometry, e.geometry)
WHERE uf.nm_uf = 'Piauí' AND ST_Area(ST_Transform(mu.geometry, 5880)) / 1e6 <= 150;",1
M0074,"Liste os municípios de Rondônia com área até 300 km² que possuem ao menos uma escola, com o nome da escola.",Médio,"SELECT mu.nm_mun, e.nm_entidade, ROUND((ST_Area(ST_Transform(mu.geometry, 5880)) / 1e6)::numeric, 2) AS area_km2
FROM municipio mu
JOIN unidade_federativa uf ON mu.cd_uf = uf.cd_uf
JOIN escola e ON ST_Contains(mu.geometry, e.geometry)
WHERE uf.nm_uf = 'Rondônia' AND ST_Area(ST_Transform(mu.geometry, 5880)) / 1e6 <= 300;",1
M0075,"Liste os municípios de Mato Grosso com área até 80 km² que possuem ao menos uma escola, com o nome da escola.",Médio,"SELECT mu.nm_mun, e.nm_entidade, ROUND((ST_Area(ST_Transform(mu.geometry, 5880)) / 1e6)::numeric, 2) AS area_km2
FROM municipio mu
JOIN unidade_federativa uf ON mu.cd_uf = uf.cd_uf
JOIN escola e ON ST_Contains(mu.geometry, e.geometry)
WHERE uf.nm_uf = 'Mato Grosso' AND ST_Area(ST_Transform(mu.geometry, 5880)) / 1e6 <= 80;",1
M0076,"Liste os municípios de Rio Grande do Sul com área até 300 km² que possuem ao menos uma escola, com o nome da escola.",Médio,"SELECT mu.nm_mun, e.nm_entidade, ROUND((ST_Area(ST_Transform(mu.geometry, 5880)) / 1e6)::numeric, 2) AS area_km2
FROM municipio mu
JOIN unidade_federativa uf ON mu.cd_uf = uf.cd_uf
JOIN escola e ON ST_Contains(mu.geometry, e.geometry)
WHERE uf.nm_uf = 'Rio Grande do Sul' AND ST_Area(ST_Transform(mu.geometry, 5880)) / 1e6 <= 300;",1
M0077,"Liste os municípios de Rio de Janeiro com área até 100 km² que possuem ao menos uma escola, com o nome da escola.",Médio,"SELECT mu.nm_mun, e.nm_entidade, ROUND((ST_Area(ST_Transform(mu.geometry, 5880)) / 1e6)::numeric, 2) AS area_km2
FROM municipio mu
JOIN unidade_federativa uf ON mu.cd_uf = uf.cd_uf
JOIN escola e ON ST_Contains(mu.geometry, e.geometry)
WHERE uf.nm_uf = 'Rio de Janeiro' AND ST_Area(ST_Transform(mu.geometry, 5880)) / 1e6 <= 100;",1
M0078,"Liste os municípios de Amazonas com área até 150 km² que possuem ao menos uma escola, com o nome da escola.",Médio,"SELECT mu.nm_mun, e.nm_entidade, ROUND((ST_Area(ST_Transform(mu.geometry, 5880)) / 1e6)::numeric, 2) AS area_km2
FROM municipio mu
JOIN unidade_federativa uf ON mu.cd_uf = uf.cd_uf
JOIN escola e ON ST_Contains(mu.geometry, e.geometry)
WHERE uf.nm_uf = 'Amazonas' AND ST_Area(ST_Transform(mu.geometry, 5880)) / 1e6 <= 150;",1
M0079,"Liste os municípios de Espírito Santo com área até 100 km² que possuem ao menos uma escola, com o nome da escola.",Médio,"SELECT mu.nm_mun, e.nm_entidade, ROUND((ST_Area(ST_Transform(mu.geometry, 5880)) / 1e6)::numeric, 2) AS area_km2
FROM municipio mu
JOIN unidade_federativa uf ON mu.cd_uf = uf.cd_uf
JOIN escola e ON ST_Contains(mu.geometry, e.geometry)
WHERE uf.nm_uf = 'Espírito Santo' AND ST_Area(ST_Transform(mu.geometry, 5880)) / 1e6 <= 100;",1
M0080,"Liste os municípios de Amazonas com área até 80 km² que possuem ao menos uma escola, com o nome da escola.",Médio,"SELECT mu.nm_mun, e.nm_entidade, ROUND((ST_Area(ST_Transform(mu.geometry, 5880)) / 1e6)::numeric, 2) AS area_km2
FROM municipio mu
JOIN unidade_federativa uf ON mu.cd_uf = uf.cd_uf
JOIN escola e ON ST_Contains(mu.geometry, e.geometry)
WHERE uf.nm_uf = 'Amazonas' AND ST_Area(ST_Transform(mu.geometry, 5880)) / 1e6 <= 80;",1
M0081,"Liste os municípios de Paraná com área até 200 km² que possuem ao menos uma escola, com o nome da escola.",Médio,"SELECT mu.nm_mun, e.nm_entidade, ROUND((ST_Area(ST_Transform(mu.geometry, 5880)) / 1e6)::numeric, 2) AS area_km2
FROM municipio mu
JOIN unidade_federativa uf ON mu.cd_uf = uf.cd_uf
JOIN escola e ON ST_Contains(mu.geometry, e.geometry)
WHERE uf.nm_uf = 'Paraná' AND ST_Area(ST_Transform(mu.geometry, 5880)) / 1e6 <= 200;",1
M0082,"Liste os municípios de Goiás com área até 500 km² que possuem ao menos uma escola, com o nome da escola.",Médio,"SELECT mu.nm_mun, e.nm_entidade, ROUND((ST_Area(ST_Transform(mu.geometry, 5880)) / 1e6)::numeric, 2) AS area_km2
FROM municipio mu
JOIN unidade_federativa uf ON mu.cd_uf = uf.cd_uf
JOIN escola e ON ST_Contains(mu.geometry, e.geometry)
WHERE uf.nm_uf = 'Goiás' AND ST_Area(ST_Transform(mu.geometry, 5880)) / 1e6 <= 500;",1
M0083,"Liste os municípios de Ceará com área até 150 km² que possuem ao menos uma escola, com o nome da escola.",Médio,"SELECT mu.nm_mun, e.nm_entidade, ROUND((ST_Area(ST_Transform(mu.geometry, 5880)) / 1e6)::numeric, 2) AS area_km2
FROM municipio mu
JOIN unidade_federativa uf ON mu.cd_uf = uf.cd_uf
JOIN escola e ON ST_Contains(mu.geometry, e.geometry)
WHERE uf.nm_uf = 'Ceará' AND ST_Area(ST_Transform(mu.geometry, 5880)) / 1e6 <= 150;",1
M0084,"Liste os municípios de Rio de Janeiro com área até 250 km² que possuem ao menos uma escola, com o nome da escola.",Médio,"SELECT mu.nm_mun, e.nm_entidade, ROUND((ST_Area(ST_Transform(mu.geometry, 5880)) / 1e6)::numeric, 2) AS area_km2
FROM municipio mu
JOIN unidade_federativa uf ON mu.cd_uf = uf.cd_uf
JOIN escola e ON ST_Contains(mu.geometry, e.geometry)
WHERE uf.nm_uf = 'Rio de Janeiro' AND ST_Area(ST_Transform(mu.geometry, 5880)) / 1e6 <= 250;",1
M0085,Quais escolas com refeitório ficam no estado de Acre? Mostre o município.,Médio,"SELECT e.nm_entidade, mu.nm_mun
FROM escola e
JOIN microdados_ed_basica md ON e.cd_entidade = md.cd_entidade
JOIN municipio mu ON ST_Contains(mu.geometry, e.geometry)
JOIN unidade_federativa uf ON mu.cd_uf = uf.cd_uf
WHERE uf.nm_uf = 'Acre' AND md.in_refeitorio = 1;",1
M0086,Quais escolas com laboratório de educação profissional ficam no estado de Goiás? Mostre o município.,Médio,"SELECT e.nm_entidade, mu.nm_mun
FROM escola e
JOIN microdados_ed_basica md ON e.cd_entidade = md.cd_entidade
JOIN municipio mu ON ST_Contains(mu.geometry, e.geometry)
JOIN unidade_federativa uf ON mu.cd_uf = uf.cd_uf
WHERE uf.nm_uf = 'Goiás' AND md.in_laboratorio_educ_prof = 1;",1
M0087,Quais escolas com quadra de esportes coberta ficam no estado de Sergipe? Mostre o município.,Médio,"SELECT e.nm_entidade, mu.nm_mun
FROM escola e
JOIN microdados_ed_basica md ON e.cd_entidade = md.cd_entidade
JOIN municipio mu ON ST_Contains(mu.geometry, e.geometry)
JOIN unidade_federativa uf ON mu.cd_uf = uf.cd_uf
WHERE uf.nm_uf = 'Sergipe' AND md.in_quadra_esportes_coberta = 1;",1
M0088,"Liste as escolas do estado de Santa Catarina que possuem internet de banda larga, informando o município.",Médio,"SELECT e.nm_entidade, mu.nm_mun
FROM escola e
JOIN microdados_ed_basica md ON e.cd_entidade = md.cd_entidade
JOIN municipio mu ON ST_Contains(mu.geometry, e.geometry)
JOIN unidade_federativa uf ON mu.cd_uf = uf.cd_uf
WHERE uf.nm_uf = 'Santa Catarina' AND md.in_banda_larga = 1;",1
M0089,"Liste as escolas do estado de Goiás que possuem laboratório de informática, informando o município.",Médio,"SELECT e.nm_entidade, mu.nm_mun
FROM escola e
JOIN microdados_ed_basica md ON e.cd_entidade = md.cd_entidade
JOIN municipio mu ON ST_Contains(mu.geometry, e.geometry)
JOIN unidade_federativa uf ON mu.cd_uf = uf.cd_uf
WHERE uf.nm_uf = 'Goiás' AND md.in_laboratorio_informatica = 1;",1
M0090,"Liste as escolas do estado de Goiás que possuem auditório, informando o município.",Médio,"SELECT e.nm_entidade, mu.nm_mun
FROM escola e
JOIN microdados_ed_basica md ON e.cd_entidade = md.cd_entidade
JOIN municipio mu ON ST_Contains(mu.geometry, e.geometry)
JOIN unidade_federativa uf ON mu.cd_uf = uf.cd_uf
WHERE uf.nm_uf = 'Goiás' AND md.in_auditorio = 1;",1
M0091,"Liste as escolas do estado de Goiás que possuem banheiro adaptado para PNE, informando o município.",Médio,"SELECT e.nm_entidade, mu.nm_mun
FROM escola e
JOIN microdados_ed_basica md ON e.cd_entidade = md.cd_entidade
JOIN municipio mu ON ST_Contains(mu.geometry, e.geometry)
JOIN unidade_federativa uf ON mu.cd_uf = uf.cd_uf
WHERE uf.nm_uf = 'Goiás' AND md.in_banheiro_pne = 1;",1
M0092,Quais escolas com parque infantil ficam no estado de Mato Grosso? Mostre o município.,Médio,"SELECT e.nm_entidade, mu.nm_mun
FROM escola e
JOIN microdados_ed_basica md ON e.cd_entidade = md.cd_entidade
JOIN municipio mu ON ST_Contains(mu.geometry, e.geometry)
JOIN unidade_federativa uf ON mu.cd_uf = uf.cd_uf
WHERE uf.nm_uf = 'Mato Grosso' AND md.in_parque_infantil = 1;",1
M0093,"Liste as escolas do estado de Maranhão que possuem refeitório, informando o município.",Médio,"SELECT e.nm_entidade, mu.nm_mun
FROM escola e
JOIN microdados_ed_basica md ON e.cd_entidade = md.cd_entidade
JOIN municipio mu ON ST_Contains(mu.geometry, e.geometry)
JOIN unidade_federativa uf ON mu.cd_uf = uf.cd_uf
WHERE uf.nm_uf = 'Maranhão' AND md.in_refeitorio = 1;",1
M0094,Quais escolas com esgoto da rede pública ficam no estado de Goiás? Mostre o município.,Médio,"SELECT e.nm_entidade, mu.nm_mun
FROM escola e
JOIN microdados_ed_basica md ON e.cd_entidade = md.cd_entidade
JOIN municipio mu ON ST_Contains(mu.geometry, e.geometry)
JOIN unidade_federativa uf ON mu.cd_uf = uf.cd_uf
WHERE uf.nm_uf = 'Goiás' AND md.in_esgoto_rede_publica = 1;",1
M0095,Quais escolas com biblioteca ficam no estado de Minas Gerais? Mostre o município.,Médio,"SELECT e.nm_entidade, mu.nm_mun
FROM escola e
JOIN microdados_ed_basica md ON e.cd_entidade = md.cd_entidade
JOIN municipio mu ON ST_Contains(mu.geometry, e.geometry)
JOIN unidade_federativa uf ON mu.cd_uf = uf.cd_uf
WHERE uf.nm_uf = 'Minas Gerais' AND md.in_biblioteca = 1;",1
M0096,Quais escolas com refeitório ficam no estado de Piauí? Mostre o município.,Médio,"SELECT e.nm_entidade, mu.nm_mun
FROM escola e
JOIN microdados_ed_basica md ON e.cd_entidade = md.cd_entidade
JOIN municipio mu ON ST_Contains(mu.geometry, e.geometry)
JOIN unidade_federativa uf ON mu.cd_uf = uf.cd_uf
WHERE uf.nm_uf = 'Piauí' AND md.in_refeitorio = 1;",1
M0097,Quais escolas com quadra de esportes coberta ficam no estado de Espírito Santo? Mostre o município.,Médio,"SELECT e.nm_entidade, mu.nm_mun
FROM escola e
JOIN microdados_ed_basica md ON e.cd_entidade = md.cd_entidade
JOIN municipio mu ON ST_Contains(mu.geometry, e.geometry)
JOIN unidade_federativa uf ON mu.cd_uf = uf.cd_uf
WHERE uf.nm_uf = 'Espírito Santo' AND md.in_quadra_esportes_coberta = 1;",1
M0098,"Liste as escolas do estado de Mato Grosso do Sul que possuem cozinha, informando o município.",Médio,"SELECT e.nm_entidade, mu.nm_mun
FROM escola e
JOIN microdados_ed_basica md ON e.cd_entidade = md.cd_entidade
JOIN municipio mu ON ST_Contains(mu.geometry, e.geometry)
JOIN unidade_federativa uf ON mu.cd_uf = uf.cd_uf
WHERE uf.nm_uf = 'Mato Grosso do Sul' AND md.in_cozinha = 1;",1
M0099,Quais escolas com quadra de esportes coberta ficam no estado de Paraná? Mostre o município.,Médio,"SELECT e.nm_entidade, mu.nm_mun
FROM escola e
JOIN microdados_ed_basica md ON e.cd_entidade = md.cd_entidade
JOIN municipio mu ON ST_Intersects(mu.geometry, e.geometry)
JOIN unidade_federativa uf ON mu.cd_uf = uf.cd_uf
WHERE uf.nm_uf = 'Paraná' AND md.in_quadra_esportes_coberta = 1;",1
M0100,"Liste as escolas do estado de Bahia que possuem alimentação escolar, informando o município.",Médio,"SELECT e.nm_entidade, mu.nm_mun
FROM escola e
JOIN microdados_ed_basica md ON e.cd_entidade = md.cd_entidade
JOIN municipio mu ON ST_Intersects(mu.geometry, e.geometry)
JOIN unidade_federativa uf ON mu.cd_uf = uf.cd_uf
WHERE uf.nm_uf = 'Bahia' AND md.in_alimentacao = 1;",1
M0101,Quais escolas com biblioteca ficam no estado de Sergipe? Mostre o município.,Médio,"SELECT e.nm_entidade, mu.nm_mun
FROM escola e
JOIN microdados_ed_basica md ON e.cd_entidade = md.cd_entidade
JOIN municipio mu ON ST_Intersects(mu.geometry, e.geometry)
JOIN unidade_federativa uf ON mu.cd_uf = uf.cd_uf
WHERE uf.nm_uf = 'Sergipe' AND md.in_biblioteca = 1;",1
M0102,"Liste as escolas do estado de Espírito Santo que possuem energia da rede pública, informando o município.",Médio,"SELECT e.nm_entidade, mu.nm_mun
FROM escola e
JOIN microdados_ed_basica md ON e.cd_entidade = md.cd_entidade
JOIN municipio mu ON ST_Intersects(mu.geometry, e.geometry)
JOIN unidade_federativa uf ON mu.cd_uf = uf.cd_uf
WHERE uf.nm_uf = 'Espírito Santo' AND md.in_energia_rede_publica = 1;",1
M0103,"Liste as escolas do estado de Piauí que possuem biblioteca, informando o município.",Médio,"SELECT e.nm_entidade, mu.nm_mun
FROM escola e
JOIN microdados_ed_basica md ON e.cd_entidade = md.cd_entidade
JOIN municipio mu ON ST_Intersects(mu.geometry, e.geometry)
JOIN unidade_federativa uf ON mu.cd_uf = uf.cd_uf
WHERE uf.nm_uf = 'Piauí' AND md.in_biblioteca = 1;",1
M0104,Quais escolas com energia da rede pública ficam no estado de Rio Grande do Norte? Mostre o município.,Médio,"SELECT e.nm_entidade, mu.nm_mun
FROM escola e
JOIN microdados_ed_basica md ON e.cd_entidade = md.cd_entidade
JOIN municipio mu ON ST_Intersects(mu.geometry, e.geometry)
JOIN unidade_federativa uf ON mu.cd_uf = uf.cd_uf
WHERE uf.nm_uf = 'Rio Grande do Norte' AND md.in_energia_rede_publica = 1;",1
M0105,Quais escolas com banheiro adaptado para PNE ficam no estado de Paraíba? Mostre o município.,Médio,"SELECT e.nm_entidade, mu.nm_mun
FROM escola e
JOIN microdados_ed_basica md ON e.cd_entidade = md.cd_entidade
JOIN municipio mu ON ST_Intersects(mu.geometry, e.geometry)
JOIN unidade_federativa uf ON mu.cd_uf = uf.cd_uf
WHERE uf.nm_uf = 'Paraíba' AND md.in_banheiro_pne = 1;",1
M0106,Quais escolas com alimentação escolar ficam no estado de Minas Gerais? Mostre o município.,Médio,"SELECT e.nm_entidade, mu.nm_mun
FROM escola e
JOIN microdados_ed_basica md ON e.cd_entidade = md.cd_entidade
JOIN municipio mu ON ST_Intersects(mu.geometry, e.geometry)
JOIN unidade_federativa uf ON mu.cd_uf = uf.cd_uf
WHERE uf.nm_uf = 'Minas Gerais' AND md.in_alimentacao = 1;",1
M0107,"Liste as escolas do estado de São Paulo que possuem refeitório, informando o município.",Médio,"SELECT e.nm_entidade, mu.nm_mun
FROM escola e
JOIN microdados_ed_basica md ON e.cd_entidade = md.cd_entidade
JOIN municipio mu ON ST_Intersects(mu.geometry, e.geometry)
JOIN unidade_federativa uf ON mu.cd_uf = uf.cd_uf
WHERE uf.nm_uf = 'São Paulo' AND md.in_refeitorio = 1;",1
M0108,"Liste as escolas do estado de Alagoas que possuem auditório, informando o município.",Médio,"SELECT e.nm_entidade, mu.nm_mun
FROM escola e
JOIN microdados_ed_basica md ON e.cd_entidade = md.cd_entidade
JOIN municipio mu ON ST_Intersects(mu.geometry, e.geometry)
JOIN unidade_federativa uf ON mu.cd_uf = uf.cd_uf
WHERE uf.nm_uf = 'Alagoas' AND md.in_auditorio = 1;",1
M0109,"Liste as escolas do estado de Minas Gerais que possuem auditório, informando o município.",Médio,"SELECT e.nm_entidade, mu.nm_mun
FROM escola e
JOIN microdados_ed_basica md ON e.cd_entidade = md.cd_entidade
JOIN municipio mu ON ST_Intersects(mu.geometry, e.geometry)
JOIN unidade_federativa uf ON mu.cd_uf = uf.cd_uf
WHERE uf.nm_uf = 'Minas Gerais' AND md.in_auditorio = 1;",1
M0110,"Liste as escolas do estado de Rio Grande do Norte que possuem rampas de acessibilidade, informando o município.",Médio,"SELECT e.nm_entidade, mu.nm_mun
FROM escola e
JOIN microdados_ed_basica md ON e.cd_entidade = md.cd_entidade
JOIN municipio mu ON ST_Intersects(mu.geometry, e.geometry)
JOIN unidade_federativa uf ON mu.cd_uf = uf.cd_uf
WHERE uf.nm_uf = 'Rio Grande do Norte' AND md.in_acessibilidade_rampas = 1;",1
M0111,"Liste as escolas do estado de Mato Grosso do Sul que possuem laboratório de ciências, informando o município.",Médio,"SELECT e.nm_entidade, mu.nm_mun
FROM escola e
JOIN microdados_ed_basica md ON e.cd_entidade = md.cd_entidade
JOIN municipio mu ON ST_Intersects(mu.geometry, e.geometry)
JOIN unidade_federativa uf ON mu.cd_uf = uf.cd_uf
WHERE uf.nm_uf = 'Mato Grosso do Sul' AND md.in_laboratorio_ciencias = 1;",1
M0112,Quais escolas com laboratório de informática ficam no estado de Espírito Santo? Mostre o município.,Médio,"SELECT e.nm_entidade, mu.nm_mun
FROM escola e
JOIN microdados_ed_basica md ON e.cd_entidade = md.cd_entidade
JOIN municipio mu ON ST_Intersects(mu.geometry, e.geometry)
JOIN unidade_federativa uf ON mu.cd_uf = uf.cd_uf
WHERE uf.nm_uf = 'Espírito Santo' AND md.in_laboratorio_informatica = 1;",1
M0113,"Liste as escolas do estado de Rio Grande do Sul que possuem rampas de acessibilidade, informando o município.",Médio,"SELECT e.nm_entidade, mu.nm_mun
FROM escola e
JOIN microdados_ed_basica md ON e.cd_entidade = md.cd_entidade
JOIN municipio mu ON ST_Within(e.geometry, mu.geometry)
JOIN unidade_federativa uf ON mu.cd_uf = uf.cd_uf
WHERE uf.nm_uf = 'Rio Grande do Sul' AND md.in_acessibilidade_rampas = 1;",1
M0114,Quais escolas com esgoto da rede pública ficam no estado de Rio Grande do Norte? Mostre o município.,Médio,"SELECT e.nm_entidade, mu.nm_mun
FROM escola e
JOIN microdados_ed_basica md ON e.cd_entidade = md.cd_entidade
JOIN municipio mu ON ST_Within(e.geometry, mu.geometry)
JOIN unidade_federativa uf ON mu.cd_uf = uf.cd_uf
WHERE uf.nm_uf = 'Rio Grande do Norte' AND md.in_esgoto_rede_publica = 1;",1
M0115,Quais escolas com água potável ficam no estado de Goiás? Mostre o município.,Médio,"SELECT e.nm_entidade, mu.nm_mun
FROM escola e
JOIN microdados_ed_basica md ON e.cd_entidade = md.cd_entidade
JOIN municipio mu ON ST_Within(e.geometry, mu.geometry)
JOIN unidade_federativa uf ON mu.cd_uf = uf.cd_uf
WHERE uf.nm_uf = 'Goiás' AND md.in_agua_potavel = 1;",1
M0116,Quais escolas com parque infantil ficam no estado de Pará? Mostre o município.,Médio,"SELECT e.nm_entidade, mu.nm_mun
FROM escola e
JOIN microdados_ed_basica md ON e.cd_entidade = md.cd_entidade
JOIN municipio mu ON ST_Within(e.geometry, mu.geometry)
JOIN unidade_federativa uf ON mu.cd_uf = uf.cd_uf
WHERE uf.nm_uf = 'Pará' AND md.in_parque_infantil = 1;",1
M0117,"Liste as escolas do estado de Paraíba que possuem laboratório de educação profissional, informando o município.",Médio,"SELECT e.nm_entidade, mu.nm_mun
FROM escola e
JOIN microdados_ed_basica md ON e.cd_entidade = md.cd_entidade
JOIN municipio mu ON ST_Within(e.geometry, mu.geometry)
JOIN unidade_federativa uf ON mu.cd_uf = uf.cd_uf
WHERE uf.nm_uf = 'Paraíba' AND md.in_laboratorio_educ_prof = 1;",1
M0118,"Liste as escolas do estado de Sergipe que possuem biblioteca, informando o município.",Médio,"SELECT e.nm_entidade, mu.nm_mun
FROM escola e
JOIN microdados_ed_basica md ON e.cd_entidade = md.cd_entidade
JOIN municipio mu ON ST_Within(e.geometry, mu.geometry)
JOIN unidade_federativa uf ON mu.cd_uf = uf.cd_uf
WHERE uf.nm_uf = 'Sergipe' AND md.in_biblioteca = 1;",1
M0119,Quais escolas com esgoto da rede pública ficam no estado de Amapá? Mostre o município.,Médio,"SELECT e.nm_entidade, mu.nm_mun
FROM escola e
JOIN microdados_ed_basica md ON e.cd_entidade = md.cd_entidade
JOIN municipio mu ON ST_Within(e.geometry, mu.geometry)
JOIN unidade_federativa uf ON mu.cd_uf = uf.cd_uf
WHERE uf.nm_uf = 'Amapá' AND md.in_esgoto_rede_publica = 1;",1
M0120,"Liste as escolas do estado de Alagoas que possuem biblioteca, informando o município.",Médio,"SELECT e.nm_entidade, mu.nm_mun
FROM escola e
JOIN microdados_ed_basica md ON e.cd_entidade = md.cd_entidade
JOIN municipio mu ON ST_Within(e.geometry, mu.geometry)
JOIN unidade_federativa uf ON mu.cd_uf = uf.cd_uf
WHERE uf.nm_uf = 'Alagoas' AND md.in_biblioteca = 1;",1
M0121,Quais escolas com energia da rede pública ficam no estado de Bahia? Mostre o município.,Médio,"SELECT e.nm_entidade, mu.nm_mun
FROM escola e
JOIN microdados_ed_basica md ON e.cd_entidade = md.cd_entidade
JOIN municipio mu ON ST_Within(e.geometry, mu.geometry)
JOIN unidade_federativa uf ON mu.cd_uf = uf.cd_uf
WHERE uf.nm_uf = 'Bahia' AND md.in_energia_rede_publica = 1;",1
M0122,Quais escolas com parque infantil ficam no estado de Sergipe? Mostre o município.,Médio,"SELECT e.nm_entidade, mu.nm_mun
FROM escola e
JOIN microdados_ed_basica md ON e.cd_entidade = md.cd_entidade
JOIN municipio mu ON ST_Within(e.geometry, mu.geometry)
JOIN unidade_federativa uf ON mu.cd_uf = uf.cd_uf
WHERE uf.nm_uf = 'Sergipe' AND md.in_parque_infantil = 1;",1
M0123,Quais escolas com banheiro adaptado para PNE ficam no estado de Amapá? Mostre o município.,Médio,"SELECT e.nm_entidade, mu.nm_mun
FROM escola e
JOIN microdados_ed_basica md ON e.cd_entidade = md.cd_entidade
JOIN municipio mu ON ST_Within(e.geometry, mu.geometry)
JOIN unidade_federativa uf ON mu.cd_uf = uf.cd_uf
WHERE uf.nm_uf = 'Amapá' AND md.in_banheiro_pne = 1;",1
M0124,"Liste as escolas do estado de Paraíba que possuem biblioteca, informando o município.",Médio,"SELECT e.nm_entidade, mu.nm_mun
FROM escola e
JOIN microdados_ed_basica md ON e.cd_entidade = md.cd_entidade
JOIN municipio mu ON ST_Within(e.geometry, mu.geometry)
JOIN unidade_federativa uf ON mu.cd_uf = uf.cd_uf
WHERE uf.nm_uf = 'Paraíba' AND md.in_biblioteca = 1;",1
M0125,"Liste as escolas do estado de Espírito Santo que possuem internet de banda larga, informando o município.",Médio,"SELECT e.nm_entidade, mu.nm_mun
FROM escola e
JOIN microdados_ed_basica md ON e.cd_entidade = md.cd_entidade
JOIN municipio mu ON ST_Within(e.geometry, mu.geometry)
JOIN unidade_federativa uf ON mu.cd_uf = uf.cd_uf
WHERE uf.nm_uf = 'Espírito Santo' AND md.in_banda_larga = 1;",1
M0126,Quais escolas com esgoto da rede pública ficam no estado de Amazonas? Mostre o município.,Médio,"SELECT e.nm_entidade, mu.nm_mun
FROM escola e
JOIN microdados_ed_basica md ON e.cd_entidade = md.cd_entidade
JOIN municipio mu ON ST_Within(e.geometry, mu.geometry)
JOIN unidade_federativa uf ON mu.cd_uf = uf.cd_uf
WHERE uf.nm_uf = 'Amazonas' AND md.in_esgoto_rede_publica = 1;",1
M0127,"Quais escolas com laboratório de ciências estão a até 4 km do centro de Salvador, no estado de Mato Grosso do Sul?",Médio,"SELECT e.nm_entidade, mu.nm_mun
FROM escola e
JOIN microdados_ed_basica md ON e.cd_entidade = md.cd_entidade
JOIN municipio mu ON ST_Contains(mu.geometry, e.geometry)
WHERE mu.cd_uf = (SELECT cd_uf FROM unidade_federativa WHERE nm_uf = 'Mato Grosso do Sul')
  AND md.in_laboratorio_ciencias = 1
  AND ST_DWithin(e.geometry::geography, ST_SetSRID(ST_MakePoint(-38.5189, -12.9886), 4674)::geography, 4000);",1
M0128,"Quais escolas com refeitório estão a até 20 km do centro de Salvador, no estado de Alagoas?",Médio,"SELECT e.nm_entidade, mu.nm_mun
FROM escola e
JOIN microdados_ed_basica md ON e.cd_entidade = md.cd_entidade
JOIN municipio mu ON ST_Contains(mu.geometry, e.geometry)
WHERE mu.cd_uf = (SELECT cd_uf FROM unidade_federativa WHERE nm_uf = 'Alagoas')
  AND md.in_refeitorio = 1
  AND ST_DWithin(e.geometry::geography, ST_SetSRID(ST_MakePoint(-38.4971, -12.9796), 4674)::geography, 20000);",1
M0129,"Quais escolas com refeitório estão a até 3 km do centro de Palmas, no estado de Maranhão?",Médio,"SELECT e.nm_entidade, mu.nm_mun
FROM escola e
JOIN microdados_ed_basica md ON e.cd_entidade = md.cd_entidade
JOIN municipio mu ON ST_Contains(mu.geometry, e.geometry)
WHERE mu.cd_uf = (SELECT cd_uf FROM unidade_federativa WHERE nm_uf = 'Maranhão')
  AND md.in_refeitorio = 1
  AND ST_DWithin(e.geometry::geography, ST_SetSRID(ST_MakePoint(-48.3398, -10.1815), 4674)::geography, 3000);",1
M0130,"Quais escolas com parque infantil estão a até 20 km do centro de Belo Horizonte, no estado de Pará?",Médio,"SELECT e.nm_entidade, mu.nm_mun
FROM escola e
JOIN microdados_ed_basica md ON e.cd_entidade = md.cd_entidade
JOIN municipio mu ON ST_Contains(mu.geometry, e.geometry)
WHERE mu.cd_uf = (SELECT cd_uf FROM unidade_federativa WHERE nm_uf = 'Pará')
  AND md.in_parque_infantil = 1
  AND ST_DWithin(e.geometry::geography, ST_SetSRID(ST_MakePoint(-43.9479, -19.9054), 4674)::geography, 20000);",1
M0131,"Quais escolas com água potável estão a até 8 km do centro de Teresina, no estado de Bahia?",Médio,"SELECT e.nm_entidade, mu.nm_mun
FROM escola e
JOIN microdados_ed_basica md ON e.cd_entidade = md.cd_entidade
JOIN municipio mu ON ST_Contains(mu.geometry, e.geometry)
WHERE mu.cd_uf = (SELECT cd_uf FROM unidade_federativa WHERE nm_uf = 'Bahia')
  AND md.in_agua_potavel = 1
  AND ST_DWithin(e.geometry::geography, ST_SetSRID(ST_MakePoint(-42.7879, -5.0833), 4674)::geography, 8000);",1
M0132,"Quais escolas com refeitório estão a até 5 km do centro de Cuiabá, no estado de Paraíba?",Médio,"SELECT e.nm_entidade, mu.nm_mun
FROM escola e
JOIN microdados_ed_basica md ON e.cd_entidade = md.cd_entidade
JOIN municipio mu ON ST_Contains(mu.geometry, e.geometry)
WHERE mu.cd_uf = (SELECT cd_uf FROM unidade_federativa WHERE nm_uf = 'Paraíba')
  AND md.in_refeitorio = 1
  AND ST_DWithin(e.geometry::geography, ST_SetSRID(ST_MakePoint(-56.0829, -15.6043), 4674)::geography, 5000);",1
M0133,"Quais escolas com parque infantil estão a até 4 km do centro de Porto Alegre, no estado de Mato Grosso do Sul?",Médio,"SELECT e.nm_entidade, mu.nm_mun
FROM escola e
JOIN microdados_ed_basica md ON e.cd_entidade = md.cd_entidade
JOIN municipio mu ON ST_Contains(mu.geometry, e.geometry)
WHERE mu.cd_uf = (SELECT cd_uf FROM unidade_federativa WHERE nm_uf = 'Mato Grosso do Sul')
  AND md.in_parque_infantil = 1
  AND ST_DWithin(e.geometry::geography, ST_SetSRID(ST_MakePoint(-51.2438, -30.0351), 4674)::geography, 4000);",1
M0134,"Quais escolas com quadra de esportes estão a até 6 km do centro de Vitória, no estado de Goiás?",Médio,"SELECT e.nm_entidade, mu.nm_mun
FROM escola e
JOIN microdados_ed_basica md ON e.cd_entidade = md.cd_entidade
JOIN municipio mu ON ST_Contains(mu.geometry, e.geometry)
WHERE mu.cd_uf = (SELECT cd_uf FROM unidade_federativa WHERE nm_uf = 'Goiás')
  AND md.in_quadra_esportes = 1
  AND ST_DWithin(e.geometry::geography, ST_SetSRID(ST_MakePoint(-40.3541, -20.321), 4674)::geography, 6000);",1
M0135,"Quais escolas com auditório estão a até 6 km do centro de Cuiabá, no estado de Mato Grosso do Sul?",Médio,"SELECT e.nm_entidade, mu.nm_mun
FROM escola e
JOIN microdados_ed_basica md ON e.cd_entidade = md.cd_entidade
JOIN municipio mu ON ST_Contains(mu.geometry, e.geometry)
WHERE mu.cd_uf = (SELECT cd_uf FROM unidade_federativa WHERE nm_uf = 'Mato Grosso do Sul')
  AND md.in_auditorio = 1
  AND ST_DWithin(e.geometry::geography, ST_SetSRID(ST_MakePoint(-56.0989, -15.6042), 4674)::geography, 6000);",1
M0136,"Quais escolas com cozinha estão a até 10 km do centro de Vitória, no estado de Amapá?",Médio,"SELECT e.nm_entidade, mu.nm_mun
FROM escola e
JOIN microdados_ed_basica md ON e.cd_entidade = md.cd_entidade
JOIN municipio mu ON ST_Contains(mu.geometry, e.geometry)
WHERE mu.cd_uf = (SELECT cd_uf FROM unidade_federativa WHERE nm_uf = 'Amapá')
  AND md.in_cozinha = 1
  AND ST_DWithin(e.geometry::geography, ST_SetSRID(ST_MakePoint(-40.3354, -20.3215), 4674)::geography, 10000);",1
M0137,"Quais escolas com cozinha estão a até 20 km do centro de Rio de Janeiro, no estado de Goiás?",Médio,"SELECT e.nm_entidade, mu.nm_mun
FROM escola e
JOIN microdados_ed_basica md ON e.cd_entidade = md.cd_entidade
JOIN municipio mu ON ST_Contains(mu.geometry, e.geometry)
WHERE mu.cd_uf = (SELECT cd_uf FROM unidade_federativa WHERE nm_uf = 'Goiás')
  AND md.in_cozinha = 1
  AND ST_DWithin(e.geometry::geography, ST_SetSRID(ST_MakePoint(-43.1959, -22.9195), 4674)::geography, 20000);",1
M0138,"Quais escolas com biblioteca estão a até 10 km do centro de Florianópolis, no estado de Rio Grande do Sul?",Médio,"SELECT e.nm_entidade, mu.nm_mun
FROM escola e
JOIN microdados_ed_basica md ON e.cd_entidade = md.cd_entidade
JOIN municipio mu ON ST_Contains(mu.geometry, e.geometry)
WHERE mu.cd_uf = (SELECT cd_uf FROM unidade_federativa WHERE nm_uf = 'Rio Grande do Sul')
  AND md.in_biblioteca = 1
  AND ST_DWithin(e.geometry::geography, ST_SetSRID(ST_MakePoint(-48.534, -27.5757), 4674)::geography, 10000);",1
M0139,"Quais escolas com cozinha estão a até 2 km do centro de Fortaleza, no estado de Sergipe?",Médio,"SELECT e.nm_entidade, mu.nm_mun
FROM escola e
JOIN microdados_ed_basica md ON e.cd_entidade = md.cd_entidade
JOIN municipio mu ON ST_Contains(mu.geometry, e.geometry)
WHERE mu.cd_uf = (SELECT cd_uf FROM unidade_federativa WHERE nm_uf = 'Sergipe')
  AND md.in_cozinha = 1
  AND ST_DWithin(e.geometry::geography, ST_SetSRID(ST_MakePoint(-38.5357, -3.7114), 4674)::geography, 2000);",1
M0140,"Quais escolas com laboratório de educação profissional estão a até 4 km do centro de Porto Alegre, no estado de Rondônia?",Médio,"SELECT e.nm_entidade, mu.nm_mun
FROM escola e
JOIN microdados_ed_basica md ON e.cd_entidade = md.cd_entidade
JOIN municipio mu ON ST_Contains(mu.geometry, e.geometry)
WHERE mu.cd_uf = (SELECT cd_uf FROM unidade_federativa WHERE nm_uf = 'Rondônia')
  AND md.in_laboratorio_educ_prof = 1
  AND ST_DWithin(e.geometry::geography, ST_SetSRID(ST_MakePoint(-51.2348, -30.0309), 4674)::geography, 4000);",1
M0141,"Quais escolas com internet de banda larga estão a até 10 km do centro de Belo Horizonte, no estado de Santa Catarina?",Médio,"SELECT e.nm_entidade, mu.nm_mun
FROM escola e
JOIN microdados_ed_basica md ON e.cd_entidade = md.cd_entidade
JOIN municipio mu ON ST_Contains(mu.geometry, e.geometry)
WHERE mu.cd_uf = (SELECT cd_uf FROM unidade_federativa WHERE nm_uf = 'Santa Catarina')
  AND md.in_banda_larga = 1
  AND ST_DWithin(e.geometry::geography, ST_SetSRID(ST_MakePoint(-43.9304, -19.9378), 4674)::geography, 10000);",1
M0142,"Quais escolas com auditório estão a até 15 km do centro de Manaus, no estado de Mato Grosso?",Médio,"SELECT e.nm_entidade, mu.nm_mun
FROM escola e
JOIN microdados_ed_basica md ON e.cd_entidade = md.cd_entidade
JOIN municipio mu ON ST_Contains(mu.geometry, e.geometry)
WHERE mu.cd_uf = (SELECT cd_uf FROM unidade_federativa WHERE nm_uf = 'Mato Grosso')
  AND md.in_auditorio = 1
  AND ST_DWithin(e.geometry::geography, ST_SetSRID(ST_MakePoint(-60.0114, -3.1189), 4674)::geography, 15000);",1
M0143,"Quais escolas com refeitório estão a até 4 km do centro de Goiânia, no estado de Amapá?",Médio,"SELECT e.nm_entidade, mu.nm_mun
FROM escola e
JOIN microdados_ed_basica md ON e.cd_entidade = md.cd_entidade
JOIN municipio mu ON ST_Contains(mu.geometry, e.geometry)
WHERE mu.cd_uf = (SELECT cd_uf FROM unidade_federativa WHERE nm_uf = 'Amapá')
  AND md.in_refeitorio = 1
  AND ST_DWithin(e.geometry::geography, ST_SetSRID(ST_MakePoint(-49.2352, -16.7065), 4674)::geography, 4000);",1
M0144,"Quais escolas com laboratório de educação profissional estão a até 6 km do centro de Maceió, no estado de Rio Grande do Norte?",Médio,"SELECT e.nm_entidade, mu.nm_mun
FROM escola e
JOIN microdados_ed_basica md ON e.cd_entidade = md.cd_entidade
JOIN municipio mu ON ST_Contains(mu.geometry, e.geometry)
WHERE mu.cd_uf = (SELECT cd_uf FROM unidade_federativa WHERE nm_uf = 'Rio Grande do Norte')
  AND md.in_laboratorio_educ_prof = 1
  AND ST_DWithin(e.geometry::geography, ST_SetSRID(ST_MakePoint(-35.7522, -9.6589), 4674)::geography, 6000);",1
M0145,"Quais escolas com internet estão a até 15 km do centro de Fortaleza, no estado de Goiás?",Médio,"SELECT e.nm_entidade, mu.nm_mun
FROM escola e
JOIN microdados_ed_basica md ON e.cd_entidade = md.cd_entidade
JOIN municipio mu ON ST_Contains(mu.geometry, e.geometry)
WHERE mu.cd_uf = (SELECT cd_uf FROM unidade_federativa WHERE nm_uf = 'Goiás')
  AND md.in_internet = 1
  AND ST_DWithin(e.geometry::geography, ST_SetSRID(ST_MakePoint(-38.5583, -3.7386), 4674)::geography, 15000);",1
M0146,"Quais escolas com banheiro adaptado para PNE estão a até 10 km do centro de Rio de Janeiro, no estado de Acre?",Médio,"SELECT e.nm_entidade, mu.nm_mun
FROM escola e
JOIN microdados_ed_basica md ON e.cd_entidade = md.cd_entidade
JOIN municipio mu ON ST_Contains(mu.geometry, e.geometry)
WHERE mu.cd_uf = (SELECT cd_uf FROM unidade_federativa WHERE nm_uf = 'Acre')
  AND md.in_banheiro_pne = 1
  AND ST_DWithin(e.geometry::geography, ST_SetSRID(ST_MakePoint(-43.1871, -22.8969), 4674)::geography, 10000);",1
M0147,"Quais escolas com esgoto da rede pública estão a até 4 km do centro de João Pessoa, no estado de Piauí?",Médio,"SELECT e.nm_entidade, mu.nm_mun
FROM escola e
JOIN microdados_ed_basica md ON e.cd_entidade = md.cd_entidade
JOIN municipio mu ON ST_Contains(mu.geometry, e.geometry)
WHERE mu.cd_uf = (SELECT cd_uf FROM unidade_federativa WHERE nm_uf = 'Piauí')
  AND md.in_esgoto_rede_publica = 1
  AND ST_DWithin(e.geometry::geography, ST_SetSRID(ST_MakePoint(-34.8559, -7.1127), 4674)::geography, 4000);",1
M0148,"Quais escolas com laboratório de informática estão a até 10 km do centro de Goiânia, no estado de Rio Grande do Sul?",Médio,"SELECT e.nm_entidade, mu.nm_mun
FROM escola e
JOIN microdados_ed_basica md ON e.cd_entidade = md.cd_entidade
JOIN municipio mu ON ST_Contains(mu.geometry, e.geometry)
WHERE mu.cd_uf = (SELECT cd_uf FROM unidade_federativa WHERE nm_uf = 'Rio Grande do Sul')
  AND md.in_laboratorio_informatica = 1
  AND ST_DWithin(e.geometry::geography, ST_SetSRID(ST_MakePoint(-49.2527, -16.6975), 4674)::geography, 10000);",1
M0149,"Quais escolas com laboratório de informática estão a até 5 km do centro de Porto Alegre, no estado de Amapá?",Médio,"SELECT e.nm_entidade, mu.nm_mun
FROM escola e
JOIN microdados_ed_basica md ON e.cd_entidade = md.cd_entidade
JOIN municipio mu ON ST_Contains(mu.geometry, e.geometry)
WHERE mu.cd_uf = (SELECT cd_uf FROM unidade_federativa WHERE nm_uf = 'Amapá')
  AND md.in_laboratorio_informatica = 1
  AND ST_DWithin(e.geometry::geography, ST_SetSRID(ST_MakePoint(-51.2108, -30.0223), 4674)::geography, 5000);",1
M0150,"Quais escolas com quadra de esportes coberta estão a até 2 km do centro de Belo Horizonte, no estado de Rio Grande do Norte?",Médio,"SELECT e.nm_entidade, mu.nm_mun
FROM escola e
JOIN microdados_ed_basica md ON e.cd_entidade = md.cd_entidade
JOIN municipio mu ON ST_Contains(mu.geometry, e.geometry)
WHERE mu.cd_uf = (SELECT cd_uf FROM unidade_federativa WHERE nm_uf = 'Rio Grande do Norte')
  AND md.in_quadra_esportes_coberta = 1
  AND ST_DWithin(e.geometry::geography, ST_SetSRID(ST_MakePoint(-43.9251, -19.9111), 4674)::geography, 2000);",1
M0151,"Quais escolas com biblioteca estão a até 8 km do centro de Campo Grande, no estado de Goiás?",Médio,"SELECT e.nm_entidade, mu.nm_mun
FROM escola e
JOIN microdados_ed_basica md ON e.cd_entidade = md.cd_entidade
JOIN municipio mu ON ST_Contains(mu.geometry, e.geometry)
WHERE mu.cd_uf = (SELECT cd_uf FROM unidade_federativa WHERE nm_uf = 'Goiás')
  AND md.in_biblioteca = 1
  AND ST_DWithin(e.geometry::geography, ST_SetSRID(ST_MakePoint(-54.6495, -20.4738), 4674)::geography, 8000);",1
M0152,"Quais escolas com quadra de esportes estão a até 2 km do centro de Fortaleza, no estado de Sergipe?",Médio,"SELECT e.nm_entidade, mu.nm_mun
FROM escola e
JOIN microdados_ed_basica md ON e.cd_entidade = md.cd_entidade
JOIN municipio mu ON ST_Contains(mu.geometry, e.geometry)
WHERE mu.cd_uf = (SELECT cd_uf FROM unidade_federativa WHERE nm_uf = 'Sergipe')
  AND md.in_quadra_esportes = 1
  AND ST_DWithin(e.geometry::geography, ST_SetSRID(ST_MakePoint(-38.5294, -3.7466), 4674)::geography, 2000);",1
M0153,"Quais escolas com esgoto da rede pública estão a até 2 km do centro de Salvador, no estado de Amazonas?",Médio,"SELECT e.nm_entidade, mu.nm_mun
FROM escola e
JOIN microdados_ed_basica md ON e.cd_entidade = md.cd_entidade
JOIN municipio mu ON ST_Contains(mu.geometry, e.geometry)
WHERE mu.cd_uf = (SELECT cd_uf FROM unidade_federativa WHERE nm_uf = 'Amazonas')
  AND md.in_esgoto_rede_publica = 1
  AND ST_DWithin(e.geometry::geography, ST_SetSRID(ST_MakePoint(-38.5272, -12.9774), 4674)::geography, 2000);",1
M0154,"Quais escolas com quadra de esportes coberta estão a até 20 km do centro de Rio de Janeiro, no estado de Bahia?",Médio,"SELECT e.nm_entidade, mu.nm_mun
FROM escola e
JOIN microdados_ed_basica md ON e.cd_entidade = md.cd_entidade
JOIN municipio mu ON ST_Contains(mu.geometry, e.geometry)
WHERE mu.cd_uf = (SELECT cd_uf FROM unidade_federativa WHERE nm_uf = 'Bahia')
  AND md.in_quadra_esportes_coberta = 1
  AND ST_DWithin(e.geometry::geography, ST_SetSRID(ST_MakePoint(-43.1867, -22.9037), 4674)::geography, 20000);",1
M0155,"Para cada município de Rio Grande do Sul, qual a extensão aproximada das divisas em km?",Médio,"SELECT mu.nm_mun, ROUND((ST_Length(ST_Transform(ST_Boundary(mu.geometry), 5880)) / 1000)::numeric, 2) AS perimetro_km
FROM municipio mu
JOIN unidade_federativa uf ON mu.cd_uf = uf.cd_uf
WHERE uf.nm_uf = 'Rio Grande do Sul'
ORDER BY perimetro_km DESC;",1
M0156,"Para cada município de Mato Grosso do Sul, qual a extensão aproximada das divisas em km?",Médio,"SELECT mu.nm_mun, ROUND((ST_Length(ST_Transform(ST_Boundary(mu.geometry), 5880)) / 1000)::numeric, 2) AS perimetro_km
FROM municipio mu
JOIN unidade_federativa uf ON mu.cd_uf = uf.cd_uf
WHERE uf.nm_uf = 'Mato Grosso do Sul'
ORDER BY perimetro_km DESC;",1
M0157,"Para cada município de Paraíba, qual a extensão aproximada das divisas em km?",Médio,"SELECT mu.nm_mun, ROUND((ST_Length(ST_Transform(ST_Boundary(mu.geometry), 5880)) / 1000)::numeric, 2) AS perimetro_km
FROM municipio mu
JOIN unidade_federativa uf ON mu.cd_uf = uf.cd_uf
WHERE uf.nm_uf = 'Paraíba'
ORDER BY perimetro_km DESC;",1
M0158,"Para cada município de Pará, qual a extensão aproximada das divisas em km?",Médio,"SELECT mu.nm_mun, ROUND((ST_Length(ST_Transform(ST_Boundary(mu.geometry), 5880)) / 1000)::numeric, 2) AS perimetro_km
FROM municipio mu
JOIN unidade_federativa uf ON mu.cd_uf = uf.cd_uf
WHERE uf.nm_uf = 'Pará'
ORDER BY perimetro_km DESC;",1
M0159,"Para cada município de Mato Grosso, qual a extensão aproximada das divisas em km?",Médio,"SELECT mu.nm_mun, ROUND((ST_Length(ST_Transform(ST_Boundary(mu.geometry), 5880)) / 1000)::numeric, 2) AS perimetro_km
FROM municipio mu
JOIN unidade_federativa uf ON mu.cd_uf = uf.cd_uf
WHERE uf.nm_uf = 'Mato Grosso'
ORDER BY perimetro_km DESC;",1
M0160,"Para cada município de Rio de Janeiro, qual a extensão aproximada das divisas em km?",Médio,"SELECT mu.nm_mun, ROUND((ST_Length(ST_Transform(ST_Boundary(mu.geometry), 5880)) / 1000)::numeric, 2) AS perimetro_km
FROM municipio mu
JOIN unidade_federativa uf ON mu.cd_uf = uf.cd_uf
WHERE uf.nm_uf = 'Rio de Janeiro'
ORDER BY perimetro_km DESC;",1
M0161,"Para cada município de Espírito Santo, qual a extensão aproximada das divisas em km?",Médio,"SELECT mu.nm_mun, ROUND((ST_Length(ST_Transform(ST_Boundary(mu.geometry), 5880)) / 1000)::numeric, 2) AS perimetro_km
FROM municipio mu
JOIN unidade_federativa uf ON mu.cd_uf = uf.cd_uf
WHERE uf.nm_uf = 'Espírito Santo'
ORDER BY perimetro_km DESC;",1
M0162,"Para cada município de Alagoas, qual a extensão aproximada das divisas em km?",Médio,"SELECT mu.nm_mun, ROUND((ST_Length(ST_Transform(ST_Boundary(mu.geometry), 5880)) / 1000)::numeric, 2) AS perimetro_km
FROM municipio mu
JOIN unidade_federativa uf ON mu.cd_uf = uf.cd_uf
WHERE uf.nm_uf = 'Alagoas'
ORDER BY perimetro_km DESC;",1
M0163,"Para cada município de Santa Catarina, qual a extensão aproximada das divisas em km?",Médio,"SELECT mu.nm_mun, ROUND((ST_Length(ST_Transform(ST_Boundary(mu.geometry), 5880)) / 1000)::numeric, 2) AS perimetro_km
FROM municipio mu
JOIN unidade_federativa uf ON mu.cd_uf = uf.cd_uf
WHERE uf.nm_uf = 'Santa Catarina'
ORDER BY perimetro_km DESC;",1
M0164,"Para cada município de Acre, qual a extensão aproximada das divisas em km?",Médio,"SELECT mu.nm_mun, ROUND((ST_Length(ST_Transform(ST_Boundary(mu.geometry), 5880)) / 1000)::numeric, 2) AS perimetro_km
FROM municipio mu
JOIN unidade_federativa uf ON mu.cd_uf = uf.cd_uf
WHERE uf.nm_uf = 'Acre'
ORDER BY perimetro_km DESC;",1
M0165,"Para cada município de Paraná, qual a extensão aproximada das divisas em km?",Médio,"SELECT mu.nm_mun, ROUND((ST_Length(ST_Transform(ST_Boundary(mu.geometry), 5880)) / 1000)::numeric, 2) AS perimetro_km
FROM municipio mu
JOIN unidade_federativa uf ON mu.cd_uf = uf.cd_uf
WHERE uf.nm_uf = 'Paraná'
ORDER BY perimetro_km DESC;",1
M0166,"Para cada município de Minas Gerais, qual a extensão aproximada das divisas em km?",Médio,"SELECT mu.nm_mun, ROUND((ST_Length(ST_Transform(ST_Boundary(mu.geometry), 5880)) / 1000)::numeric, 2) AS perimetro_km
FROM municipio mu
JOIN unidade_federativa uf ON mu.cd_uf = uf.cd_uf
WHERE uf.nm_uf = 'Minas Gerais'
ORDER BY perimetro_km DESC;",1
M0167,"Para cada município de Amazonas, qual a extensão aproximada das divisas em km?",Médio,"SELECT mu.nm_mun, ROUND((ST_Length(ST_Transform(ST_Boundary(mu.geometry), 5880)) / 1000)::numeric, 2) AS perimetro_km
FROM municipio mu
JOIN unidade_federativa uf ON mu.cd_uf = uf.cd_uf
WHERE uf.nm_uf = 'Amazonas'
ORDER BY perimetro_km DESC;",1
M0168,"Para cada município de Maranhão, qual a extensão aproximada das divisas em km?",Médio,"SELECT mu.nm_mun, ROUND((ST_Length(ST_Transform(ST_Boundary(mu.geometry), 5880)) / 1000)::numeric, 2) AS perimetro_km
FROM municipio mu
JOIN unidade_federativa uf ON mu.cd_uf = uf.cd_uf
WHERE uf.nm_uf = 'Maranhão'
ORDER BY perimetro_km DESC;",1
D0001,"Em Goiás, qual a distância média (m) das escolas ao centro de seu município, por município?",Difícil,"SELECT mu.nm_mun,
       ROUND(AVG(ST_Distance(e.geometry::geography, ST_Centroid(mu.geometry)::geography))::numeric, 2) AS dist_media_m
FROM escola e
JOIN municipio mu ON ST_Contains(mu.geometry, e.geometry)
JOIN unidade_federativa uf ON mu.cd_uf = uf.cd_uf
WHERE uf.nm_uf = 'Goiás'
GROUP BY mu.nm_mun
ORDER BY dist_media_m DESC;",1
D0002,"Em Ceará, qual a distância média (m) das escolas ao centro de seu município, por município?",Difícil,"SELECT mu.nm_mun,
       ROUND(AVG(ST_Distance(e.geometry::geography, ST_Centroid(mu.geometry)::geography))::numeric, 2) AS dist_media_m
FROM escola e
JOIN municipio mu ON ST_Contains(mu.geometry, e.geometry)
JOIN unidade_federativa uf ON mu.cd_uf = uf.cd_uf
WHERE uf.nm_uf = 'Ceará'
GROUP BY mu.nm_mun
ORDER BY dist_media_m DESC;",1
D0003,"Em Rondônia, qual a distância média (m) das escolas ao centro de seu município, por município?",Difícil,"SELECT mu.nm_mun,
       ROUND(AVG(ST_Distance(e.geometry::geography, ST_Centroid(mu.geometry)::geography))::numeric, 2) AS dist_media_m
FROM escola e
JOIN municipio mu ON ST_Contains(mu.geometry, e.geometry)
JOIN unidade_federativa uf ON mu.cd_uf = uf.cd_uf
WHERE uf.nm_uf = 'Rondônia'
GROUP BY mu.nm_mun
ORDER BY dist_media_m DESC;",1
D0004,"Em Bahia, qual a distância média (m) das escolas ao centro de seu município, por município?",Difícil,"SELECT mu.nm_mun,
       ROUND(AVG(ST_Distance(e.geometry::geography, ST_Centroid(mu.geometry)::geography))::numeric, 2) AS dist_media_m
FROM escola e
JOIN municipio mu ON ST_Contains(mu.geometry, e.geometry)
JOIN unidade_federativa uf ON mu.cd_uf = uf.cd_uf
WHERE uf.nm_uf = 'Bahia'
GROUP BY mu.nm_mun
ORDER BY dist_media_m DESC;",1
D0005,"Em Rio Grande do Norte, qual a distância média (m) das escolas ao centro de seu município, por município?",Difícil,"SELECT mu.nm_mun,
       ROUND(AVG(ST_Distance(e.geometry::geography, ST_Centroid(mu.geometry)::geography))::numeric, 2) AS dist_media_m
FROM escola e
JOIN municipio mu ON ST_Contains(mu.geometry, e.geometry)
JOIN unidade_federativa uf ON mu.cd_uf = uf.cd_uf
WHERE uf.nm_uf = 'Rio Grande do Norte'
GROUP BY mu.nm_mun
ORDER BY dist_media_m DESC;",1
D0006,"Em Maranhão, qual a distância média (m) das escolas ao centro de seu município, por município?",Difícil,"SELECT mu.nm_mun,
       ROUND(AVG(ST_Distance(e.geometry::geography, ST_Centroid(mu.geometry)::geography))::numeric, 2) AS dist_media_m
FROM escola e
JOIN municipio mu ON ST_Contains(mu.geometry, e.geometry)
JOIN unidade_federativa uf ON mu.cd_uf = uf.cd_uf
WHERE uf.nm_uf = 'Maranhão'
GROUP BY mu.nm_mun
ORDER BY dist_media_m DESC;",1
D0007,"Em Sergipe, qual a distância média (m) das escolas ao centro de seu município, por município?",Difícil,"SELECT mu.nm_mun,
       ROUND(AVG(ST_Distance(e.geometry::geography, ST_Centroid(mu.geometry)::geography))::numeric, 2) AS dist_media_m
FROM escola e
JOIN municipio mu ON ST_Contains(mu.geometry, e.geometry)
JOIN unidade_federativa uf ON mu.cd_uf = uf.cd_uf
WHERE uf.nm_uf = 'Sergipe'
GROUP BY mu.nm_mun
ORDER BY dist_media_m DESC;",1
D0008,"Em Espírito Santo, qual a distância média (m) das escolas ao centro de seu município, por município?",Difícil,"SELECT mu.nm_mun,
       ROUND(AVG(ST_Distance(e.geometry::geography, ST_Centroid(mu.geometry)::geography))::numeric, 2) AS dist_media_m
FROM escola e
JOIN municipio mu ON ST_Contains(mu.geometry, e.geometry)
JOIN unidade_federativa uf ON mu.cd_uf = uf.cd_uf
WHERE uf.nm_uf = 'Espírito Santo'
GROUP BY mu.nm_mun
ORDER BY dist_media_m DESC;",1
D0009,"Em Paraná, qual a distância média (m) das escolas ao centro de seu município, por município?",Difícil,"SELECT mu.nm_mun,
       ROUND(AVG(ST_Distance(e.geometry::geography, ST_Centroid(mu.geometry)::geography))::numeric, 2) AS dist_media_m
FROM escola e
JOIN municipio mu ON ST_Contains(mu.geometry, e.geometry)
JOIN unidade_federativa uf ON mu.cd_uf = uf.cd_uf
WHERE uf.nm_uf = 'Paraná'
GROUP BY mu.nm_mun
ORDER BY dist_media_m DESC;",1
D0010,"Em Mato Grosso, qual a distância média (m) das escolas ao centro de seu município, por município?",Difícil,"SELECT mu.nm_mun,
       ROUND(AVG(ST_Distance(e.geometry::geography, ST_Centroid(mu.geometry)::geography))::numeric, 2) AS dist_media_m
FROM escola e
JOIN municipio mu ON ST_Contains(mu.geometry, e.geometry)
JOIN unidade_federativa uf ON mu.cd_uf = uf.cd_uf
WHERE uf.nm_uf = 'Mato Grosso'
GROUP BY mu.nm_mun
ORDER BY dist_media_m DESC;",1
D0011,"Em Paraíba, qual a distância média (m) das escolas ao centro de seu município, por município?",Difícil,"SELECT mu.nm_mun,
       ROUND(AVG(ST_Distance(e.geometry::geography, ST_Centroid(mu.geometry)::geography))::numeric, 2) AS dist_media_m
FROM escola e
JOIN municipio mu ON ST_Contains(mu.geometry, e.geometry)
JOIN unidade_federativa uf ON mu.cd_uf = uf.cd_uf
WHERE uf.nm_uf = 'Paraíba'
GROUP BY mu.nm_mun
ORDER BY dist_media_m DESC;",1
D0012,"Em Tocantins, qual a distância média (m) das escolas ao centro de seu município, por município?",Difícil,"SELECT mu.nm_mun,
       ROUND(AVG(ST_Distance(e.geometry::geography, ST_Centroid(mu.geometry)::geography))::numeric, 2) AS dist_media_m
FROM escola e
JOIN municipio mu ON ST_Contains(mu.geometry, e.geometry)
JOIN unidade_federativa uf ON mu.cd_uf = uf.cd_uf
WHERE uf.nm_uf = 'Tocantins'
GROUP BY mu.nm_mun
ORDER BY dist_media_m DESC;",1
D0013,"Em São Paulo, qual a distância média (m) das escolas ao centro de seu município, por município?",Difícil,"SELECT mu.nm_mun,
       ROUND(AVG(ST_Distance(e.geometry::geography, ST_Centroid(mu.geometry)::geography))::numeric, 2) AS dist_media_m
FROM escola e
JOIN municipio mu ON ST_Contains(mu.geometry, e.geometry)
JOIN unidade_federativa uf ON mu.cd_uf = uf.cd_uf
WHERE uf.nm_uf = 'São Paulo'
GROUP BY mu.nm_mun
ORDER BY dist_media_m DESC;",1
D0014,"Em Rio de Janeiro, qual a distância média (m) das escolas ao centro de seu município, por município?",Difícil,"SELECT mu.nm_mun,
       ROUND(AVG(ST_Distance(e.geometry::geography, ST_Centroid(mu.geometry)::geography))::numeric, 2) AS dist_media_m
FROM escola e
JOIN municipio mu ON ST_Contains(mu.geometry, e.geometry)
JOIN unidade_federativa uf ON mu.cd_uf = uf.cd_uf
WHERE uf.nm_uf = 'Rio de Janeiro'
GROUP BY mu.nm_mun
ORDER BY dist_media_m DESC;",1
D0015,"Em São Luís, qual a distância média em metros das escolas até o CRAS mais próximo, por dependência administrativa?",Difícil,"SELECT e.tp_depende,
       ROUND(AVG(d.dist_m)::numeric, 2) AS media_m
FROM escola e
JOIN LATERAL (
  SELECT MIN(ST_Distance(e.geometry::geography, c.geometry::geography)) AS dist_m
  FROM cras c WHERE c.nm_mun = 'São Luís'
) d ON TRUE
JOIN municipio mu ON ST_Contains(mu.geometry, e.geometry)
WHERE mu.nm_mun = 'São Luís'
GROUP BY e.tp_depende
ORDER BY media_m;",1
D0016,"Em Uberlândia, qual a distância média em metros das escolas até o CRAS mais próximo, por dependência administrativa?",Difícil,"SELECT e.tp_depende,
       ROUND(AVG(d.dist_m)::numeric, 2) AS media_m
FROM escola e
JOIN LATERAL (
  SELECT MIN(ST_Distance(e.geometry::geography, c.geometry::geography)) AS dist_m
  FROM cras c WHERE c.nm_mun = 'Uberlândia'
) d ON TRUE
JOIN municipio mu ON ST_Contains(mu.geometry, e.geometry)
WHERE mu.nm_mun = 'Uberlândia'
GROUP BY e.tp_depende
ORDER BY media_m;",1
D0017,"Em Teresina, qual a distância média em metros das escolas até o CRAS mais próximo, por dependência administrativa?",Difícil,"SELECT e.tp_depende,
       ROUND(AVG(d.dist_m)::numeric, 2) AS media_m
FROM escola e
JOIN LATERAL (
  SELECT MIN(ST_Distance(e.geometry::geography, c.geometry::geography)) AS dist_m
  FROM cras c WHERE c.nm_mun = 'Teresina'
) d ON TRUE
JOIN municipio mu ON ST_Contains(mu.geometry, e.geometry)
WHERE mu.nm_mun = 'Teresina'
GROUP BY e.tp_depende
ORDER BY media_m;",1
D0018,"Em Cuiabá, qual a distância média em metros das escolas até o CREAS mais próximo, por dependência administrativa?",Difícil,"SELECT e.tp_depende,
       ROUND(AVG(d.dist_m)::numeric, 2) AS media_m
FROM escola e
JOIN LATERAL (
  SELECT MIN(ST_Distance(e.geometry::geography, cr.geometry::geography)) AS dist_m
  FROM creas cr WHERE cr.nm_mun = 'Cuiabá'
) d ON TRUE
JOIN municipio mu ON ST_Contains(mu.geometry, e.geometry)
WHERE mu.nm_mun = 'Cuiabá'
GROUP BY e.tp_depende
ORDER BY media_m;",1
D0019,"Em Vitória, qual a distância média em metros das escolas até o CREAS mais próximo, por dependência administrativa?",Difícil,"SELECT e.tp_depende,
       ROUND(AVG(d.dist_m)::numeric, 2) AS media_m
FROM escola e
JOIN LATERAL (
  SELECT MIN(ST_Distance(e.geometry::geography, cr.geometry::geography)) AS dist_m
  FROM creas cr WHERE cr.nm_mun = 'Vitória'
) d ON TRUE
JOIN municipio mu ON ST_Contains(mu.geometry, e.geometry)
WHERE mu.nm_mun = 'Vitória'
GROUP BY e.tp_depende
ORDER BY media_m;",1
D0020,"Em Belém, qual a distância média em metros das escolas até o CREAS mais próximo, por dependência administrativa?",Difícil,"SELECT e.tp_depende,
       ROUND(AVG(d.dist_m)::numeric, 2) AS media_m
FROM escola e
JOIN LATERAL (
  SELECT MIN(ST_Distance(e.geometry::geography, cr.geometry::geography)) AS dist_m
  FROM creas cr WHERE cr.nm_mun = 'Belém'
) d ON TRUE
JOIN municipio mu ON ST_Contains(mu.geometry, e.geometry)
WHERE mu.nm_mun = 'Belém'
GROUP BY e.tp_depende
ORDER BY media_m;",1
D0021,"Em Campo Grande, qual a distância média em metros das escolas até o CREAS mais próximo, por dependência administrativa?",Difícil,"SELECT e.tp_depende,
       ROUND(AVG(d.dist_m)::numeric, 2) AS media_m
FROM escola e
JOIN LATERAL (
  SELECT MIN(ST_Distance(e.geometry::geography, cr.geometry::geography)) AS dist_m
  FROM creas cr WHERE cr.nm_mun = 'Campo Grande'
) d ON TRUE
JOIN municipio mu ON ST_Contains(mu.geometry, e.geometry)
WHERE mu.nm_mun = 'Campo Grande'
GROUP BY e.tp_depende
ORDER BY media_m;",1
D0022,"Em Florianópolis, qual a distância média em metros das escolas até o CREAS mais próximo, por dependência administrativa?",Difícil,"SELECT e.tp_depende,
       ROUND(AVG(d.dist_m)::numeric, 2) AS media_m
FROM escola e
JOIN LATERAL (
  SELECT MIN(ST_Distance(e.geometry::geography, cr.geometry::geography)) AS dist_m
  FROM creas cr WHERE cr.nm_mun = 'Florianópolis'
) d ON TRUE
JOIN municipio mu ON ST_Contains(mu.geometry, e.geometry)
WHERE mu.nm_mun = 'Florianópolis'
GROUP BY e.tp_depende
ORDER BY media_m;",1
D0023,"Em Manaus, qual a distância média em metros das escolas até o CREAS mais próximo, por dependência administrativa?",Difícil,"SELECT e.tp_depende,
       ROUND(AVG(d.dist_m)::numeric, 2) AS media_m
FROM escola e
JOIN LATERAL (
  SELECT MIN(ST_Distance(e.geometry::geography, cr.geometry::geography)) AS dist_m
  FROM creas cr WHERE cr.nm_mun = 'Manaus'
) d ON TRUE
JOIN municipio mu ON ST_Contains(mu.geometry, e.geometry)
WHERE mu.nm_mun = 'Manaus'
GROUP BY e.tp_depende
ORDER BY media_m;",1
D0024,"Em Belo Horizonte, qual a distância média em metros das escolas até o CRAS mais próximo, por dependência administrativa?",Difícil,"SELECT e.tp_depende,
       ROUND(AVG(d.dist_m)::numeric, 2) AS media_m
FROM escola e
JOIN LATERAL (
  SELECT MIN(ST_Distance(e.geometry::geography, c.geometry::geography)) AS dist_m
  FROM cras c WHERE c.nm_mun = 'Belo Horizonte'
) d ON TRUE
JOIN municipio mu ON ST_Contains(mu.geometry, e.geometry)
WHERE mu.nm_mun = 'Belo Horizonte'
GROUP BY e.tp_depende
ORDER BY media_m;",1
D0025,"Em Recife, qual a distância média em metros das escolas até o CREAS mais próximo, por dependência administrativa?",Difícil,"SELECT e.tp_depende,
       ROUND(AVG(d.dist_m)::numeric, 2) AS media_m
FROM escola e
JOIN LATERAL (
  SELECT MIN(ST_Distance(e.geometry::geography, cr.geometry::geography)) AS dist_m
  FROM creas cr WHERE cr.nm_mun = 'Recife'
) d ON TRUE
JOIN municipio mu ON ST_Contains(mu.geometry, e.geometry)
WHERE mu.nm_mun = 'Recife'
GROUP BY e.tp_depende
ORDER BY media_m;",1
D0026,"Em Porto Alegre, qual a distância média em metros das escolas até o CRAS mais próximo, por dependência administrativa?",Difícil,"SELECT e.tp_depende,
       ROUND(AVG(d.dist_m)::numeric, 2) AS media_m
FROM escola e
JOIN LATERAL (
  SELECT MIN(ST_Distance(e.geometry::geography, c.geometry::geography)) AS dist_m
  FROM cras c WHERE c.nm_mun = 'Porto Alegre'
) d ON TRUE
JOIN municipio mu ON ST_Contains(mu.geometry, e.geometry)
WHERE mu.nm_mun = 'Porto Alegre'
GROUP BY e.tp_depende
ORDER BY media_m;",1
D0027,"Em Cuiabá, qual a distância média em metros das escolas até o CRAS mais próximo, por dependência administrativa?",Difícil,"SELECT e.tp_depende,
       ROUND(AVG(d.dist_m)::numeric, 2) AS media_m
FROM escola e
JOIN LATERAL (
  SELECT MIN(ST_Distance(e.geometry::geography, c.geometry::geography)) AS dist_m
  FROM cras c WHERE c.nm_mun = 'Cuiabá'
) d ON TRUE
JOIN municipio mu ON ST_Contains(mu.geometry, e.geometry)
WHERE mu.nm_mun = 'Cuiabá'
GROUP BY e.tp_depende
ORDER BY media_m;",1
D0028,"Em Contagem, qual a distância média em metros das escolas até o CREAS mais próximo, por dependência administrativa?",Difícil,"SELECT e.tp_depende,
       ROUND(AVG(d.dist_m)::numeric, 2) AS media_m
FROM escola e
JOIN LATERAL (
  SELECT MIN(ST_Distance(e.geometry::geography, cr.geometry::geography)) AS dist_m
  FROM creas cr WHERE cr.nm_mun = 'Contagem'
) d ON TRUE
JOIN municipio mu ON ST_Contains(mu.geometry, e.geometry)
WHERE mu.nm_mun = 'Contagem'
GROUP BY e.tp_depende
ORDER BY media_m;",1
D0029,"Em São Luís, quantas escolas estão a até 2 km de cada CREAS?",Difícil,"SELECT cr.nu_identif, COUNT(DISTINCT e.cd_entidade) AS n_escolas
FROM creas cr
JOIN escola e ON ST_DWithin(cr.geometry::geography, e.geometry::geography, 2000)
JOIN microdados_ed_basica md ON e.cd_entidade = md.cd_entidade
WHERE cr.nm_mun = 'São Luís'
GROUP BY cr.nu_identif
ORDER BY n_escolas DESC;",1
D0030,"Em Fortaleza, quantas escolas estão a até 2 km de cada CREAS?",Difícil,"SELECT cr.nu_identif, COUNT(DISTINCT e.cd_entidade) AS n_escolas
FROM creas cr
JOIN escola e ON ST_DWithin(cr.geometry::geography, e.geometry::geography, 2000)
JOIN microdados_ed_basica md ON e.cd_entidade = md.cd_entidade
WHERE cr.nm_mun = 'Fortaleza'
GROUP BY cr.nu_identif
ORDER BY n_escolas DESC;",1
D0031,"Em São Paulo, quantas escolas estão a até 4 km de cada CRAS?",Difícil,"SELECT c.nu_identif, COUNT(DISTINCT e.cd_entidade) AS n_escolas
FROM cras c
JOIN escola e ON ST_DWithin(c.geometry::geography, e.geometry::geography, 4000)
JOIN microdados_ed_basica md ON e.cd_entidade = md.cd_entidade
WHERE c.nm_mun = 'São Paulo'
GROUP BY c.nu_identif
ORDER BY n_escolas DESC;",1
D0032,"Em Palmas, quantas escolas estão a até 10 km de cada CRAS?",Difícil,"SELECT c.nu_identif, COUNT(DISTINCT e.cd_entidade) AS n_escolas
FROM cras c
JOIN escola e ON ST_DWithin(c.geometry::geography, e.geometry::geography, 10000)
JOIN microdados_ed_basica md ON e.cd_entidade = md.cd_entidade
WHERE c.nm_mun = 'Palmas'
GROUP BY c.nu_identif
ORDER BY n_escolas DESC;",1
D0033,"Em João Pessoa, quantas escolas estão a até 8 km de cada CRAS?",Difícil,"SELECT c.nu_identif, COUNT(DISTINCT e.cd_entidade) AS n_escolas
FROM cras c
JOIN escola e ON ST_DWithin(c.geometry::geography, e.geometry::geography, 8000)
JOIN microdados_ed_basica md ON e.cd_entidade = md.cd_entidade
WHERE c.nm_mun = 'João Pessoa'
GROUP BY c.nu_identif
ORDER BY n_escolas DESC;",1
D0034,"Em Palmas, quantas escolas estão a até 3 km de cada CREAS?",Difícil,"SELECT cr.nu_identif, COUNT(DISTINCT e.cd_entidade) AS n_escolas
FROM creas cr
JOIN escola e ON ST_DWithin(cr.geometry::geography, e.geometry::geography, 3000)
JOIN microdados_ed_basica md ON e.cd_entidade = md.cd_entidade
WHERE cr.nm_mun = 'Palmas'
GROUP BY cr.nu_identif
ORDER BY n_escolas DESC;",1
D0035,"Em Vitória, quantas escolas estão a até 10 km de cada CRAS?",Difícil,"SELECT c.nu_identif, COUNT(DISTINCT e.cd_entidade) AS n_escolas
FROM cras c
JOIN escola e ON ST_DWithin(c.geometry::geography, e.geometry::geography, 10000)
JOIN microdados_ed_basica md ON e.cd_entidade = md.cd_entidade
WHERE c.nm_mun = 'Vitória'
GROUP BY c.nu_identif
ORDER BY n_escolas DESC;",1
D0036,"Em Teresina, quantas escolas estão a até 3 km de cada CRAS?",Difícil,"SELECT c.nu_identif, COUNT(DISTINCT e.cd_entidade) AS n_escolas
FROM cras c
JOIN escola e ON ST_DWithin(c.geometry::geography, e.geometry::geography, 3000)
JOIN microdados_ed_basica md ON e.cd_entidade = md.cd_entidade
WHERE c.nm_mun = 'Teresina'
GROUP BY c.nu_identif
ORDER BY n_escolas DESC;",1
D0037,"Em Natal, quantas escolas estão a até 2 km de cada CRAS?",Difícil,"SELECT c.nu_identif, COUNT(DISTINCT e.cd_entidade) AS n_escolas
FROM cras c
JOIN escola e ON ST_DWithin(c.geometry::geography, e.geometry::geography, 2000)
JOIN microdados_ed_basica md ON e.cd_entidade = md.cd_entidade
WHERE c.nm_mun = 'Natal'
GROUP BY c.nu_identif
ORDER BY n_escolas DESC;",1
D0038,"Em Florianópolis, quantas escolas estão a até 5 km de cada CREAS?",Difícil,"SELECT cr.nu_identif, COUNT(DISTINCT e.cd_entidade) AS n_escolas
FROM creas cr
JOIN escola e ON ST_DWithin(cr.geometry::geography, e.geometry::geography, 5000)
JOIN microdados_ed_basica md ON e.cd_entidade = md.cd_entidade
WHERE cr.nm_mun = 'Florianópolis'
GROUP BY cr.nu_identif
ORDER BY n_escolas DESC;",1
D0039,"Em Porto Alegre, quantas escolas estão a até 4 km de cada CRAS?",Difícil,"SELECT c.nu_identif, COUNT(DISTINCT e.cd_entidade) AS n_escolas
FROM cras c
JOIN escola e ON ST_DWithin(c.geometry::geography, e.geometry::geography, 4000)
JOIN microdados_ed_basica md ON e.cd_entidade = md.cd_entidade
WHERE c.nm_mun = 'Porto Alegre'
GROUP BY c.nu_identif
ORDER BY n_escolas DESC;",1
D0040,"Em Campo Grande, quantas escolas estão a até 8 km de cada CRAS?",Difícil,"SELECT c.nu_identif, COUNT(DISTINCT e.cd_entidade) AS n_escolas
FROM cras c
JOIN escola e ON ST_DWithin(c.geometry::geography, e.geometry::geography, 8000)
JOIN microdados_ed_basica md ON e.cd_entidade = md.cd_entidade
WHERE c.nm_mun = 'Campo Grande'
GROUP BY c.nu_identif
ORDER BY n_escolas DESC;",1
D0041,"Em Manaus, quantas escolas estão a até 15 km de cada CRAS?",Difícil,"SELECT c.nu_identif, COUNT(DISTINCT e.cd_entidade) AS n_escolas
FROM cras c
JOIN escola e ON ST_DWithin(c.geometry::geography, e.geometry::geography, 15000)
JOIN microdados_ed_basica md ON e.cd_entidade = md.cd_entidade
WHERE c.nm_mun = 'Manaus'
GROUP BY c.nu_identif
ORDER BY n_escolas DESC;",1
D0042,"Em Contagem, quantas escolas estão a até 15 km de cada CRAS?",Difícil,"SELECT c.nu_identif, COUNT(DISTINCT e.cd_entidade) AS n_escolas
FROM cras c
JOIN escola e ON ST_DWithin(c.geometry::geography, e.geometry::geography, 15000)
JOIN microdados_ed_basica md ON e.cd_entidade = md.cd_entidade
WHERE c.nm_mun = 'Contagem'
GROUP BY c.nu_identif
ORDER BY n_escolas DESC;",1
D0043,"Na região Nordeste, para municípios com área acima de 80 km², qual a máxima das áreas das regiões centrais por estado?",Difícil,"SELECT uf.nm_uf, ROUND(MAX(ST_Area(ST_Transform(ST_Intersection(mu.geometry, ST_Buffer(ST_Centroid(mu.geometry), 0.1)), 5880)) / 1e6)::numeric, 2) AS max_inter_km2
FROM municipio mu
JOIN unidade_federativa uf ON mu.cd_uf = uf.cd_uf
JOIN regiao rg ON uf.cd_regia = rg.cd_regia
WHERE rg.nm_regia = 'Nordeste' AND ST_Area(ST_Transform(mu.geometry, 5880)) / 1e6 > 80
GROUP BY uf.nm_uf
ORDER BY max_inter_km2 DESC;",1
D0044,"Na região Norte, para municípios com área acima de 80 km², qual a máxima das áreas das regiões centrais por estado?",Difícil,"SELECT uf.nm_uf, ROUND(MAX(ST_Area(ST_Transform(ST_Intersection(mu.geometry, ST_Buffer(ST_Centroid(mu.geometry), 0.1)), 5880)) / 1e6)::numeric, 2) AS max_inter_km2
FROM municipio mu
JOIN unidade_federativa uf ON mu.cd_uf = uf.cd_uf
JOIN regiao rg ON uf.cd_regia = rg.cd_regia
WHERE rg.nm_regia = 'Norte' AND ST_Area(ST_Transform(mu.geometry, 5880)) / 1e6 > 80
GROUP BY uf.nm_uf
ORDER BY max_inter_km2 DESC;",1
D0045,"Por estado da região Sul, qual a máxima das áreas das regiões centrais nos municípios com mais de 300 km²?",Difícil,"SELECT uf.nm_uf, ROUND(MAX(ST_Area(ST_Transform(ST_Intersection(mu.geometry, ST_Buffer(ST_Centroid(mu.geometry), 0.1)), 5880)) / 1e6)::numeric, 2) AS max_inter_km2
FROM municipio mu
JOIN unidade_federativa uf ON mu.cd_uf = uf.cd_uf
JOIN regiao rg ON uf.cd_regia = rg.cd_regia
WHERE rg.nm_regia = 'Sul' AND ST_Area(ST_Transform(mu.geometry, 5880)) / 1e6 > 300
GROUP BY uf.nm_uf
ORDER BY max_inter_km2 DESC;",1
D0046,"Na região Centro-Oeste, para municípios com área acima de 250 km², qual a soma das áreas das regiões centrais por estado?",Difícil,"SELECT uf.nm_uf, ROUND(SUM(ST_Area(ST_Transform(ST_Intersection(mu.geometry, ST_Buffer(ST_Centroid(mu.geometry), 0.1)), 5880)) / 1e6)::numeric, 2) AS soma_inter_km2
FROM municipio mu
JOIN unidade_federativa uf ON mu.cd_uf = uf.cd_uf
JOIN regiao rg ON uf.cd_regia = rg.cd_regia
WHERE rg.nm_regia = 'Centro-Oeste' AND ST_Area(ST_Transform(mu.geometry, 5880)) / 1e6 > 250
GROUP BY uf.nm_uf
ORDER BY soma_inter_km2 DESC;",1
D0047,"Na região Sudeste, para municípios com área acima de 250 km², qual a máxima das áreas das regiões centrais por estado?",Difícil,"SELECT uf.nm_uf, ROUND(MAX(ST_Area(ST_Transform(ST_Intersection(mu.geometry, ST_Buffer(ST_Centroid(mu.geometry), 0.1)), 5880)) / 1e6)::numeric, 2) AS max_inter_km2
FROM municipio mu
JOIN unidade_federativa uf ON mu.cd_uf = uf.cd_uf
JOIN regiao rg ON uf.cd_regia = rg.cd_regia
WHERE rg.nm_regia = 'Sudeste' AND ST_Area(ST_Transform(mu.geometry, 5880)) / 1e6 > 250
GROUP BY uf.nm_uf
ORDER BY max_inter_km2 DESC;",1
D0048,"Por estado da região Centro-Oeste, qual a máxima das áreas das regiões centrais nos municípios com mais de 400 km²?",Difícil,"SELECT uf.nm_uf, ROUND(MAX(ST_Area(ST_Transform(ST_Intersection(mu.geometry, ST_Buffer(ST_Centroid(mu.geometry), 0.1)), 5880)) / 1e6)::numeric, 2) AS max_inter_km2
FROM municipio mu
JOIN unidade_federativa uf ON mu.cd_uf = uf.cd_uf
JOIN regiao rg ON uf.cd_regia = rg.cd_regia
WHERE rg.nm_regia = 'Centro-Oeste' AND ST_Area(ST_Transform(mu.geometry, 5880)) / 1e6 > 400
GROUP BY uf.nm_uf
ORDER BY max_inter_km2 DESC;",1
D0049,"Na região Sul, para municípios com área acima de 80 km², qual a média das áreas das regiões centrais por estado?",Difícil,"SELECT uf.nm_uf, ROUND(AVG(ST_Area(ST_Transform(ST_Intersection(mu.geometry, ST_Buffer(ST_Centroid(mu.geometry), 0.1)), 5880)) / 1e6)::numeric, 2) AS media_inter_km2
FROM municipio mu
JOIN unidade_federativa uf ON mu.cd_uf = uf.cd_uf
JOIN regiao rg ON uf.cd_regia = rg.cd_regia
WHERE rg.nm_regia = 'Sul' AND ST_Area(ST_Transform(mu.geometry, 5880)) / 1e6 > 80
GROUP BY uf.nm_uf
ORDER BY media_inter_km2 DESC;",1
D0050,"Na região Sul, para municípios com área acima de 100 km², qual a máxima das áreas das regiões centrais por estado?",Difícil,"SELECT uf.nm_uf, ROUND(MAX(ST_Area(ST_Transform(ST_Intersection(mu.geometry, ST_Buffer(ST_Centroid(mu.geometry), 0.1)), 5880)) / 1e6)::numeric, 2) AS max_inter_km2
FROM municipio mu
JOIN unidade_federativa uf ON mu.cd_uf = uf.cd_uf
JOIN regiao rg ON uf.cd_regia = rg.cd_regia
WHERE rg.nm_regia = 'Sul' AND ST_Area(ST_Transform(mu.geometry, 5880)) / 1e6 > 100
GROUP BY uf.nm_uf
ORDER BY max_inter_km2 DESC;",1
D0051,"Na região Nordeste, para municípios com área acima de 120 km², qual a máxima das áreas das regiões centrais por estado?",Difícil,"SELECT uf.nm_uf, ROUND(MAX(ST_Area(ST_Transform(ST_Intersection(mu.geometry, ST_Buffer(ST_Centroid(mu.geometry), 0.1)), 5880)) / 1e6)::numeric, 2) AS max_inter_km2
FROM municipio mu
JOIN unidade_federativa uf ON mu.cd_uf = uf.cd_uf
JOIN regiao rg ON uf.cd_regia = rg.cd_regia
WHERE rg.nm_regia = 'Nordeste' AND ST_Area(ST_Transform(mu.geometry, 5880)) / 1e6 > 120
GROUP BY uf.nm_uf
ORDER BY max_inter_km2 DESC;",1
D0052,"Na região Centro-Oeste, para municípios com área acima de 500 km², qual a média das áreas das regiões centrais por estado?",Difícil,"SELECT uf.nm_uf, ROUND(AVG(ST_Area(ST_Transform(ST_Intersection(mu.geometry, ST_Buffer(ST_Centroid(mu.geometry), 0.1)), 5880)) / 1e6)::numeric, 2) AS media_inter_km2
FROM municipio mu
JOIN unidade_federativa uf ON mu.cd_uf = uf.cd_uf
JOIN regiao rg ON uf.cd_regia = rg.cd_regia
WHERE rg.nm_regia = 'Centro-Oeste' AND ST_Area(ST_Transform(mu.geometry, 5880)) / 1e6 > 500
GROUP BY uf.nm_uf
ORDER BY media_inter_km2 DESC;",1
D0053,"Por estado da região Nordeste, qual a máxima das áreas das regiões centrais nos municípios com mais de 500 km²?",Difícil,"SELECT uf.nm_uf, ROUND(MAX(ST_Area(ST_Transform(ST_Intersection(mu.geometry, ST_Buffer(ST_Centroid(mu.geometry), 0.1)), 5880)) / 1e6)::numeric, 2) AS max_inter_km2
FROM municipio mu
JOIN unidade_federativa uf ON mu.cd_uf = uf.cd_uf
JOIN regiao rg ON uf.cd_regia = rg.cd_regia
WHERE rg.nm_regia = 'Nordeste' AND ST_Area(ST_Transform(mu.geometry, 5880)) / 1e6 > 500
GROUP BY uf.nm_uf
ORDER BY max_inter_km2 DESC;",1
D0054,"Na região Sudeste, para municípios com área acima de 400 km², qual a média das áreas das regiões centrais por estado?",Difícil,"SELECT uf.nm_uf, ROUND(AVG(ST_Area(ST_Transform(ST_Intersection(mu.geometry, ST_Buffer(ST_Centroid(mu.geometry), 0.1)), 5880)) / 1e6)::numeric, 2) AS media_inter_km2
FROM municipio mu
JOIN unidade_federativa uf ON mu.cd_uf = uf.cd_uf
JOIN regiao rg ON uf.cd_regia = rg.cd_regia
WHERE rg.nm_regia = 'Sudeste' AND ST_Area(ST_Transform(mu.geometry, 5880)) / 1e6 > 400
GROUP BY uf.nm_uf
ORDER BY media_inter_km2 DESC;",1
D0055,"Na região Nordeste, para municípios com área acima de 150 km², qual a média das áreas das regiões centrais por estado?",Difícil,"SELECT uf.nm_uf, ROUND(AVG(ST_Area(ST_Transform(ST_Intersection(mu.geometry, ST_Buffer(ST_Centroid(mu.geometry), 0.1)), 5880)) / 1e6)::numeric, 2) AS media_inter_km2
FROM municipio mu
JOIN unidade_federativa uf ON mu.cd_uf = uf.cd_uf
JOIN regiao rg ON uf.cd_regia = rg.cd_regia
WHERE rg.nm_regia = 'Nordeste' AND ST_Area(ST_Transform(mu.geometry, 5880)) / 1e6 > 150
GROUP BY uf.nm_uf
ORDER BY media_inter_km2 DESC;",1
D0056,"Na região Sul, para municípios com área acima de 150 km², qual a média das áreas das regiões centrais por estado?",Difícil,"SELECT uf.nm_uf, ROUND(AVG(ST_Area(ST_Transform(ST_Intersection(mu.geometry, ST_Buffer(ST_Centroid(mu.geometry), 0.1)), 5880)) / 1e6)::numeric, 2) AS media_inter_km2
FROM municipio mu
JOIN unidade_federativa uf ON mu.cd_uf = uf.cd_uf
JOIN regiao rg ON uf.cd_regia = rg.cd_regia
WHERE rg.nm_regia = 'Sul' AND ST_Area(ST_Transform(mu.geometry, 5880)) / 1e6 > 150
GROUP BY uf.nm_uf
ORDER BY media_inter_km2 DESC;",1
D0057,"Num raio de 3 km do centro de Cuiabá, qual a média de matrículas na educação básica por dependência administrativa?",Difícil,"SELECT e.tp_depende, ROUND(AVG(md.qt_mat_bas)::numeric, 2) AS media
FROM escola e
JOIN microdados_ed_basica md ON e.cd_entidade = md.cd_entidade
WHERE ST_Intersects(ST_Buffer(ST_SetSRID(ST_MakePoint(-56.0902, -15.5812), 4674)::geography, 3000), e.geometry::geography)
GROUP BY e.tp_depende
ORDER BY media DESC;",1
D0058,"Num raio de 12 km do centro de Belo Horizonte, qual a média de matrículas na educação infantil por dependência administrativa?",Difícil,"SELECT e.tp_depende, ROUND(AVG(md.qt_mat_inf)::numeric, 2) AS media
FROM escola e
JOIN microdados_ed_basica md ON e.cd_entidade = md.cd_entidade
WHERE ST_Intersects(ST_Buffer(ST_SetSRID(ST_MakePoint(-43.927, -19.9391), 4674)::geography, 12000), e.geometry::geography)
GROUP BY e.tp_depende
ORDER BY media DESC;",1
D0059,"Num raio de 8 km do centro de Curitiba, qual a média de matrículas no ensino médio por dependência administrativa?",Difícil,"SELECT e.tp_depende, ROUND(AVG(md.qt_mat_med)::numeric, 2) AS media
FROM escola e
JOIN microdados_ed_basica md ON e.cd_entidade = md.cd_entidade
WHERE ST_Intersects(ST_Buffer(ST_SetSRID(ST_MakePoint(-49.2878, -25.4403), 4674)::geography, 8000), e.geometry::geography)
GROUP BY e.tp_depende
ORDER BY media DESC;",1
D0060,"Num raio de 5 km do centro de Vitória, qual a média de matrículas na EJA por dependência administrativa?",Difícil,"SELECT e.tp_depende, ROUND(AVG(md.qt_mat_eja)::numeric, 2) AS media
FROM escola e
JOIN microdados_ed_basica md ON e.cd_entidade = md.cd_entidade
WHERE ST_Intersects(ST_Buffer(ST_SetSRID(ST_MakePoint(-40.3378, -20.3273), 4674)::geography, 5000), e.geometry::geography)
GROUP BY e.tp_depende
ORDER BY media DESC;",1
D0061,"Num raio de 3 km do centro de Aracaju, qual a média de desktops para alunos por dependência administrativa?",Difícil,"SELECT e.tp_depende, ROUND(AVG(md.qt_desktop_aluno)::numeric, 2) AS media
FROM escola e
JOIN microdados_ed_basica md ON e.cd_entidade = md.cd_entidade
WHERE ST_Intersects(ST_Buffer(ST_SetSRID(ST_MakePoint(-37.0701, -10.9296), 4674)::geography, 3000), e.geometry::geography)
GROUP BY e.tp_depende
ORDER BY media DESC;",1
D0062,"Num raio de 6 km do centro de São Luís, qual a média de matrículas na EJA por dependência administrativa?",Difícil,"SELECT e.tp_depende, ROUND(AVG(md.qt_mat_eja)::numeric, 2) AS media
FROM escola e
JOIN microdados_ed_basica md ON e.cd_entidade = md.cd_entidade
WHERE ST_Intersects(ST_Buffer(ST_SetSRID(ST_MakePoint(-44.32, -2.5322), 4674)::geography, 6000), e.geometry::geography)
GROUP BY e.tp_depende
ORDER BY media DESC;",1
D0063,"Num raio de 12 km do centro de Goiânia, qual a média de docentes da educação básica por dependência administrativa?",Difícil,"SELECT e.tp_depende, ROUND(AVG(md.qt_doc_bas)::numeric, 2) AS media
FROM escola e
JOIN microdados_ed_basica md ON e.cd_entidade = md.cd_entidade
WHERE ST_Intersects(ST_Buffer(ST_SetSRID(ST_MakePoint(-49.241, -16.7079), 4674)::geography, 12000), e.geometry::geography)
GROUP BY e.tp_depende
ORDER BY media DESC;",1
D0064,"Num raio de 4 km do centro de Natal, qual a média de computadores portáteis para alunos por dependência administrativa?",Difícil,"SELECT e.tp_depende, ROUND(AVG(md.qt_comp_portatil_aluno)::numeric, 2) AS media
FROM escola e
JOIN microdados_ed_basica md ON e.cd_entidade = md.cd_entidade
WHERE ST_Intersects(ST_Buffer(ST_SetSRID(ST_MakePoint(-35.1917, -5.779), 4674)::geography, 4000), e.geometry::geography)
GROUP BY e.tp_depende
ORDER BY media DESC;",1
D0065,"Num raio de 12 km do centro de Palmas, qual a média de matrículas no ensino médio por dependência administrativa?",Difícil,"SELECT e.tp_depende, ROUND(AVG(md.qt_mat_med)::numeric, 2) AS media
FROM escola e
JOIN microdados_ed_basica md ON e.cd_entidade = md.cd_entidade
WHERE ST_Intersects(ST_Buffer(ST_SetSRID(ST_MakePoint(-48.3181, -10.1705), 4674)::geography, 12000), e.geometry::geography)
GROUP BY e.tp_depende
ORDER BY media DESC;",1
D0066,"Num raio de 5 km do centro de Maceió, qual a média de docentes da educação básica por dependência administrativa?",Difícil,"SELECT e.tp_depende, ROUND(AVG(md.qt_doc_bas)::numeric, 2) AS media
FROM escola e
JOIN microdados_ed_basica md ON e.cd_entidade = md.cd_entidade
WHERE ST_Intersects(ST_Buffer(ST_SetSRID(ST_MakePoint(-35.7323, -9.6583), 4674)::geography, 5000), e.geometry::geography)
GROUP BY e.tp_depende
ORDER BY media DESC;",1
D0067,"Num raio de 3 km do centro de Palmas, qual a média de matrículas na educação profissional por dependência administrativa?",Difícil,"SELECT e.tp_depende, ROUND(AVG(md.qt_mat_prof)::numeric, 2) AS media
FROM escola e
JOIN microdados_ed_basica md ON e.cd_entidade = md.cd_entidade
WHERE ST_Intersects(ST_Buffer(ST_SetSRID(ST_MakePoint(-48.3267, -10.1626), 4674)::geography, 3000), e.geometry::geography)
GROUP BY e.tp_depende
ORDER BY media DESC;",1
D0068,"Num raio de 3 km do centro de Salvador, qual a média de docentes da educação básica por dependência administrativa?",Difícil,"SELECT e.tp_depende, ROUND(AVG(md.qt_doc_bas)::numeric, 2) AS media
FROM escola e
JOIN microdados_ed_basica md ON e.cd_entidade = md.cd_entidade
WHERE ST_Intersects(ST_Buffer(ST_SetSRID(ST_MakePoint(-38.5241, -12.9673), 4674)::geography, 3000), e.geometry::geography)
GROUP BY e.tp_depende
ORDER BY media DESC;",1
D0069,"Num raio de 20 km do centro de Porto Alegre, qual a média de matrículas na educação básica por dependência administrativa?",Difícil,"SELECT e.tp_depende, ROUND(AVG(md.qt_mat_bas)::numeric, 2) AS media
FROM escola e
JOIN microdados_ed_basica md ON e.cd_entidade = md.cd_entidade
WHERE ST_Intersects(ST_Buffer(ST_SetSRID(ST_MakePoint(-51.2295, -30.0137), 4674)::geography, 20000), e.geometry::geography)
GROUP BY e.tp_depende
ORDER BY media DESC;",1
D0070,"Num raio de 12 km do centro de Porto Alegre, qual a média de docentes da educação básica por dependência administrativa?",Difícil,"SELECT e.tp_depende, ROUND(AVG(md.qt_doc_bas)::numeric, 2) AS media
FROM escola e
JOIN microdados_ed_basica md ON e.cd_entidade = md.cd_entidade
WHERE ST_Intersects(ST_Buffer(ST_SetSRID(ST_MakePoint(-51.2373, -30.0142), 4674)::geography, 12000), e.geometry::geography)
GROUP BY e.tp_depende
ORDER BY media DESC;",1
D0071,"Na região Sul, considerando municípios com área acima de 400 km², qual a área máxima (km²) por estado?",Difícil,"SELECT uf.nm_uf, ROUND(MAX(ST_Area(ST_Transform(mu.geometry, 5880)) / 1e6)::numeric, 2) AS area_maxima_km2
FROM municipio mu
JOIN unidade_federativa uf ON mu.cd_uf = uf.cd_uf
JOIN regiao rg ON uf.cd_regia = rg.cd_regia
WHERE rg.nm_regia = 'Sul' AND ST_Area(ST_Transform(mu.geometry, 5880)) / 1e6 > 400
GROUP BY uf.nm_uf
ORDER BY area_maxima_km2 DESC;",1
D0072,"Por estado da região Sul, qual a área total dos municípios com mais de 500 km²?",Difícil,"SELECT uf.nm_uf, ROUND(SUM(ST_Area(ST_Transform(mu.geometry, 5880)) / 1e6)::numeric, 2) AS area_total_km2
FROM municipio mu
JOIN unidade_federativa uf ON mu.cd_uf = uf.cd_uf
JOIN regiao rg ON uf.cd_regia = rg.cd_regia
WHERE rg.nm_regia = 'Sul' AND ST_Area(ST_Transform(mu.geometry, 5880)) / 1e6 > 500
GROUP BY uf.nm_uf
ORDER BY area_total_km2 DESC;",1
D0073,"Por estado da região Sul, qual a área média dos municípios com mais de 100 km²?",Difícil,"SELECT uf.nm_uf, ROUND(AVG(ST_Area(ST_Transform(mu.geometry, 5880)) / 1e6)::numeric, 2) AS area_media_km2
FROM municipio mu
JOIN unidade_federativa uf ON mu.cd_uf = uf.cd_uf
JOIN regiao rg ON uf.cd_regia = rg.cd_regia
WHERE rg.nm_regia = 'Sul' AND ST_Area(ST_Transform(mu.geometry, 5880)) / 1e6 > 100
GROUP BY uf.nm_uf
ORDER BY area_media_km2 DESC;",1
D0074,"Na região Sul, considerando municípios com área acima de 400 km², qual a área média (km²) por estado?",Difícil,"SELECT uf.nm_uf, ROUND(AVG(ST_Area(ST_Transform(mu.geometry, 5880)) / 1e6)::numeric, 2) AS area_media_km2
FROM municipio mu
JOIN unidade_federativa uf ON mu.cd_uf = uf.cd_uf
JOIN regiao rg ON uf.cd_regia = rg.cd_regia
WHERE rg.nm_regia = 'Sul' AND ST_Area(ST_Transform(mu.geometry, 5880)) / 1e6 > 400
GROUP BY uf.nm_uf
ORDER BY area_media_km2 DESC;",1
D0075,"Por estado da região Centro-Oeste, qual a área máxima dos municípios com mais de 200 km²?",Difícil,"SELECT uf.nm_uf, ROUND(MAX(ST_Area(ST_Transform(mu.geometry, 5880)) / 1e6)::numeric, 2) AS area_maxima_km2
FROM municipio mu
JOIN unidade_federativa uf ON mu.cd_uf = uf.cd_uf
JOIN regiao rg ON uf.cd_regia = rg.cd_regia
WHERE rg.nm_regia = 'Centro-Oeste' AND ST_Area(ST_Transform(mu.geometry, 5880)) / 1e6 > 200
GROUP BY uf.nm_uf
ORDER BY area_maxima_km2 DESC;",1
D0076,"Na região Nordeste, considerando municípios com área acima de 250 km², qual a área máxima (km²) por estado?",Difícil,"SELECT uf.nm_uf, ROUND(MAX(ST_Area(ST_Transform(mu.geometry, 5880)) / 1e6)::numeric, 2) AS area_maxima_km2
FROM municipio mu
JOIN unidade_federativa uf ON mu.cd_uf = uf.cd_uf
JOIN regiao rg ON uf.cd_regia = rg.cd_regia
WHERE rg.nm_regia = 'Nordeste' AND ST_Area(ST_Transform(mu.geometry, 5880)) / 1e6 > 250
GROUP BY uf.nm_uf
ORDER BY area_maxima_km2 DESC;",1
D0077,"Por estado da região Nordeste, qual a área média dos municípios com mais de 120 km²?",Difícil,"SELECT uf.nm_uf, ROUND(AVG(ST_Area(ST_Transform(mu.geometry, 5880)) / 1e6)::numeric, 2) AS area_media_km2
FROM municipio mu
JOIN unidade_federativa uf ON mu.cd_uf = uf.cd_uf
JOIN regiao rg ON uf.cd_regia = rg.cd_regia
WHERE rg.nm_regia = 'Nordeste' AND ST_Area(ST_Transform(mu.geometry, 5880)) / 1e6 > 120
GROUP BY uf.nm_uf
ORDER BY area_media_km2 DESC;",1
D0078,"Por estado da região Nordeste, qual a área total dos municípios com mais de 400 km²?",Difícil,"SELECT uf.nm_uf, ROUND(SUM(ST_Area(ST_Transform(mu.geometry, 5880)) / 1e6)::numeric, 2) AS area_total_km2
FROM municipio mu
JOIN unidade_federativa uf ON mu.cd_uf = uf.cd_uf
JOIN regiao rg ON uf.cd_regia = rg.cd_regia
WHERE rg.nm_regia = 'Nordeste' AND ST_Area(ST_Transform(mu.geometry, 5880)) / 1e6 > 400
GROUP BY uf.nm_uf
ORDER BY area_total_km2 DESC;",1
D0079,"Na região Centro-Oeste, considerando municípios com área acima de 200 km², qual a área total (km²) por estado?",Difícil,"SELECT uf.nm_uf, ROUND(SUM(ST_Area(ST_Transform(mu.geometry, 5880)) / 1e6)::numeric, 2) AS area_total_km2
FROM municipio mu
JOIN unidade_federativa uf ON mu.cd_uf = uf.cd_uf
JOIN regiao rg ON uf.cd_regia = rg.cd_regia
WHERE rg.nm_regia = 'Centro-Oeste' AND ST_Area(ST_Transform(mu.geometry, 5880)) / 1e6 > 200
GROUP BY uf.nm_uf
ORDER BY area_total_km2 DESC;",1
D0080,"Por estado da região Norte, qual a área total dos municípios com mais de 250 km²?",Difícil,"SELECT uf.nm_uf, ROUND(SUM(ST_Area(ST_Transform(mu.geometry, 5880)) / 1e6)::numeric, 2) AS area_total_km2
FROM municipio mu
JOIN unidade_federativa uf ON mu.cd_uf = uf.cd_uf
JOIN regiao rg ON uf.cd_regia = rg.cd_regia
WHERE rg.nm_regia = 'Norte' AND ST_Area(ST_Transform(mu.geometry, 5880)) / 1e6 > 250
GROUP BY uf.nm_uf
ORDER BY area_total_km2 DESC;",1
D0081,"Por estado da região Nordeste, qual a área máxima dos municípios com mais de 150 km²?",Difícil,"SELECT uf.nm_uf, ROUND(MAX(ST_Area(ST_Transform(mu.geometry, 5880)) / 1e6)::numeric, 2) AS area_maxima_km2
FROM municipio mu
JOIN unidade_federativa uf ON mu.cd_uf = uf.cd_uf
JOIN regiao rg ON uf.cd_regia = rg.cd_regia
WHERE rg.nm_regia = 'Nordeste' AND ST_Area(ST_Transform(mu.geometry, 5880)) / 1e6 > 150
GROUP BY uf.nm_uf
ORDER BY area_maxima_km2 DESC;",1
D0082,"Por estado da região Centro-Oeste, qual a área total dos municípios com mais de 120 km²?",Difícil,"SELECT uf.nm_uf, ROUND(SUM(ST_Area(ST_Transform(mu.geometry, 5880)) / 1e6)::numeric, 2) AS area_total_km2
FROM municipio mu
JOIN unidade_federativa uf ON mu.cd_uf = uf.cd_uf
JOIN regiao rg ON uf.cd_regia = rg.cd_regia
WHERE rg.nm_regia = 'Centro-Oeste' AND ST_Area(ST_Transform(mu.geometry, 5880)) / 1e6 > 120
GROUP BY uf.nm_uf
ORDER BY area_total_km2 DESC;",1
D0083,"Na região Sudeste, considerando municípios com área acima de 200 km², qual a área máxima (km²) por estado?",Difícil,"SELECT uf.nm_uf, ROUND(MAX(ST_Area(ST_Transform(mu.geometry, 5880)) / 1e6)::numeric, 2) AS area_maxima_km2
FROM municipio mu
JOIN unidade_federativa uf ON mu.cd_uf = uf.cd_uf
JOIN regiao rg ON uf.cd_regia = rg.cd_regia
WHERE rg.nm_regia = 'Sudeste' AND ST_Area(ST_Transform(mu.geometry, 5880)) / 1e6 > 200
GROUP BY uf.nm_uf
ORDER BY area_maxima_km2 DESC;",1
D0084,"Na região Sudeste, considerando municípios com área acima de 300 km², qual a área média (km²) por estado?",Difícil,"SELECT uf.nm_uf, ROUND(AVG(ST_Area(ST_Transform(mu.geometry, 5880)) / 1e6)::numeric, 2) AS area_media_km2
FROM municipio mu
JOIN unidade_federativa uf ON mu.cd_uf = uf.cd_uf
JOIN regiao rg ON uf.cd_regia = rg.cd_regia
WHERE rg.nm_regia = 'Sudeste' AND ST_Area(ST_Transform(mu.geometry, 5880)) / 1e6 > 300
GROUP BY uf.nm_uf
ORDER BY area_media_km2 DESC;",1
D0085,"Na média por escola, qual o número de matrículas na educação infantil em cada estado da região Sudeste?",Difícil,"SELECT uf.nm_uf, ROUND(AVG(md.qt_mat_inf)::numeric, 2) AS media
FROM escola e
JOIN microdados_ed_basica md ON e.cd_entidade = md.cd_entidade
JOIN municipio mu ON ST_Contains(mu.geometry, e.geometry)
JOIN unidade_federativa uf ON mu.cd_uf = uf.cd_uf
JOIN regiao rg ON uf.cd_regia = rg.cd_regia
WHERE rg.nm_regia = 'Sudeste'
GROUP BY uf.nm_uf
ORDER BY media DESC;",1
D0086,"Qual a média de matrículas no ensino médio por escola, por estado, na região Sudeste?",Difícil,"SELECT uf.nm_uf, ROUND(AVG(md.qt_mat_med)::numeric, 2) AS media
FROM escola e
JOIN microdados_ed_basica md ON e.cd_entidade = md.cd_entidade
JOIN municipio mu ON ST_Contains(mu.geometry, e.geometry)
JOIN unidade_federativa uf ON mu.cd_uf = uf.cd_uf
JOIN regiao rg ON uf.cd_regia = rg.cd_regia
WHERE rg.nm_regia = 'Sudeste'
GROUP BY uf.nm_uf
ORDER BY media DESC;",1
D0087,"Na média por escola, qual o número de docentes da educação básica em cada estado da região Norte?",Difícil,"SELECT uf.nm_uf, ROUND(AVG(md.qt_doc_bas)::numeric, 2) AS media
FROM escola e
JOIN microdados_ed_basica md ON e.cd_entidade = md.cd_entidade
JOIN municipio mu ON ST_Contains(mu.geometry, e.geometry)
JOIN unidade_federativa uf ON mu.cd_uf = uf.cd_uf
JOIN regiao rg ON uf.cd_regia = rg.cd_regia
WHERE rg.nm_regia = 'Norte'
GROUP BY uf.nm_uf
ORDER BY media DESC;",1
D0088,"Qual a média de matrículas na EJA por escola, por estado, na região Norte?",Difícil,"SELECT uf.nm_uf, ROUND(AVG(md.qt_mat_eja)::numeric, 2) AS media
FROM escola e
JOIN microdados_ed_basica md ON e.cd_entidade = md.cd_entidade
JOIN municipio mu ON ST_Contains(mu.geometry, e.geometry)
JOIN unidade_federativa uf ON mu.cd_uf = uf.cd_uf
JOIN regiao rg ON uf.cd_regia = rg.cd_regia
WHERE rg.nm_regia = 'Norte'
GROUP BY uf.nm_uf
ORDER BY media DESC;",1
D0089,"Na média por escola, qual o número de matrículas no ensino médio em cada estado da região Norte?",Difícil,"SELECT uf.nm_uf, ROUND(AVG(md.qt_mat_med)::numeric, 2) AS media
FROM escola e
JOIN microdados_ed_basica md ON e.cd_entidade = md.cd_entidade
JOIN municipio mu ON ST_Contains(mu.geometry, e.geometry)
JOIN unidade_federativa uf ON mu.cd_uf = uf.cd_uf
JOIN regiao rg ON uf.cd_regia = rg.cd_regia
WHERE rg.nm_regia = 'Norte'
GROUP BY uf.nm_uf
ORDER BY media DESC;",1
D0090,"Na média por escola, qual o número de matrículas no ensino fundamental em cada estado da região Centro-Oeste?",Difícil,"SELECT uf.nm_uf, ROUND(AVG(md.qt_mat_fund)::numeric, 2) AS media
FROM escola e
JOIN microdados_ed_basica md ON e.cd_entidade = md.cd_entidade
JOIN municipio mu ON ST_Contains(mu.geometry, e.geometry)
JOIN unidade_federativa uf ON mu.cd_uf = uf.cd_uf
JOIN regiao rg ON uf.cd_regia = rg.cd_regia
WHERE rg.nm_regia = 'Centro-Oeste'
GROUP BY uf.nm_uf
ORDER BY media DESC;",1
D0091,"Qual a média de matrículas na educação infantil por escola, por estado, na região Norte?",Difícil,"SELECT uf.nm_uf, ROUND(AVG(md.qt_mat_inf)::numeric, 2) AS media
FROM escola e
JOIN microdados_ed_basica md ON e.cd_entidade = md.cd_entidade
JOIN municipio mu ON ST_Contains(mu.geometry, e.geometry)
JOIN unidade_federativa uf ON mu.cd_uf = uf.cd_uf
JOIN regiao rg ON uf.cd_regia = rg.cd_regia
WHERE rg.nm_regia = 'Norte'
GROUP BY uf.nm_uf
ORDER BY media DESC;",1
D0092,"Qual a média de desktops para alunos por escola, por estado, na região Sudeste?",Difícil,"SELECT uf.nm_uf, ROUND(AVG(md.qt_desktop_aluno)::numeric, 2) AS media
FROM escola e
JOIN microdados_ed_basica md ON e.cd_entidade = md.cd_entidade
JOIN municipio mu ON ST_Contains(mu.geometry, e.geometry)
JOIN unidade_federativa uf ON mu.cd_uf = uf.cd_uf
JOIN regiao rg ON uf.cd_regia = rg.cd_regia
WHERE rg.nm_regia = 'Sudeste'
GROUP BY uf.nm_uf
ORDER BY media DESC;",1
D0093,"Qual a média de matrículas no ensino médio por escola, por estado, na região Sul?",Difícil,"SELECT uf.nm_uf, ROUND(AVG(md.qt_mat_med)::numeric, 2) AS media
FROM escola e
JOIN microdados_ed_basica md ON e.cd_entidade = md.cd_entidade
JOIN municipio mu ON ST_Contains(mu.geometry, e.geometry)
JOIN unidade_federativa uf ON mu.cd_uf = uf.cd_uf
JOIN regiao rg ON uf.cd_regia = rg.cd_regia
WHERE rg.nm_regia = 'Sul'
GROUP BY uf.nm_uf
ORDER BY media DESC;",1
D0094,"Na média por escola, qual o número de matrículas na educação básica em cada estado da região Nordeste?",Difícil,"SELECT uf.nm_uf, ROUND(AVG(md.qt_mat_bas)::numeric, 2) AS media
FROM escola e
JOIN microdados_ed_basica md ON e.cd_entidade = md.cd_entidade
JOIN municipio mu ON ST_Contains(mu.geometry, e.geometry)
JOIN unidade_federativa uf ON mu.cd_uf = uf.cd_uf
JOIN regiao rg ON uf.cd_regia = rg.cd_regia
WHERE rg.nm_regia = 'Nordeste'
GROUP BY uf.nm_uf
ORDER BY media DESC;",1
D0095,"Qual a média de matrículas na educação profissional por escola, por estado, na região Sudeste?",Difícil,"SELECT uf.nm_uf, ROUND(AVG(md.qt_mat_prof)::numeric, 2) AS media
FROM escola e
JOIN microdados_ed_basica md ON e.cd_entidade = md.cd_entidade
JOIN municipio mu ON ST_Contains(mu.geometry, e.geometry)
JOIN unidade_federativa uf ON mu.cd_uf = uf.cd_uf
JOIN regiao rg ON uf.cd_regia = rg.cd_regia
WHERE rg.nm_regia = 'Sudeste'
GROUP BY uf.nm_uf
ORDER BY media DESC;",1
D0096,"Na média por escola, qual o número de matrículas na educação infantil em cada estado da região Centro-Oeste?",Difícil,"SELECT uf.nm_uf, ROUND(AVG(md.qt_mat_inf)::numeric, 2) AS media
FROM escola e
JOIN microdados_ed_basica md ON e.cd_entidade = md.cd_entidade
JOIN municipio mu ON ST_Contains(mu.geometry, e.geometry)
JOIN unidade_federativa uf ON mu.cd_uf = uf.cd_uf
JOIN regiao rg ON uf.cd_regia = rg.cd_regia
WHERE rg.nm_regia = 'Centro-Oeste'
GROUP BY uf.nm_uf
ORDER BY media DESC;",1
D0097,"Na média por escola, qual o número de docentes da educação básica em cada estado da região Sul?",Difícil,"SELECT uf.nm_uf, ROUND(AVG(md.qt_doc_bas)::numeric, 2) AS media
FROM escola e
JOIN microdados_ed_basica md ON e.cd_entidade = md.cd_entidade
JOIN municipio mu ON ST_Contains(mu.geometry, e.geometry)
JOIN unidade_federativa uf ON mu.cd_uf = uf.cd_uf
JOIN regiao rg ON uf.cd_regia = rg.cd_regia
WHERE rg.nm_regia = 'Sul'
GROUP BY uf.nm_uf
ORDER BY media DESC;",1
D0098,"Na média por escola, qual o número de matrículas na EJA em cada estado da região Sul?",Difícil,"SELECT uf.nm_uf, ROUND(AVG(md.qt_mat_eja)::numeric, 2) AS media
FROM escola e
JOIN microdados_ed_basica md ON e.cd_entidade = md.cd_entidade
JOIN municipio mu ON ST_Contains(mu.geometry, e.geometry)
JOIN unidade_federativa uf ON mu.cd_uf = uf.cd_uf
JOIN regiao rg ON uf.cd_regia = rg.cd_regia
WHERE rg.nm_regia = 'Sul'
GROUP BY uf.nm_uf
ORDER BY media DESC;",1
D0099,"Qual a média de matrículas na educação infantil por escola, por estado, na região Sul?",Difícil,"SELECT uf.nm_uf, ROUND(AVG(md.qt_mat_inf)::numeric, 2) AS media
FROM escola e
JOIN microdados_ed_basica md ON e.cd_entidade = md.cd_entidade
JOIN municipio mu ON ST_Intersects(mu.geometry, e.geometry)
JOIN unidade_federativa uf ON mu.cd_uf = uf.cd_uf
JOIN regiao rg ON uf.cd_regia = rg.cd_regia
WHERE rg.nm_regia = 'Sul'
GROUP BY uf.nm_uf
ORDER BY media DESC;",1
D0100,"Na média por escola, qual o número de desktops para alunos em cada estado da região Sul?",Difícil,"SELECT uf.nm_uf, ROUND(AVG(md.qt_desktop_aluno)::numeric, 2) AS media
FROM escola e
JOIN microdados_ed_basica md ON e.cd_entidade = md.cd_entidade
JOIN municipio mu ON ST_Intersects(mu.geometry, e.geometry)
JOIN unidade_federativa uf ON mu.cd_uf = uf.cd_uf
JOIN regiao rg ON uf.cd_regia = rg.cd_regia
WHERE rg.nm_regia = 'Sul'
GROUP BY uf.nm_uf
ORDER BY media DESC;",1
D0101,"Na média por escola, qual o número de matrículas na EJA em cada estado da região Centro-Oeste?",Difícil,"SELECT uf.nm_uf, ROUND(AVG(md.qt_mat_eja)::numeric, 2) AS media
FROM escola e
JOIN microdados_ed_basica md ON e.cd_entidade = md.cd_entidade
JOIN municipio mu ON ST_Intersects(mu.geometry, e.geometry)
JOIN unidade_federativa uf ON mu.cd_uf = uf.cd_uf
JOIN regiao rg ON uf.cd_regia = rg.cd_regia
WHERE rg.nm_regia = 'Centro-Oeste'
GROUP BY uf.nm_uf
ORDER BY media DESC;",1
D0102,"Na média por escola, qual o número de turmas da educação básica em cada estado da região Sudeste?",Difícil,"SELECT uf.nm_uf, ROUND(AVG(md.qt_tur_bas)::numeric, 2) AS media
FROM escola e
JOIN microdados_ed_basica md ON e.cd_entidade = md.cd_entidade
JOIN municipio mu ON ST_Intersects(mu.geometry, e.geometry)
JOIN unidade_federativa uf ON mu.cd_uf = uf.cd_uf
JOIN regiao rg ON uf.cd_regia = rg.cd_regia
WHERE rg.nm_regia = 'Sudeste'
GROUP BY uf.nm_uf
ORDER BY media DESC;",1
D0103,"Qual a média de matrículas na educação básica por escola, por estado, na região Norte?",Difícil,"SELECT uf.nm_uf, ROUND(AVG(md.qt_mat_bas)::numeric, 2) AS media
FROM escola e
JOIN microdados_ed_basica md ON e.cd_entidade = md.cd_entidade
JOIN municipio mu ON ST_Intersects(mu.geometry, e.geometry)
JOIN unidade_federativa uf ON mu.cd_uf = uf.cd_uf
JOIN regiao rg ON uf.cd_regia = rg.cd_regia
WHERE rg.nm_regia = 'Norte'
GROUP BY uf.nm_uf
ORDER BY media DESC;",1
D0104,"Qual a média de desktops para alunos por escola, por estado, na região Norte?",Difícil,"SELECT uf.nm_uf, ROUND(AVG(md.qt_desktop_aluno)::numeric, 2) AS media
FROM escola e
JOIN microdados_ed_basica md ON e.cd_entidade = md.cd_entidade
JOIN municipio mu ON ST_Intersects(mu.geometry, e.geometry)
JOIN unidade_federativa uf ON mu.cd_uf = uf.cd_uf
JOIN regiao rg ON uf.cd_regia = rg.cd_regia
WHERE rg.nm_regia = 'Norte'
GROUP BY uf.nm_uf
ORDER BY media DESC;",1
D0105,"Qual a média de salas de aula utilizadas por escola, por estado, na região Sul?",Difícil,"SELECT uf.nm_uf, ROUND(AVG(md.qt_salas_utilizadas)::numeric, 2) AS media
FROM escola e
JOIN microdados_ed_basica md ON e.cd_entidade = md.cd_entidade
JOIN municipio mu ON ST_Intersects(mu.geometry, e.geometry)
JOIN unidade_federativa uf ON mu.cd_uf = uf.cd_uf
JOIN regiao rg ON uf.cd_regia = rg.cd_regia
WHERE rg.nm_regia = 'Sul'
GROUP BY uf.nm_uf
ORDER BY media DESC;",1
D0106,"Qual a média de matrículas na educação profissional por escola, por estado, na região Sul?",Difícil,"SELECT uf.nm_uf, ROUND(AVG(md.qt_mat_prof)::numeric, 2) AS media
FROM escola e
JOIN microdados_ed_basica md ON e.cd_entidade = md.cd_entidade
JOIN municipio mu ON ST_Intersects(mu.geometry, e.geometry)
JOIN unidade_federativa uf ON mu.cd_uf = uf.cd_uf
JOIN regiao rg ON uf.cd_regia = rg.cd_regia
WHERE rg.nm_regia = 'Sul'
GROUP BY uf.nm_uf
ORDER BY media DESC;",1
D0107,"Na média por escola, qual o número de docentes da educação básica em cada estado da região Sudeste?",Difícil,"SELECT uf.nm_uf, ROUND(AVG(md.qt_doc_bas)::numeric, 2) AS media
FROM escola e
JOIN microdados_ed_basica md ON e.cd_entidade = md.cd_entidade
JOIN municipio mu ON ST_Intersects(mu.geometry, e.geometry)
JOIN unidade_federativa uf ON mu.cd_uf = uf.cd_uf
JOIN regiao rg ON uf.cd_regia = rg.cd_regia
WHERE rg.nm_regia = 'Sudeste'
GROUP BY uf.nm_uf
ORDER BY media DESC;",1
D0108,"Na média por escola, qual o número de matrículas na educação básica em cada estado da região Sul?",Difícil,"SELECT uf.nm_uf, ROUND(AVG(md.qt_mat_bas)::numeric, 2) AS media
FROM escola e
JOIN microdados_ed_basica md ON e.cd_entidade = md.cd_entidade
JOIN municipio mu ON ST_Intersects(mu.geometry, e.geometry)
JOIN unidade_federativa uf ON mu.cd_uf = uf.cd_uf
JOIN regiao rg ON uf.cd_regia = rg.cd_regia
WHERE rg.nm_regia = 'Sul'
GROUP BY uf.nm_uf
ORDER BY media DESC;",1
D0109,"Qual a média de turmas da educação básica por escola, por estado, na região Nordeste?",Difícil,"SELECT uf.nm_uf, ROUND(AVG(md.qt_tur_bas)::numeric, 2) AS media
FROM escola e
JOIN microdados_ed_basica md ON e.cd_entidade = md.cd_entidade
JOIN municipio mu ON ST_Intersects(mu.geometry, e.geometry)
JOIN unidade_federativa uf ON mu.cd_uf = uf.cd_uf
JOIN regiao rg ON uf.cd_regia = rg.cd_regia
WHERE rg.nm_regia = 'Nordeste'
GROUP BY uf.nm_uf
ORDER BY media DESC;",1
D0110,"Qual a média de desktops para alunos por escola, por estado, na região Nordeste?",Difícil,"SELECT uf.nm_uf, ROUND(AVG(md.qt_desktop_aluno)::numeric, 2) AS media
FROM escola e
JOIN microdados_ed_basica md ON e.cd_entidade = md.cd_entidade
JOIN municipio mu ON ST_Intersects(mu.geometry, e.geometry)
JOIN unidade_federativa uf ON mu.cd_uf = uf.cd_uf
JOIN regiao rg ON uf.cd_regia = rg.cd_regia
WHERE rg.nm_regia = 'Nordeste'
GROUP BY uf.nm_uf
ORDER BY media DESC;",1
D0111,"Na média por escola, qual o número de computadores portáteis para alunos em cada estado da região Nordeste?",Difícil,"SELECT uf.nm_uf, ROUND(AVG(md.qt_comp_portatil_aluno)::numeric, 2) AS media
FROM escola e
JOIN microdados_ed_basica md ON e.cd_entidade = md.cd_entidade
JOIN municipio mu ON ST_Intersects(mu.geometry, e.geometry)
JOIN unidade_federativa uf ON mu.cd_uf = uf.cd_uf
JOIN regiao rg ON uf.cd_regia = rg.cd_regia
WHERE rg.nm_regia = 'Nordeste'
GROUP BY uf.nm_uf
ORDER BY media DESC;",1
D0112,"Na média por escola, qual o número de matrículas na educação básica em cada estado da região Sudeste?",Difícil,"SELECT uf.nm_uf, ROUND(AVG(md.qt_mat_bas)::numeric, 2) AS media
FROM escola e
JOIN microdados_ed_basica md ON e.cd_entidade = md.cd_entidade
JOIN municipio mu ON ST_Intersects(mu.geometry, e.geometry)
JOIN unidade_federativa uf ON mu.cd_uf = uf.cd_uf
JOIN regiao rg ON uf.cd_regia = rg.cd_regia
WHERE rg.nm_regia = 'Sudeste'
GROUP BY uf.nm_uf
ORDER BY media DESC;",1
D0113,"Qual a média de matrículas na educação básica por escola, por estado, na região Sul?",Difícil,"SELECT uf.nm_uf, ROUND(AVG(md.qt_mat_bas)::numeric, 2) AS media
FROM escola e
JOIN microdados_ed_basica md ON e.cd_entidade = md.cd_entidade
JOIN municipio mu ON ST_Within(e.geometry, mu.geometry)
JOIN unidade_federativa uf ON mu.cd_uf = uf.cd_uf
JOIN regiao rg ON uf.cd_regia = rg.cd_regia
WHERE rg.nm_regia = 'Sul'
GROUP BY uf.nm_uf
ORDER BY media DESC;",1
D0114,"Qual a média de desktops para alunos por escola, por estado, na região Sul?",Difícil,"SELECT uf.nm_uf, ROUND(AVG(md.qt_desktop_aluno)::numeric, 2) AS media
FROM escola e
JOIN microdados_ed_basica md ON e.cd_entidade = md.cd_entidade
JOIN municipio mu ON ST_Within(e.geometry, mu.geometry)
JOIN unidade_federativa uf ON mu.cd_uf = uf.cd_uf
JOIN regiao rg ON uf.cd_regia = rg.cd_regia
WHERE rg.nm_regia = 'Sul'
GROUP BY uf.nm_uf
ORDER BY media DESC;",1
D0115,"Qual a média de salas de aula utilizadas por escola, por estado, na região Centro-Oeste?",Difícil,"SELECT uf.nm_uf, ROUND(AVG(md.qt_salas_utilizadas)::numeric, 2) AS media
FROM escola e
JOIN microdados_ed_basica md ON e.cd_entidade = md.cd_entidade
JOIN municipio mu ON ST_Within(e.geometry, mu.geometry)
JOIN unidade_federativa uf ON mu.cd_uf = uf.cd_uf
JOIN regiao rg ON uf.cd_regia = rg.cd_regia
WHERE rg.nm_regia = 'Centro-Oeste'
GROUP BY uf.nm_uf
ORDER BY media DESC;",1
D0116,"Qual a média de salas de aula utilizadas por escola, por estado, na região Sudeste?",Difícil,"SELECT uf.nm_uf, ROUND(AVG(md.qt_salas_utilizadas)::numeric, 2) AS media
FROM escola e
JOIN microdados_ed_basica md ON e.cd_entidade = md.cd_entidade
JOIN municipio mu ON ST_Within(e.geometry, mu.geometry)
JOIN unidade_federativa uf ON mu.cd_uf = uf.cd_uf
JOIN regiao rg ON uf.cd_regia = rg.cd_regia
WHERE rg.nm_regia = 'Sudeste'
GROUP BY uf.nm_uf
ORDER BY media DESC;",1
D0117,"Qual a média de computadores portáteis para alunos por escola, por estado, na região Nordeste?",Difícil,"SELECT uf.nm_uf, ROUND(AVG(md.qt_comp_portatil_aluno)::numeric, 2) AS media
FROM escola e
JOIN microdados_ed_basica md ON e.cd_entidade = md.cd_entidade
JOIN municipio mu ON ST_Within(e.geometry, mu.geometry)
JOIN unidade_federativa uf ON mu.cd_uf = uf.cd_uf
JOIN regiao rg ON uf.cd_regia = rg.cd_regia
WHERE rg.nm_regia = 'Nordeste'
GROUP BY uf.nm_uf
ORDER BY media DESC;",1
D0118,"Qual a média de matrículas na educação profissional por escola, por estado, na região Nordeste?",Difícil,"SELECT uf.nm_uf, ROUND(AVG(md.qt_mat_prof)::numeric, 2) AS media
FROM escola e
JOIN microdados_ed_basica md ON e.cd_entidade = md.cd_entidade
JOIN municipio mu ON ST_Within(e.geometry, mu.geometry)
JOIN unidade_federativa uf ON mu.cd_uf = uf.cd_uf
JOIN regiao rg ON uf.cd_regia = rg.cd_regia
WHERE rg.nm_regia = 'Nordeste'
GROUP BY uf.nm_uf
ORDER BY media DESC;",1
D0119,"Qual a média de docentes da educação básica por escola, por estado, na região Sudeste?",Difícil,"SELECT uf.nm_uf, ROUND(AVG(md.qt_doc_bas)::numeric, 2) AS media
FROM escola e
JOIN microdados_ed_basica md ON e.cd_entidade = md.cd_entidade
JOIN municipio mu ON ST_Within(e.geometry, mu.geometry)
JOIN unidade_federativa uf ON mu.cd_uf = uf.cd_uf
JOIN regiao rg ON uf.cd_regia = rg.cd_regia
WHERE rg.nm_regia = 'Sudeste'
GROUP BY uf.nm_uf
ORDER BY media DESC;",1
D0120,"Na média por escola, qual o número de matrículas no ensino fundamental em cada estado da região Nordeste?",Difícil,"SELECT uf.nm_uf, ROUND(AVG(md.qt_mat_fund)::numeric, 2) AS media
FROM escola e
JOIN microdados_ed_basica md ON e.cd_entidade = md.cd_entidade
JOIN municipio mu ON ST_Within(e.geometry, mu.geometry)
JOIN unidade_federativa uf ON mu.cd_uf = uf.cd_uf
JOIN regiao rg ON uf.cd_regia = rg.cd_regia
WHERE rg.nm_regia = 'Nordeste'
GROUP BY uf.nm_uf
ORDER BY media DESC;",1
D0121,"Qual a média de docentes da educação básica por escola, por estado, na região Sul?",Difícil,"SELECT uf.nm_uf, ROUND(AVG(md.qt_doc_bas)::numeric, 2) AS media
FROM escola e
JOIN microdados_ed_basica md ON e.cd_entidade = md.cd_entidade
JOIN municipio mu ON ST_Within(e.geometry, mu.geometry)
JOIN unidade_federativa uf ON mu.cd_uf = uf.cd_uf
JOIN regiao rg ON uf.cd_regia = rg.cd_regia
WHERE rg.nm_regia = 'Sul'
GROUP BY uf.nm_uf
ORDER BY media DESC;",1
D0122,"Na média por escola, qual o número de matrículas na educação básica em cada estado da região Norte?",Difícil,"SELECT uf.nm_uf, ROUND(AVG(md.qt_mat_bas)::numeric, 2) AS media
FROM escola e
JOIN microdados_ed_basica md ON e.cd_entidade = md.cd_entidade
JOIN municipio mu ON ST_Within(e.geometry, mu.geometry)
JOIN unidade_federativa uf ON mu.cd_uf = uf.cd_uf
JOIN regiao rg ON uf.cd_regia = rg.cd_regia
WHERE rg.nm_regia = 'Norte'
GROUP BY uf.nm_uf
ORDER BY media DESC;",1
D0123,"Na média por escola, qual o número de salas de aula utilizadas em cada estado da região Nordeste?",Difícil,"SELECT uf.nm_uf, ROUND(AVG(md.qt_salas_utilizadas)::numeric, 2) AS media
FROM escola e
JOIN microdados_ed_basica md ON e.cd_entidade = md.cd_entidade
JOIN municipio mu ON ST_Within(e.geometry, mu.geometry)
JOIN unidade_federativa uf ON mu.cd_uf = uf.cd_uf
JOIN regiao rg ON uf.cd_regia = rg.cd_regia
WHERE rg.nm_regia = 'Nordeste'
GROUP BY uf.nm_uf
ORDER BY media DESC;",1
D0124,"Na média por escola, qual o número de matrículas no ensino médio em cada estado da região Sul?",Difícil,"SELECT uf.nm_uf, ROUND(AVG(md.qt_mat_med)::numeric, 2) AS media
FROM escola e
JOIN microdados_ed_basica md ON e.cd_entidade = md.cd_entidade
JOIN municipio mu ON ST_Within(e.geometry, mu.geometry)
JOIN unidade_federativa uf ON mu.cd_uf = uf.cd_uf
JOIN regiao rg ON uf.cd_regia = rg.cd_regia
WHERE rg.nm_regia = 'Sul'
GROUP BY uf.nm_uf
ORDER BY media DESC;",1
D0125,"Na média por escola, qual o número de turmas da educação básica em cada estado da região Centro-Oeste?",Difícil,"SELECT uf.nm_uf, ROUND(AVG(md.qt_tur_bas)::numeric, 2) AS media
FROM escola e
JOIN microdados_ed_basica md ON e.cd_entidade = md.cd_entidade
JOIN municipio mu ON ST_Within(e.geometry, mu.geometry)
JOIN unidade_federativa uf ON mu.cd_uf = uf.cd_uf
JOIN regiao rg ON uf.cd_regia = rg.cd_regia
WHERE rg.nm_regia = 'Centro-Oeste'
GROUP BY uf.nm_uf
ORDER BY media DESC;",1
D0126,"Na média por escola, qual o número de turmas da educação básica em cada estado da região Sul?",Difícil,"SELECT uf.nm_uf, ROUND(AVG(md.qt_tur_bas)::numeric, 2) AS media
FROM escola e
JOIN microdados_ed_basica md ON e.cd_entidade = md.cd_entidade
JOIN municipio mu ON ST_Within(e.geometry, mu.geometry)
JOIN unidade_federativa uf ON mu.cd_uf = uf.cd_uf
JOIN regiao rg ON uf.cd_regia = rg.cd_regia
WHERE rg.nm_regia = 'Sul'
GROUP BY uf.nm_uf
ORDER BY media DESC;",1
D0127,"A até 6 km do centro de Teresina, qual a soma de matrículas no ensino médio por dependência administrativa?",Difícil,"SELECT e.tp_depende, SUM(md.qt_mat_med) AS total
FROM escola e
JOIN microdados_ed_basica md ON e.cd_entidade = md.cd_entidade
WHERE ST_DWithin(e.geometry::geography, ST_SetSRID(ST_MakePoint(-42.7895, -5.0887), 4674)::geography, 6000)
GROUP BY e.tp_depende
ORDER BY total DESC;",1
D0128,"A até 6 km do centro de Rio de Janeiro, qual a soma de computadores portáteis para alunos por dependência administrativa?",Difícil,"SELECT e.tp_depende, SUM(md.qt_comp_portatil_aluno) AS total
FROM escola e
JOIN microdados_ed_basica md ON e.cd_entidade = md.cd_entidade
WHERE ST_DWithin(e.geometry::geography, ST_SetSRID(ST_MakePoint(-43.2066, -22.927), 4674)::geography, 6000)
GROUP BY e.tp_depende
ORDER BY total DESC;",1
D0129,"A até 20 km do centro de Curitiba, qual a soma de desktops para alunos por dependência administrativa?",Difícil,"SELECT e.tp_depende, SUM(md.qt_desktop_aluno) AS total
FROM escola e
JOIN microdados_ed_basica md ON e.cd_entidade = md.cd_entidade
WHERE ST_DWithin(e.geometry::geography, ST_SetSRID(ST_MakePoint(-49.2802, -25.4407), 4674)::geography, 20000)
GROUP BY e.tp_depende
ORDER BY total DESC;",1
D0130,"A até 4 km do centro de Rio de Janeiro, qual a soma de matrículas na educação profissional por dependência administrativa?",Difícil,"SELECT e.tp_depende, SUM(md.qt_mat_prof) AS total
FROM escola e
JOIN microdados_ed_basica md ON e.cd_entidade = md.cd_entidade
WHERE ST_DWithin(e.geometry::geography, ST_SetSRID(ST_MakePoint(-43.2007, -22.9005), 4674)::geography, 4000)
GROUP BY e.tp_depende
ORDER BY total DESC;",1
D0131,"A até 5 km do centro de Contagem, qual a soma de computadores portáteis para alunos por dependência administrativa?",Difícil,"SELECT e.tp_depende, SUM(md.qt_comp_portatil_aluno) AS total
FROM escola e
JOIN microdados_ed_basica md ON e.cd_entidade = md.cd_entidade
WHERE ST_DWithin(e.geometry::geography, ST_SetSRID(ST_MakePoint(-44.0484, -19.9368), 4674)::geography, 5000)
GROUP BY e.tp_depende
ORDER BY total DESC;",1
D0132,"A até 12 km do centro de Campinas, qual a soma de matrículas no ensino médio por dependência administrativa?",Difícil,"SELECT e.tp_depende, SUM(md.qt_mat_med) AS total
FROM escola e
JOIN microdados_ed_basica md ON e.cd_entidade = md.cd_entidade
WHERE ST_DWithin(e.geometry::geography, ST_SetSRID(ST_MakePoint(-47.0528, -22.905), 4674)::geography, 12000)
GROUP BY e.tp_depende
ORDER BY total DESC;",1
D0133,"A até 15 km do centro de Maceió, qual a soma de salas de aula utilizadas por dependência administrativa?",Difícil,"SELECT e.tp_depende, SUM(md.qt_salas_utilizadas) AS total
FROM escola e
JOIN microdados_ed_basica md ON e.cd_entidade = md.cd_entidade
WHERE ST_DWithin(e.geometry::geography, ST_SetSRID(ST_MakePoint(-35.7231, -9.6836), 4674)::geography, 15000)
GROUP BY e.tp_depende
ORDER BY total DESC;",1
D0134,"A até 5 km do centro de São Paulo, qual a soma de matrículas na EJA por dependência administrativa?",Difícil,"SELECT e.tp_depende, SUM(md.qt_mat_eja) AS total
FROM escola e
JOIN microdados_ed_basica md ON e.cd_entidade = md.cd_entidade
WHERE ST_DWithin(e.geometry::geography, ST_SetSRID(ST_MakePoint(-46.646, -23.5396), 4674)::geography, 5000)
GROUP BY e.tp_depende
ORDER BY total DESC;",1
D0135,"A até 20 km do centro de Florianópolis, qual a soma de docentes da educação básica por dependência administrativa?",Difícil,"SELECT e.tp_depende, SUM(md.qt_doc_bas) AS total
FROM escola e
JOIN microdados_ed_basica md ON e.cd_entidade = md.cd_entidade
WHERE ST_DWithin(e.geometry::geography, ST_SetSRID(ST_MakePoint(-48.5304, -27.5739), 4674)::geography, 20000)
GROUP BY e.tp_depende
ORDER BY total DESC;",1
D0136,"A até 2 km do centro de Teresina, qual a soma de matrículas na educação básica por dependência administrativa?",Difícil,"SELECT e.tp_depende, SUM(md.qt_mat_bas) AS total
FROM escola e
JOIN microdados_ed_basica md ON e.cd_entidade = md.cd_entidade
WHERE ST_DWithin(e.geometry::geography, ST_SetSRID(ST_MakePoint(-42.8066, -5.1049), 4674)::geography, 2000)
GROUP BY e.tp_depende
ORDER BY total DESC;",1
D0137,"A até 4 km do centro de Goiânia, qual a soma de salas de aula utilizadas por dependência administrativa?",Difícil,"SELECT e.tp_depende, SUM(md.qt_salas_utilizadas) AS total
FROM escola e
JOIN microdados_ed_basica md ON e.cd_entidade = md.cd_entidade
WHERE ST_DWithin(e.geometry::geography, ST_SetSRID(ST_MakePoint(-49.2392, -16.6863), 4674)::geography, 4000)
GROUP BY e.tp_depende
ORDER BY total DESC;",1
D0138,"A até 4 km do centro de São Luís, qual a soma de matrículas na educação profissional por dependência administrativa?",Difícil,"SELECT e.tp_depende, SUM(md.qt_mat_prof) AS total
FROM escola e
JOIN microdados_ed_basica md ON e.cd_entidade = md.cd_entidade
WHERE ST_DWithin(e.geometry::geography, ST_SetSRID(ST_MakePoint(-44.3179, -2.5178), 4674)::geography, 4000)
GROUP BY e.tp_depende
ORDER BY total DESC;",1
D0139,"A até 10 km do centro de Salvador, qual a soma de matrículas no ensino fundamental por dependência administrativa?",Difícil,"SELECT e.tp_depende, SUM(md.qt_mat_fund) AS total
FROM escola e
JOIN microdados_ed_basica md ON e.cd_entidade = md.cd_entidade
WHERE ST_DWithin(e.geometry::geography, ST_SetSRID(ST_MakePoint(-38.5132, -12.957), 4674)::geography, 10000)
GROUP BY e.tp_depende
ORDER BY total DESC;",1
D0140,"A até 3 km do centro de Palmas, qual a soma de matrículas na educação profissional por dependência administrativa?",Difícil,"SELECT e.tp_depende, SUM(md.qt_mat_prof) AS total
FROM escola e
JOIN microdados_ed_basica md ON e.cd_entidade = md.cd_entidade
WHERE ST_DWithin(e.geometry::geography, ST_SetSRID(ST_MakePoint(-48.3194, -10.1743), 4674)::geography, 3000)
GROUP BY e.tp_depende
ORDER BY total DESC;",1
D0141,"A até 4 km do centro de Natal, qual a soma de computadores portáteis para alunos por dependência administrativa?",Difícil,"SELECT e.tp_depende, SUM(md.qt_comp_portatil_aluno) AS total
FROM escola e
JOIN microdados_ed_basica md ON e.cd_entidade = md.cd_entidade
WHERE ST_DWithin(e.geometry::geography, ST_SetSRID(ST_MakePoint(-35.2115, -5.8079), 4674)::geography, 4000)
GROUP BY e.tp_depende
ORDER BY total DESC;",1
D0142,"A até 20 km do centro de Palmas, qual a soma de matrículas na educação profissional por dependência administrativa?",Difícil,"SELECT e.tp_depende, SUM(md.qt_mat_prof) AS total
FROM escola e
JOIN microdados_ed_basica md ON e.cd_entidade = md.cd_entidade
WHERE ST_DWithin(e.geometry::geography, ST_SetSRID(ST_MakePoint(-48.3199, -10.174), 4674)::geography, 20000)
GROUP BY e.tp_depende
ORDER BY total DESC;",1
D0143,"A até 15 km do centro de Belo Horizonte, qual a soma de turmas da educação básica por dependência administrativa?",Difícil,"SELECT e.tp_depende, SUM(md.qt_tur_bas) AS total
FROM escola e
JOIN microdados_ed_basica md ON e.cd_entidade = md.cd_entidade
WHERE ST_DWithin(e.geometry::geography, ST_SetSRID(ST_MakePoint(-43.9486, -19.9308), 4674)::geography, 15000)
GROUP BY e.tp_depende
ORDER BY total DESC;",1
D0144,"A até 8 km do centro de Uberlândia, qual a soma de docentes da educação básica por dependência administrativa?",Difícil,"SELECT e.tp_depende, SUM(md.qt_doc_bas) AS total
FROM escola e
JOIN microdados_ed_basica md ON e.cd_entidade = md.cd_entidade
WHERE ST_DWithin(e.geometry::geography, ST_SetSRID(ST_MakePoint(-48.2814, -18.914), 4674)::geography, 8000)
GROUP BY e.tp_depende
ORDER BY total DESC;",1
D0145,"A até 3 km do centro de Salvador, qual a soma de matrículas na educação profissional por dependência administrativa?",Difícil,"SELECT e.tp_depende, SUM(md.qt_mat_prof) AS total
FROM escola e
JOIN microdados_ed_basica md ON e.cd_entidade = md.cd_entidade
WHERE ST_DWithin(e.geometry::geography, ST_SetSRID(ST_MakePoint(-38.4919, -12.9536), 4674)::geography, 3000)
GROUP BY e.tp_depende
ORDER BY total DESC;",1
D0146,"A até 8 km do centro de Contagem, qual a soma de docentes da educação básica por dependência administrativa?",Difícil,"SELECT e.tp_depende, SUM(md.qt_doc_bas) AS total
FROM escola e
JOIN microdados_ed_basica md ON e.cd_entidade = md.cd_entidade
WHERE ST_DWithin(e.geometry::geography, ST_SetSRID(ST_MakePoint(-44.0303, -19.9409), 4674)::geography, 8000)
GROUP BY e.tp_depende
ORDER BY total DESC;",1
D0147,"A até 6 km do centro de Fortaleza, qual a soma de docentes da educação básica por dependência administrativa?",Difícil,"SELECT e.tp_depende, SUM(md.qt_doc_bas) AS total
FROM escola e
JOIN microdados_ed_basica md ON e.cd_entidade = md.cd_entidade
WHERE ST_DWithin(e.geometry::geography, ST_SetSRID(ST_MakePoint(-38.5525, -3.7393), 4674)::geography, 6000)
GROUP BY e.tp_depende
ORDER BY total DESC;",1
D0148,"A até 20 km do centro de Teresina, qual a soma de salas de aula utilizadas por dependência administrativa?",Difícil,"SELECT e.tp_depende, SUM(md.qt_salas_utilizadas) AS total
FROM escola e
JOIN microdados_ed_basica md ON e.cd_entidade = md.cd_entidade
WHERE ST_DWithin(e.geometry::geography, ST_SetSRID(ST_MakePoint(-42.7803, -5.0874), 4674)::geography, 20000)
GROUP BY e.tp_depende
ORDER BY total DESC;",1
D0149,"A até 20 km do centro de Manaus, qual a soma de matrículas no ensino fundamental por dependência administrativa?",Difícil,"SELECT e.tp_depende, SUM(md.qt_mat_fund) AS total
FROM escola e
JOIN microdados_ed_basica md ON e.cd_entidade = md.cd_entidade
WHERE ST_DWithin(e.geometry::geography, ST_SetSRID(ST_MakePoint(-60.0019, -3.0819), 4674)::geography, 20000)
GROUP BY e.tp_depende
ORDER BY total DESC;",1
D0150,"A até 2 km do centro de Palmas, qual a soma de salas de aula utilizadas por dependência administrativa?",Difícil,"SELECT e.tp_depende, SUM(md.qt_salas_utilizadas) AS total
FROM escola e
JOIN microdados_ed_basica md ON e.cd_entidade = md.cd_entidade
WHERE ST_DWithin(e.geometry::geography, ST_SetSRID(ST_MakePoint(-48.3291, -10.1884), 4674)::geography, 2000)
GROUP BY e.tp_depende
ORDER BY total DESC;",1
D0151,"A até 3 km do centro de Fortaleza, qual a soma de docentes da educação básica por dependência administrativa?",Difícil,"SELECT e.tp_depende, SUM(md.qt_doc_bas) AS total
FROM escola e
JOIN microdados_ed_basica md ON e.cd_entidade = md.cd_entidade
WHERE ST_DWithin(e.geometry::geography, ST_SetSRID(ST_MakePoint(-38.524, -3.7496), 4674)::geography, 3000)
GROUP BY e.tp_depende
ORDER BY total DESC;",1
D0152,"A até 20 km do centro de Palmas, qual a soma de matrículas na educação infantil por dependência administrativa?",Difícil,"SELECT e.tp_depende, SUM(md.qt_mat_inf) AS total
FROM escola e
JOIN microdados_ed_basica md ON e.cd_entidade = md.cd_entidade
WHERE ST_DWithin(e.geometry::geography, ST_SetSRID(ST_MakePoint(-48.3456, -10.1889), 4674)::geography, 20000)
GROUP BY e.tp_depende
ORDER BY total DESC;",1
D0153,"A até 8 km do centro de Rio de Janeiro, qual a soma de matrículas no ensino médio por dependência administrativa?",Difícil,"SELECT e.tp_depende, SUM(md.qt_mat_med) AS total
FROM escola e
JOIN microdados_ed_basica md ON e.cd_entidade = md.cd_entidade
WHERE ST_DWithin(e.geometry::geography, ST_SetSRID(ST_MakePoint(-43.1916, -22.9148), 4674)::geography, 8000)
GROUP BY e.tp_depende
ORDER BY total DESC;",1
D0154,"A até 5 km do centro de Aracaju, qual a soma de matrículas no ensino médio por dependência administrativa?",Difícil,"SELECT e.tp_depende, SUM(md.qt_mat_med) AS total
FROM escola e
JOIN microdados_ed_basica md ON e.cd_entidade = md.cd_entidade
WHERE ST_DWithin(e.geometry::geography, ST_SetSRID(ST_MakePoint(-37.0798, -10.9019), 4674)::geography, 5000)
GROUP BY e.tp_depende
ORDER BY total DESC;",1
D0155,Qual a densidade de escolas por km² em cada município de Pará?,Difícil,"SELECT mu.nm_mun,
       ROUND((COUNT(e.cd_entidade) / (ST_Area(ST_Transform(mu.geometry, 5880)) / 1e6))::numeric, 4) AS escolas_por_km2
FROM municipio mu
JOIN unidade_federativa uf ON mu.cd_uf = uf.cd_uf
JOIN escola e ON ST_Contains(mu.geometry, e.geometry)
WHERE uf.nm_uf = 'Pará'
GROUP BY mu.nm_mun, mu.geometry
ORDER BY escolas_por_km2 DESC;",1
D0156,Qual a densidade de escolas por km² em cada município de Amazonas?,Difícil,"SELECT mu.nm_mun,
       ROUND((COUNT(e.cd_entidade) / (ST_Area(ST_Transform(mu.geometry, 5880)) / 1e6))::numeric, 4) AS escolas_por_km2
FROM municipio mu
JOIN unidade_federativa uf ON mu.cd_uf = uf.cd_uf
JOIN escola e ON ST_Contains(mu.geometry, e.geometry)
WHERE uf.nm_uf = 'Amazonas'
GROUP BY mu.nm_mun, mu.geometry
ORDER BY escolas_por_km2 DESC;",1
D0157,Qual a densidade de escolas por km² em cada município de Rondônia?,Difícil,"SELECT mu.nm_mun,
       ROUND((COUNT(e.cd_entidade) / (ST_Area(ST_Transform(mu.geometry, 5880)) / 1e6))::numeric, 4) AS escolas_por_km2
FROM municipio mu
JOIN unidade_federativa uf ON mu.cd_uf = uf.cd_uf
JOIN escola e ON ST_Contains(mu.geometry, e.geometry)
WHERE uf.nm_uf = 'Rondônia'
GROUP BY mu.nm_mun, mu.geometry
ORDER BY escolas_por_km2 DESC;",1
D0158,Qual a densidade de escolas por km² em cada município de Bahia?,Difícil,"SELECT mu.nm_mun,
       ROUND((COUNT(e.cd_entidade) / (ST_Area(ST_Transform(mu.geometry, 5880)) / 1e6))::numeric, 4) AS escolas_por_km2
FROM municipio mu
JOIN unidade_federativa uf ON mu.cd_uf = uf.cd_uf
JOIN escola e ON ST_Contains(mu.geometry, e.geometry)
WHERE uf.nm_uf = 'Bahia'
GROUP BY mu.nm_mun, mu.geometry
ORDER BY escolas_por_km2 DESC;",1
D0159,Qual a densidade de escolas por km² em cada município de Rio de Janeiro?,Difícil,"SELECT mu.nm_mun,
       ROUND((COUNT(e.cd_entidade) / (ST_Area(ST_Transform(mu.geometry, 5880)) / 1e6))::numeric, 4) AS escolas_por_km2
FROM municipio mu
JOIN unidade_federativa uf ON mu.cd_uf = uf.cd_uf
JOIN escola e ON ST_Contains(mu.geometry, e.geometry)
WHERE uf.nm_uf = 'Rio de Janeiro'
GROUP BY mu.nm_mun, mu.geometry
ORDER BY escolas_por_km2 DESC;",1
D0160,Qual a densidade de escolas por km² em cada município de Pernambuco?,Difícil,"SELECT mu.nm_mun,
       ROUND((COUNT(e.cd_entidade) / (ST_Area(ST_Transform(mu.geometry, 5880)) / 1e6))::numeric, 4) AS escolas_por_km2
FROM municipio mu
JOIN unidade_federativa uf ON mu.cd_uf = uf.cd_uf
JOIN escola e ON ST_Contains(mu.geometry, e.geometry)
WHERE uf.nm_uf = 'Pernambuco'
GROUP BY mu.nm_mun, mu.geometry
ORDER BY escolas_por_km2 DESC;",1
D0161,Qual a densidade de escolas por km² em cada município de Mato Grosso?,Difícil,"SELECT mu.nm_mun,
       ROUND((COUNT(e.cd_entidade) / (ST_Area(ST_Transform(mu.geometry, 5880)) / 1e6))::numeric, 4) AS escolas_por_km2
FROM municipio mu
JOIN unidade_federativa uf ON mu.cd_uf = uf.cd_uf
JOIN escola e ON ST_Contains(mu.geometry, e.geometry)
WHERE uf.nm_uf = 'Mato Grosso'
GROUP BY mu.nm_mun, mu.geometry
ORDER BY escolas_por_km2 DESC;",1
D0162,Qual a densidade de escolas por km² em cada município de Rio Grande do Norte?,Difícil,"SELECT mu.nm_mun,
       ROUND((COUNT(e.cd_entidade) / (ST_Area(ST_Transform(mu.geometry, 5880)) / 1e6))::numeric, 4) AS escolas_por_km2
FROM municipio mu
JOIN unidade_federativa uf ON mu.cd_uf = uf.cd_uf
JOIN escola e ON ST_Contains(mu.geometry, e.geometry)
WHERE uf.nm_uf = 'Rio Grande do Norte'
GROUP BY mu.nm_mun, mu.geometry
ORDER BY escolas_por_km2 DESC;",1
D0163,Qual a densidade de escolas por km² em cada município de Espírito Santo?,Difícil,"SELECT mu.nm_mun,
       ROUND((COUNT(e.cd_entidade) / (ST_Area(ST_Transform(mu.geometry, 5880)) / 1e6))::numeric, 4) AS escolas_por_km2
FROM municipio mu
JOIN unidade_federativa uf ON mu.cd_uf = uf.cd_uf
JOIN escola e ON ST_Contains(mu.geometry, e.geometry)
WHERE uf.nm_uf = 'Espírito Santo'
GROUP BY mu.nm_mun, mu.geometry
ORDER BY escolas_por_km2 DESC;",1
D0164,Qual a densidade de escolas por km² em cada município de Amapá?,Difícil,"SELECT mu.nm_mun,
       ROUND((COUNT(e.cd_entidade) / (ST_Area(ST_Transform(mu.geometry, 5880)) / 1e6))::numeric, 4) AS escolas_por_km2
FROM municipio mu
JOIN unidade_federativa uf ON mu.cd_uf = uf.cd_uf
JOIN escola e ON ST_Contains(mu.geometry, e.geometry)
WHERE uf.nm_uf = 'Amapá'
GROUP BY mu.nm_mun, mu.geometry
ORDER BY escolas_por_km2 DESC;",1
D0165,Qual a densidade de escolas por km² em cada município de Tocantins?,Difícil,"SELECT mu.nm_mun,
       ROUND((COUNT(e.cd_entidade) / (ST_Area(ST_Transform(mu.geometry, 5880)) / 1e6))::numeric, 4) AS escolas_por_km2
FROM municipio mu
JOIN unidade_federativa uf ON mu.cd_uf = uf.cd_uf
JOIN escola e ON ST_Contains(mu.geometry, e.geometry)
WHERE uf.nm_uf = 'Tocantins'
GROUP BY mu.nm_mun, mu.geometry
ORDER BY escolas_por_km2 DESC;",1
D0166,Qual a densidade de escolas por km² em cada município de Sergipe?,Difícil,"SELECT mu.nm_mun,
       ROUND((COUNT(e.cd_entidade) / (ST_Area(ST_Transform(mu.geometry, 5880)) / 1e6))::numeric, 4) AS escolas_por_km2
FROM municipio mu
JOIN unidade_federativa uf ON mu.cd_uf = uf.cd_uf
JOIN escola e ON ST_Contains(mu.geometry, e.geometry)
WHERE uf.nm_uf = 'Sergipe'
GROUP BY mu.nm_mun, mu.geometry
ORDER BY escolas_por_km2 DESC;",1
D0167,Qual a densidade de escolas por km² em cada município de Maranhão?,Difícil,"SELECT mu.nm_mun,
       ROUND((COUNT(e.cd_entidade) / (ST_Area(ST_Transform(mu.geometry, 5880)) / 1e6))::numeric, 4) AS escolas_por_km2
FROM municipio mu
JOIN unidade_federativa uf ON mu.cd_uf = uf.cd_uf
JOIN escola e ON ST_Contains(mu.geometry, e.geometry)
WHERE uf.nm_uf = 'Maranhão'
GROUP BY mu.nm_mun, mu.geometry
ORDER BY escolas_por_km2 DESC;",1
D0168,Qual a densidade de escolas por km² em cada município de Piauí?,Difícil,"SELECT mu.nm_mun,
       ROUND((COUNT(e.cd_entidade) / (ST_Area(ST_Transform(mu.geometry, 5880)) / 1e6))::numeric, 4) AS escolas_por_km2
FROM municipio mu
JOIN unidade_federativa uf ON mu.cd_uf = uf.cd_uf
JOIN escola e ON ST_Contains(mu.geometry, e.geometry)
WHERE uf.nm_uf = 'Piauí'
GROUP BY mu.nm_mun, mu.geometry
ORDER BY escolas_por_km2 DESC;",1
V0001,"Em Rio Grande do Sul, ordene os municípios pela distância média das escolas ao centro e compare à média estadual.",Muito Difícil,"WITH d AS (
  SELECT mu.nm_mun,
         AVG(ST_Distance(e.geometry::geography, ST_Centroid(mu.geometry)::geography)) AS dm
  FROM escola e
  JOIN municipio mu ON ST_Contains(mu.geometry, e.geometry)
  JOIN unidade_federativa uf ON mu.cd_uf = uf.cd_uf
  WHERE uf.nm_uf = 'Rio Grande do Sul'
  GROUP BY mu.nm_mun
)
SELECT nm_mun, ROUND(dm::numeric, 2) AS dist_media_m,
       ROUND(AVG(dm) OVER ()::numeric, 2) AS media_uf,
       RANK() OVER (ORDER BY dm DESC) AS posicao
FROM d
ORDER BY dm DESC;",1
V0002,"Em Alagoas, ordene os municípios pela distância média das escolas ao centro e compare à média estadual.",Muito Difícil,"WITH d AS (
  SELECT mu.nm_mun,
         AVG(ST_Distance(e.geometry::geography, ST_Centroid(mu.geometry)::geography)) AS dm
  FROM escola e
  JOIN municipio mu ON ST_Contains(mu.geometry, e.geometry)
  JOIN unidade_federativa uf ON mu.cd_uf = uf.cd_uf
  WHERE uf.nm_uf = 'Alagoas'
  GROUP BY mu.nm_mun
)
SELECT nm_mun, ROUND(dm::numeric, 2) AS dist_media_m,
       ROUND(AVG(dm) OVER ()::numeric, 2) AS media_uf,
       RANK() OVER (ORDER BY dm DESC) AS posicao
FROM d
ORDER BY dm DESC;",1
V0003,"Em Piauí, ordene os municípios pela distância média das escolas ao centro e compare à média estadual.",Muito Difícil,"WITH d AS (
  SELECT mu.nm_mun,
         AVG(ST_Distance(e.geometry::geography, ST_Centroid(mu.geometry)::geography)) AS dm
  FROM escola e
  JOIN municipio mu ON ST_Contains(mu.geometry, e.geometry)
  JOIN unidade_federativa uf ON mu.cd_uf = uf.cd_uf
  WHERE uf.nm_uf = 'Piauí'
  GROUP BY mu.nm_mun
)
SELECT nm_mun, ROUND(dm::numeric, 2) AS dist_media_m,
       ROUND(AVG(dm) OVER ()::numeric, 2) AS media_uf,
       RANK() OVER (ORDER BY dm DESC) AS posicao
FROM d
ORDER BY dm DESC;",1
V0004,"Em São Paulo, ordene os municípios pela distância média das escolas ao centro e compare à média estadual.",Muito Difícil,"WITH d AS (
  SELECT mu.nm_mun,
         AVG(ST_Distance(e.geometry::geography, ST_Centroid(mu.geometry)::geography)) AS dm
  FROM escola e
  JOIN municipio mu ON ST_Contains(mu.geometry, e.geometry)
  JOIN unidade_federativa uf ON mu.cd_uf = uf.cd_uf
  WHERE uf.nm_uf = 'São Paulo'
  GROUP BY mu.nm_mun
)
SELECT nm_mun, ROUND(dm::numeric, 2) AS dist_media_m,
       ROUND(AVG(dm) OVER ()::numeric, 2) AS media_uf,
       RANK() OVER (ORDER BY dm DESC) AS posicao
FROM d
ORDER BY dm DESC;",1
V0005,"Em Mato Grosso, ordene os municípios pela distância média das escolas ao centro e compare à média estadual.",Muito Difícil,"WITH d AS (
  SELECT mu.nm_mun,
         AVG(ST_Distance(e.geometry::geography, ST_Centroid(mu.geometry)::geography)) AS dm
  FROM escola e
  JOIN municipio mu ON ST_Contains(mu.geometry, e.geometry)
  JOIN unidade_federativa uf ON mu.cd_uf = uf.cd_uf
  WHERE uf.nm_uf = 'Mato Grosso'
  GROUP BY mu.nm_mun
)
SELECT nm_mun, ROUND(dm::numeric, 2) AS dist_media_m,
       ROUND(AVG(dm) OVER ()::numeric, 2) AS media_uf,
       RANK() OVER (ORDER BY dm DESC) AS posicao
FROM d
ORDER BY dm DESC;",1
V0006,"Em Bahia, ordene os municípios pela distância média das escolas ao centro e compare à média estadual.",Muito Difícil,"WITH d AS (
  SELECT mu.nm_mun,
         AVG(ST_Distance(e.geometry::geography, ST_Centroid(mu.geometry)::geography)) AS dm
  FROM escola e
  JOIN municipio mu ON ST_Contains(mu.geometry, e.geometry)
  JOIN unidade_federativa uf ON mu.cd_uf = uf.cd_uf
  WHERE uf.nm_uf = 'Bahia'
  GROUP BY mu.nm_mun
)
SELECT nm_mun, ROUND(dm::numeric, 2) AS dist_media_m,
       ROUND(AVG(dm) OVER ()::numeric, 2) AS media_uf,
       RANK() OVER (ORDER BY dm DESC) AS posicao
FROM d
ORDER BY dm DESC;",1
V0007,"Em Sergipe, ordene os municípios pela distância média das escolas ao centro e compare à média estadual.",Muito Difícil,"WITH d AS (
  SELECT mu.nm_mun,
         AVG(ST_Distance(e.geometry::geography, ST_Centroid(mu.geometry)::geography)) AS dm
  FROM escola e
  JOIN municipio mu ON ST_Contains(mu.geometry, e.geometry)
  JOIN unidade_federativa uf ON mu.cd_uf = uf.cd_uf
  WHERE uf.nm_uf = 'Sergipe'
  GROUP BY mu.nm_mun
)
SELECT nm_mun, ROUND(dm::numeric, 2) AS dist_media_m,
       ROUND(AVG(dm) OVER ()::numeric, 2) AS media_uf,
       RANK() OVER (ORDER BY dm DESC) AS posicao
FROM d
ORDER BY dm DESC;",1
V0008,"Em Santa Catarina, ordene os municípios pela distância média das escolas ao centro e compare à média estadual.",Muito Difícil,"WITH d AS (
  SELECT mu.nm_mun,
         AVG(ST_Distance(e.geometry::geography, ST_Centroid(mu.geometry)::geography)) AS dm
  FROM escola e
  JOIN municipio mu ON ST_Contains(mu.geometry, e.geometry)
  JOIN unidade_federativa uf ON mu.cd_uf = uf.cd_uf
  WHERE uf.nm_uf = 'Santa Catarina'
  GROUP BY mu.nm_mun
)
SELECT nm_mun, ROUND(dm::numeric, 2) AS dist_media_m,
       ROUND(AVG(dm) OVER ()::numeric, 2) AS media_uf,
       RANK() OVER (ORDER BY dm DESC) AS posicao
FROM d
ORDER BY dm DESC;",1
V0009,"Em Paraná, ordene os municípios pela distância média das escolas ao centro e compare à média estadual.",Muito Difícil,"WITH d AS (
  SELECT mu.nm_mun,
         AVG(ST_Distance(e.geometry::geography, ST_Centroid(mu.geometry)::geography)) AS dm
  FROM escola e
  JOIN municipio mu ON ST_Contains(mu.geometry, e.geometry)
  JOIN unidade_federativa uf ON mu.cd_uf = uf.cd_uf
  WHERE uf.nm_uf = 'Paraná'
  GROUP BY mu.nm_mun
)
SELECT nm_mun, ROUND(dm::numeric, 2) AS dist_media_m,
       ROUND(AVG(dm) OVER ()::numeric, 2) AS media_uf,
       RANK() OVER (ORDER BY dm DESC) AS posicao
FROM d
ORDER BY dm DESC;",1
V0010,"Em Minas Gerais, ordene os municípios pela distância média das escolas ao centro e compare à média estadual.",Muito Difícil,"WITH d AS (
  SELECT mu.nm_mun,
         AVG(ST_Distance(e.geometry::geography, ST_Centroid(mu.geometry)::geography)) AS dm
  FROM escola e
  JOIN municipio mu ON ST_Contains(mu.geometry, e.geometry)
  JOIN unidade_federativa uf ON mu.cd_uf = uf.cd_uf
  WHERE uf.nm_uf = 'Minas Gerais'
  GROUP BY mu.nm_mun
)
SELECT nm_mun, ROUND(dm::numeric, 2) AS dist_media_m,
       ROUND(AVG(dm) OVER ()::numeric, 2) AS media_uf,
       RANK() OVER (ORDER BY dm DESC) AS posicao
FROM d
ORDER BY dm DESC;",1
V0011,"Em Rio de Janeiro, ordene os municípios pela distância média das escolas ao centro e compare à média estadual.",Muito Difícil,"WITH d AS (
  SELECT mu.nm_mun,
         AVG(ST_Distance(e.geometry::geography, ST_Centroid(mu.geometry)::geography)) AS dm
  FROM escola e
  JOIN municipio mu ON ST_Contains(mu.geometry, e.geometry)
  JOIN unidade_federativa uf ON mu.cd_uf = uf.cd_uf
  WHERE uf.nm_uf = 'Rio de Janeiro'
  GROUP BY mu.nm_mun
)
SELECT nm_mun, ROUND(dm::numeric, 2) AS dist_media_m,
       ROUND(AVG(dm) OVER ()::numeric, 2) AS media_uf,
       RANK() OVER (ORDER BY dm DESC) AS posicao
FROM d
ORDER BY dm DESC;",1
V0012,"Em Maranhão, ordene os municípios pela distância média das escolas ao centro e compare à média estadual.",Muito Difícil,"WITH d AS (
  SELECT mu.nm_mun,
         AVG(ST_Distance(e.geometry::geography, ST_Centroid(mu.geometry)::geography)) AS dm
  FROM escola e
  JOIN municipio mu ON ST_Contains(mu.geometry, e.geometry)
  JOIN unidade_federativa uf ON mu.cd_uf = uf.cd_uf
  WHERE uf.nm_uf = 'Maranhão'
  GROUP BY mu.nm_mun
)
SELECT nm_mun, ROUND(dm::numeric, 2) AS dist_media_m,
       ROUND(AVG(dm) OVER ()::numeric, 2) AS media_uf,
       RANK() OVER (ORDER BY dm DESC) AS posicao
FROM d
ORDER BY dm DESC;",1
V0013,"Em Tocantins, ordene os municípios pela distância média das escolas ao centro e compare à média estadual.",Muito Difícil,"WITH d AS (
  SELECT mu.nm_mun,
         AVG(ST_Distance(e.geometry::geography, ST_Centroid(mu.geometry)::geography)) AS dm
  FROM escola e
  JOIN municipio mu ON ST_Contains(mu.geometry, e.geometry)
  JOIN unidade_federativa uf ON mu.cd_uf = uf.cd_uf
  WHERE uf.nm_uf = 'Tocantins'
  GROUP BY mu.nm_mun
)
SELECT nm_mun, ROUND(dm::numeric, 2) AS dist_media_m,
       ROUND(AVG(dm) OVER ()::numeric, 2) AS media_uf,
       RANK() OVER (ORDER BY dm DESC) AS posicao
FROM d
ORDER BY dm DESC;",1
V0014,"Em Mato Grosso do Sul, ordene os municípios pela distância média das escolas ao centro e compare à média estadual.",Muito Difícil,"WITH d AS (
  SELECT mu.nm_mun,
         AVG(ST_Distance(e.geometry::geography, ST_Centroid(mu.geometry)::geography)) AS dm
  FROM escola e
  JOIN municipio mu ON ST_Contains(mu.geometry, e.geometry)
  JOIN unidade_federativa uf ON mu.cd_uf = uf.cd_uf
  WHERE uf.nm_uf = 'Mato Grosso do Sul'
  GROUP BY mu.nm_mun
)
SELECT nm_mun, ROUND(dm::numeric, 2) AS dist_media_m,
       ROUND(AVG(dm) OVER ()::numeric, 2) AS media_uf,
       RANK() OVER (ORDER BY dm DESC) AS posicao
FROM d
ORDER BY dm DESC;",1
V0015,"Em Vitória, ordene as escolas pela distância até o CREAS mais próximo e marque as 10% mais distantes.",Muito Difícil,"WITH dist AS (
  SELECT e.cd_entidade,
         MIN(ST_Distance(e.geometry::geography, cr.geometry::geography)) AS dist_m
  FROM escola e
  JOIN creas cr ON cr.nm_mun = 'Vitória'
  JOIN municipio mu ON ST_Contains(mu.geometry, e.geometry)
  WHERE mu.nm_mun = 'Vitória'
  GROUP BY e.cd_entidade
)
SELECT cd_entidade,
       ROUND(dist_m::numeric, 2) AS dist_m,
       NTILE(10) OVER (ORDER BY dist_m DESC) AS decil,
       CASE WHEN NTILE(10) OVER (ORDER BY dist_m DESC) = 1 THEN 'mais distante' ELSE 'demais' END AS faixa
FROM dist
ORDER BY dist_m DESC;",1
V0016,"Em São Paulo, ordene as escolas pela distância até o CRAS mais próximo e marque as 10% mais distantes.",Muito Difícil,"WITH dist AS (
  SELECT e.cd_entidade,
         MIN(ST_Distance(e.geometry::geography, c.geometry::geography)) AS dist_m
  FROM escola e
  JOIN cras c ON c.nm_mun = 'São Paulo'
  JOIN municipio mu ON ST_Contains(mu.geometry, e.geometry)
  WHERE mu.nm_mun = 'São Paulo'
  GROUP BY e.cd_entidade
)
SELECT cd_entidade,
       ROUND(dist_m::numeric, 2) AS dist_m,
       NTILE(10) OVER (ORDER BY dist_m DESC) AS decil,
       CASE WHEN NTILE(10) OVER (ORDER BY dist_m DESC) = 1 THEN 'mais distante' ELSE 'demais' END AS faixa
FROM dist
ORDER BY dist_m DESC;",1
V0017,"Em Cuiabá, ordene as escolas pela distância até o CREAS mais próximo e marque as 10% mais distantes.",Muito Difícil,"WITH dist AS (
  SELECT e.cd_entidade,
         MIN(ST_Distance(e.geometry::geography, cr.geometry::geography)) AS dist_m
  FROM escola e
  JOIN creas cr ON cr.nm_mun = 'Cuiabá'
  JOIN municipio mu ON ST_Contains(mu.geometry, e.geometry)
  WHERE mu.nm_mun = 'Cuiabá'
  GROUP BY e.cd_entidade
)
SELECT cd_entidade,
       ROUND(dist_m::numeric, 2) AS dist_m,
       NTILE(10) OVER (ORDER BY dist_m DESC) AS decil,
       CASE WHEN NTILE(10) OVER (ORDER BY dist_m DESC) = 1 THEN 'mais distante' ELSE 'demais' END AS faixa
FROM dist
ORDER BY dist_m DESC;",1
V0018,"Em Curitiba, ordene as escolas pela distância até o CREAS mais próximo e marque as 10% mais distantes.",Muito Difícil,"WITH dist AS (
  SELECT e.cd_entidade,
         MIN(ST_Distance(e.geometry::geography, cr.geometry::geography)) AS dist_m
  FROM escola e
  JOIN creas cr ON cr.nm_mun = 'Curitiba'
  JOIN municipio mu ON ST_Contains(mu.geometry, e.geometry)
  WHERE mu.nm_mun = 'Curitiba'
  GROUP BY e.cd_entidade
)
SELECT cd_entidade,
       ROUND(dist_m::numeric, 2) AS dist_m,
       NTILE(10) OVER (ORDER BY dist_m DESC) AS decil,
       CASE WHEN NTILE(10) OVER (ORDER BY dist_m DESC) = 1 THEN 'mais distante' ELSE 'demais' END AS faixa
FROM dist
ORDER BY dist_m DESC;",1
V0019,"Em Teresina, ordene as escolas pela distância até o CREAS mais próximo e marque as 10% mais distantes.",Muito Difícil,"WITH dist AS (
  SELECT e.cd_entidade,
         MIN(ST_Distance(e.geometry::geography, cr.geometry::geography)) AS dist_m
  FROM escola e
  JOIN creas cr ON cr.nm_mun = 'Teresina'
  JOIN municipio mu ON ST_Contains(mu.geometry, e.geometry)
  WHERE mu.nm_mun = 'Teresina'
  GROUP BY e.cd_entidade
)
SELECT cd_entidade,
       ROUND(dist_m::numeric, 2) AS dist_m,
       NTILE(10) OVER (ORDER BY dist_m DESC) AS decil,
       CASE WHEN NTILE(10) OVER (ORDER BY dist_m DESC) = 1 THEN 'mais distante' ELSE 'demais' END AS faixa
FROM dist
ORDER BY dist_m DESC;",1
V0020,"Em Campo Grande, ordene as escolas pela distância até o CRAS mais próximo e marque as 10% mais distantes.",Muito Difícil,"WITH dist AS (
  SELECT e.cd_entidade,
         MIN(ST_Distance(e.geometry::geography, c.geometry::geography)) AS dist_m
  FROM escola e
  JOIN cras c ON c.nm_mun = 'Campo Grande'
  JOIN municipio mu ON ST_Contains(mu.geometry, e.geometry)
  WHERE mu.nm_mun = 'Campo Grande'
  GROUP BY e.cd_entidade
)
SELECT cd_entidade,
       ROUND(dist_m::numeric, 2) AS dist_m,
       NTILE(10) OVER (ORDER BY dist_m DESC) AS decil,
       CASE WHEN NTILE(10) OVER (ORDER BY dist_m DESC) = 1 THEN 'mais distante' ELSE 'demais' END AS faixa
FROM dist
ORDER BY dist_m DESC;",1
V0021,"Em Recife, ordene as escolas pela distância até o CREAS mais próximo e marque as 10% mais distantes.",Muito Difícil,"WITH dist AS (
  SELECT e.cd_entidade,
         MIN(ST_Distance(e.geometry::geography, cr.geometry::geography)) AS dist_m
  FROM escola e
  JOIN creas cr ON cr.nm_mun = 'Recife'
  JOIN municipio mu ON ST_Contains(mu.geometry, e.geometry)
  WHERE mu.nm_mun = 'Recife'
  GROUP BY e.cd_entidade
)
SELECT cd_entidade,
       ROUND(dist_m::numeric, 2) AS dist_m,
       NTILE(10) OVER (ORDER BY dist_m DESC) AS decil,
       CASE WHEN NTILE(10) OVER (ORDER BY dist_m DESC) = 1 THEN 'mais distante' ELSE 'demais' END AS faixa
FROM dist
ORDER BY dist_m DESC;",1
V0022,"Em Recife, ordene as escolas pela distância até o CRAS mais próximo e marque as 10% mais distantes.",Muito Difícil,"WITH dist AS (
  SELECT e.cd_entidade,
         MIN(ST_Distance(e.geometry::geography, c.geometry::geography)) AS dist_m
  FROM escola e
  JOIN cras c ON c.nm_mun = 'Recife'
  JOIN municipio mu ON ST_Contains(mu.geometry, e.geometry)
  WHERE mu.nm_mun = 'Recife'
  GROUP BY e.cd_entidade
)
SELECT cd_entidade,
       ROUND(dist_m::numeric, 2) AS dist_m,
       NTILE(10) OVER (ORDER BY dist_m DESC) AS decil,
       CASE WHEN NTILE(10) OVER (ORDER BY dist_m DESC) = 1 THEN 'mais distante' ELSE 'demais' END AS faixa
FROM dist
ORDER BY dist_m DESC;",1
V0023,"Em Teresina, ordene as escolas pela distância até o CRAS mais próximo e marque as 10% mais distantes.",Muito Difícil,"WITH dist AS (
  SELECT e.cd_entidade,
         MIN(ST_Distance(e.geometry::geography, c.geometry::geography)) AS dist_m
  FROM escola e
  JOIN cras c ON c.nm_mun = 'Teresina'
  JOIN municipio mu ON ST_Contains(mu.geometry, e.geometry)
  WHERE mu.nm_mun = 'Teresina'
  GROUP BY e.cd_entidade
)
SELECT cd_entidade,
       ROUND(dist_m::numeric, 2) AS dist_m,
       NTILE(10) OVER (ORDER BY dist_m DESC) AS decil,
       CASE WHEN NTILE(10) OVER (ORDER BY dist_m DESC) = 1 THEN 'mais distante' ELSE 'demais' END AS faixa
FROM dist
ORDER BY dist_m DESC;",1
V0024,"Em Uberlândia, ordene as escolas pela distância até o CRAS mais próximo e marque as 10% mais distantes.",Muito Difícil,"WITH dist AS (
  SELECT e.cd_entidade,
         MIN(ST_Distance(e.geometry::geography, c.geometry::geography)) AS dist_m
  FROM escola e
  JOIN cras c ON c.nm_mun = 'Uberlândia'
  JOIN municipio mu ON ST_Contains(mu.geometry, e.geometry)
  WHERE mu.nm_mun = 'Uberlândia'
  GROUP BY e.cd_entidade
)
SELECT cd_entidade,
       ROUND(dist_m::numeric, 2) AS dist_m,
       NTILE(10) OVER (ORDER BY dist_m DESC) AS decil,
       CASE WHEN NTILE(10) OVER (ORDER BY dist_m DESC) = 1 THEN 'mais distante' ELSE 'demais' END AS faixa
FROM dist
ORDER BY dist_m DESC;",1
V0025,"Em Fortaleza, ordene as escolas pela distância até o CRAS mais próximo e marque as 10% mais distantes.",Muito Difícil,"WITH dist AS (
  SELECT e.cd_entidade,
         MIN(ST_Distance(e.geometry::geography, c.geometry::geography)) AS dist_m
  FROM escola e
  JOIN cras c ON c.nm_mun = 'Fortaleza'
  JOIN municipio mu ON ST_Contains(mu.geometry, e.geometry)
  WHERE mu.nm_mun = 'Fortaleza'
  GROUP BY e.cd_entidade
)
SELECT cd_entidade,
       ROUND(dist_m::numeric, 2) AS dist_m,
       NTILE(10) OVER (ORDER BY dist_m DESC) AS decil,
       CASE WHEN NTILE(10) OVER (ORDER BY dist_m DESC) = 1 THEN 'mais distante' ELSE 'demais' END AS faixa
FROM dist
ORDER BY dist_m DESC;",1
V0026,"Em Florianópolis, ordene as escolas pela distância até o CRAS mais próximo e marque as 10% mais distantes.",Muito Difícil,"WITH dist AS (
  SELECT e.cd_entidade,
         MIN(ST_Distance(e.geometry::geography, c.geometry::geography)) AS dist_m
  FROM escola e
  JOIN cras c ON c.nm_mun = 'Florianópolis'
  JOIN municipio mu ON ST_Contains(mu.geometry, e.geometry)
  WHERE mu.nm_mun = 'Florianópolis'
  GROUP BY e.cd_entidade
)
SELECT cd_entidade,
       ROUND(dist_m::numeric, 2) AS dist_m,
       NTILE(10) OVER (ORDER BY dist_m DESC) AS decil,
       CASE WHEN NTILE(10) OVER (ORDER BY dist_m DESC) = 1 THEN 'mais distante' ELSE 'demais' END AS faixa
FROM dist
ORDER BY dist_m DESC;",1
V0027,"Em Contagem, ordene as escolas pela distância até o CRAS mais próximo e marque as 10% mais distantes.",Muito Difícil,"WITH dist AS (
  SELECT e.cd_entidade,
         MIN(ST_Distance(e.geometry::geography, c.geometry::geography)) AS dist_m
  FROM escola e
  JOIN cras c ON c.nm_mun = 'Contagem'
  JOIN municipio mu ON ST_Contains(mu.geometry, e.geometry)
  WHERE mu.nm_mun = 'Contagem'
  GROUP BY e.cd_entidade
)
SELECT cd_entidade,
       ROUND(dist_m::numeric, 2) AS dist_m,
       NTILE(10) OVER (ORDER BY dist_m DESC) AS decil,
       CASE WHEN NTILE(10) OVER (ORDER BY dist_m DESC) = 1 THEN 'mais distante' ELSE 'demais' END AS faixa
FROM dist
ORDER BY dist_m DESC;",1
V0028,"Em Belém, ordene as escolas pela distância até o CRAS mais próximo e marque as 10% mais distantes.",Muito Difícil,"WITH dist AS (
  SELECT e.cd_entidade,
         MIN(ST_Distance(e.geometry::geography, c.geometry::geography)) AS dist_m
  FROM escola e
  JOIN cras c ON c.nm_mun = 'Belém'
  JOIN municipio mu ON ST_Contains(mu.geometry, e.geometry)
  WHERE mu.nm_mun = 'Belém'
  GROUP BY e.cd_entidade
)
SELECT cd_entidade,
       ROUND(dist_m::numeric, 2) AS dist_m,
       NTILE(10) OVER (ORDER BY dist_m DESC) AS decil,
       CASE WHEN NTILE(10) OVER (ORDER BY dist_m DESC) = 1 THEN 'mais distante' ELSE 'demais' END AS faixa
FROM dist
ORDER BY dist_m DESC;",1
V0029,"Para cada CREAS de Campo Grande, quantas escolas há num raio de 10 km e como isso se compara à média?",Muito Difícil,"WITH cob AS (
  SELECT cr.nu_identif,
         COUNT(DISTINCT e.cd_entidade) AS n
  FROM creas cr
  JOIN escola e ON ST_DWithin(cr.geometry::geography, e.geometry::geography, 10000)
  WHERE cr.nm_mun = 'Campo Grande'
  GROUP BY cr.nu_identif
)
SELECT nu_identif, n,
       ROUND(AVG(n) OVER ()::numeric, 2) AS media,
       RANK() OVER (ORDER BY n DESC) AS posicao
FROM cob
ORDER BY n DESC;",1
V0030,"Para cada CREAS de Maceió, quantas escolas há num raio de 2 km e como isso se compara à média?",Muito Difícil,"WITH cob AS (
  SELECT cr.nu_identif,
         COUNT(DISTINCT e.cd_entidade) AS n
  FROM creas cr
  JOIN escola e ON ST_DWithin(cr.geometry::geography, e.geometry::geography, 2000)
  WHERE cr.nm_mun = 'Maceió'
  GROUP BY cr.nu_identif
)
SELECT nu_identif, n,
       ROUND(AVG(n) OVER ()::numeric, 2) AS media,
       RANK() OVER (ORDER BY n DESC) AS posicao
FROM cob
ORDER BY n DESC;",1
V0031,"Para cada CREAS de Recife, quantas escolas há num raio de 20 km e como isso se compara à média?",Muito Difícil,"WITH cob AS (
  SELECT cr.nu_identif,
         COUNT(DISTINCT e.cd_entidade) AS n
  FROM creas cr
  JOIN escola e ON ST_DWithin(cr.geometry::geography, e.geometry::geography, 20000)
  WHERE cr.nm_mun = 'Recife'
  GROUP BY cr.nu_identif
)
SELECT nu_identif, n,
       ROUND(AVG(n) OVER ()::numeric, 2) AS media,
       RANK() OVER (ORDER BY n DESC) AS posicao
FROM cob
ORDER BY n DESC;",1
V0032,"Para cada CRAS de Natal, quantas escolas há num raio de 12 km e como isso se compara à média?",Muito Difícil,"WITH cob AS (
  SELECT c.nu_identif,
         COUNT(DISTINCT e.cd_entidade) AS n
  FROM cras c
  JOIN escola e ON ST_DWithin(c.geometry::geography, e.geometry::geography, 12000)
  WHERE c.nm_mun = 'Natal'
  GROUP BY c.nu_identif
)
SELECT nu_identif, n,
       ROUND(AVG(n) OVER ()::numeric, 2) AS media,
       RANK() OVER (ORDER BY n DESC) AS posicao
FROM cob
ORDER BY n DESC;",1
V0033,"Para cada CRAS de Teresina, quantas escolas há num raio de 12 km e como isso se compara à média?",Muito Difícil,"WITH cob AS (
  SELECT c.nu_identif,
         COUNT(DISTINCT e.cd_entidade) AS n
  FROM cras c
  JOIN escola e ON ST_DWithin(c.geometry::geography, e.geometry::geography, 12000)
  WHERE c.nm_mun = 'Teresina'
  GROUP BY c.nu_identif
)
SELECT nu_identif, n,
       ROUND(AVG(n) OVER ()::numeric, 2) AS media,
       RANK() OVER (ORDER BY n DESC) AS posicao
FROM cob
ORDER BY n DESC;",1
V0034,"Para cada CRAS de Belém, quantas escolas há num raio de 20 km e como isso se compara à média?",Muito Difícil,"WITH cob AS (
  SELECT c.nu_identif,
         COUNT(DISTINCT e.cd_entidade) AS n
  FROM cras c
  JOIN escola e ON ST_DWithin(c.geometry::geography, e.geometry::geography, 20000)
  WHERE c.nm_mun = 'Belém'
  GROUP BY c.nu_identif
)
SELECT nu_identif, n,
       ROUND(AVG(n) OVER ()::numeric, 2) AS media,
       RANK() OVER (ORDER BY n DESC) AS posicao
FROM cob
ORDER BY n DESC;",1
V0035,"Para cada CREAS de São Luís, quantas escolas há num raio de 4 km e como isso se compara à média?",Muito Difícil,"WITH cob AS (
  SELECT cr.nu_identif,
         COUNT(DISTINCT e.cd_entidade) AS n
  FROM creas cr
  JOIN escola e ON ST_DWithin(cr.geometry::geography, e.geometry::geography, 4000)
  WHERE cr.nm_mun = 'São Luís'
  GROUP BY cr.nu_identif
)
SELECT nu_identif, n,
       ROUND(AVG(n) OVER ()::numeric, 2) AS media,
       RANK() OVER (ORDER BY n DESC) AS posicao
FROM cob
ORDER BY n DESC;",1
V0036,"Para cada CRAS de Uberlândia, quantas escolas há num raio de 3 km e como isso se compara à média?",Muito Difícil,"WITH cob AS (
  SELECT c.nu_identif,
         COUNT(DISTINCT e.cd_entidade) AS n
  FROM cras c
  JOIN escola e ON ST_DWithin(c.geometry::geography, e.geometry::geography, 3000)
  WHERE c.nm_mun = 'Uberlândia'
  GROUP BY c.nu_identif
)
SELECT nu_identif, n,
       ROUND(AVG(n) OVER ()::numeric, 2) AS media,
       RANK() OVER (ORDER BY n DESC) AS posicao
FROM cob
ORDER BY n DESC;",1
V0037,"Para cada CRAS de Rio de Janeiro, quantas escolas há num raio de 3 km e como isso se compara à média?",Muito Difícil,"WITH cob AS (
  SELECT c.nu_identif,
         COUNT(DISTINCT e.cd_entidade) AS n
  FROM cras c
  JOIN escola e ON ST_DWithin(c.geometry::geography, e.geometry::geography, 3000)
  WHERE c.nm_mun = 'Rio de Janeiro'
  GROUP BY c.nu_identif
)
SELECT nu_identif, n,
       ROUND(AVG(n) OVER ()::numeric, 2) AS media,
       RANK() OVER (ORDER BY n DESC) AS posicao
FROM cob
ORDER BY n DESC;",1
V0038,"Para cada CREAS de Campinas, quantas escolas há num raio de 6 km e como isso se compara à média?",Muito Difícil,"WITH cob AS (
  SELECT cr.nu_identif,
         COUNT(DISTINCT e.cd_entidade) AS n
  FROM creas cr
  JOIN escola e ON ST_DWithin(cr.geometry::geography, e.geometry::geography, 6000)
  WHERE cr.nm_mun = 'Campinas'
  GROUP BY cr.nu_identif
)
SELECT nu_identif, n,
       ROUND(AVG(n) OVER ()::numeric, 2) AS media,
       RANK() OVER (ORDER BY n DESC) AS posicao
FROM cob
ORDER BY n DESC;",1
V0039,"Para cada CREAS de Teresina, quantas escolas há num raio de 15 km e como isso se compara à média?",Muito Difícil,"WITH cob AS (
  SELECT cr.nu_identif,
         COUNT(DISTINCT e.cd_entidade) AS n
  FROM creas cr
  JOIN escola e ON ST_DWithin(cr.geometry::geography, e.geometry::geography, 15000)
  WHERE cr.nm_mun = 'Teresina'
  GROUP BY cr.nu_identif
)
SELECT nu_identif, n,
       ROUND(AVG(n) OVER ()::numeric, 2) AS media,
       RANK() OVER (ORDER BY n DESC) AS posicao
FROM cob
ORDER BY n DESC;",1
V0040,"Para cada CREAS de Uberlândia, quantas escolas há num raio de 4 km e como isso se compara à média?",Muito Difícil,"WITH cob AS (
  SELECT cr.nu_identif,
         COUNT(DISTINCT e.cd_entidade) AS n
  FROM creas cr
  JOIN escola e ON ST_DWithin(cr.geometry::geography, e.geometry::geography, 4000)
  WHERE cr.nm_mun = 'Uberlândia'
  GROUP BY cr.nu_identif
)
SELECT nu_identif, n,
       ROUND(AVG(n) OVER ()::numeric, 2) AS media,
       RANK() OVER (ORDER BY n DESC) AS posicao
FROM cob
ORDER BY n DESC;",1
V0041,"Para cada CREAS de Vitória, quantas escolas há num raio de 6 km e como isso se compara à média?",Muito Difícil,"WITH cob AS (
  SELECT cr.nu_identif,
         COUNT(DISTINCT e.cd_entidade) AS n
  FROM creas cr
  JOIN escola e ON ST_DWithin(cr.geometry::geography, e.geometry::geography, 6000)
  WHERE cr.nm_mun = 'Vitória'
  GROUP BY cr.nu_identif
)
SELECT nu_identif, n,
       ROUND(AVG(n) OVER ()::numeric, 2) AS media,
       RANK() OVER (ORDER BY n DESC) AS posicao
FROM cob
ORDER BY n DESC;",1
V0042,"Para cada CRAS de Fortaleza, quantas escolas há num raio de 4 km e como isso se compara à média?",Muito Difícil,"WITH cob AS (
  SELECT c.nu_identif,
         COUNT(DISTINCT e.cd_entidade) AS n
  FROM cras c
  JOIN escola e ON ST_DWithin(c.geometry::geography, e.geometry::geography, 4000)
  WHERE c.nm_mun = 'Fortaleza'
  GROUP BY c.nu_identif
)
SELECT nu_identif, n,
       ROUND(AVG(n) OVER ()::numeric, 2) AS media,
       RANK() OVER (ORDER BY n DESC) AS posicao
FROM cob
ORDER BY n DESC;",1
V0043,"Em Acre, ordene os municípios pela área da região central e compare à média estadual.",Muito Difícil,"WITH it AS (
  SELECT mu.nm_mun, ST_Area(ST_Transform(ST_Intersection(mu.geometry, ST_Buffer(ST_Centroid(mu.geometry), 0.1)), 5880)) / 1e6 AS area_inter
  FROM municipio mu
  JOIN unidade_federativa uf ON mu.cd_uf = uf.cd_uf
  WHERE uf.nm_uf = 'Acre'
)
SELECT nm_mun, ROUND(area_inter::numeric, 2) AS area_inter_km2,
       ROUND(AVG(area_inter) OVER ()::numeric, 2) AS media_uf,
       RANK() OVER (ORDER BY area_inter DESC) AS posicao
FROM it
ORDER BY area_inter DESC;",1
V0044,"Em Alagoas, ordene os municípios pela área da região central e compare à média estadual.",Muito Difícil,"WITH it AS (
  SELECT mu.nm_mun, ST_Area(ST_Transform(ST_Intersection(mu.geometry, ST_Buffer(ST_Centroid(mu.geometry), 0.1)), 5880)) / 1e6 AS area_inter
  FROM municipio mu
  JOIN unidade_federativa uf ON mu.cd_uf = uf.cd_uf
  WHERE uf.nm_uf = 'Alagoas'
)
SELECT nm_mun, ROUND(area_inter::numeric, 2) AS area_inter_km2,
       ROUND(AVG(area_inter) OVER ()::numeric, 2) AS media_uf,
       RANK() OVER (ORDER BY area_inter DESC) AS posicao
FROM it
ORDER BY area_inter DESC;",1
V0045,"Em Pernambuco, ordene os municípios pela área da região central e compare à média estadual.",Muito Difícil,"WITH it AS (
  SELECT mu.nm_mun, ST_Area(ST_Transform(ST_Intersection(mu.geometry, ST_Buffer(ST_Centroid(mu.geometry), 0.1)), 5880)) / 1e6 AS area_inter
  FROM municipio mu
  JOIN unidade_federativa uf ON mu.cd_uf = uf.cd_uf
  WHERE uf.nm_uf = 'Pernambuco'
)
SELECT nm_mun, ROUND(area_inter::numeric, 2) AS area_inter_km2,
       ROUND(AVG(area_inter) OVER ()::numeric, 2) AS media_uf,
       RANK() OVER (ORDER BY area_inter DESC) AS posicao
FROM it
ORDER BY area_inter DESC;",1
V0046,"Em Ceará, ordene os municípios pela área da região central e compare à média estadual.",Muito Difícil,"WITH it AS (
  SELECT mu.nm_mun, ST_Area(ST_Transform(ST_Intersection(mu.geometry, ST_Buffer(ST_Centroid(mu.geometry), 0.1)), 5880)) / 1e6 AS area_inter
  FROM municipio mu
  JOIN unidade_federativa uf ON mu.cd_uf = uf.cd_uf
  WHERE uf.nm_uf = 'Ceará'
)
SELECT nm_mun, ROUND(area_inter::numeric, 2) AS area_inter_km2,
       ROUND(AVG(area_inter) OVER ()::numeric, 2) AS media_uf,
       RANK() OVER (ORDER BY area_inter DESC) AS posicao
FROM it
ORDER BY area_inter DESC;",1
V0047,"Em Piauí, ordene os municípios pela área da região central e compare à média estadual.",Muito Difícil,"WITH it AS (
  SELECT mu.nm_mun, ST_Area(ST_Transform(ST_Intersection(mu.geometry, ST_Buffer(ST_Centroid(mu.geometry), 0.1)), 5880)) / 1e6 AS area_inter
  FROM municipio mu
  JOIN unidade_federativa uf ON mu.cd_uf = uf.cd_uf
  WHERE uf.nm_uf = 'Piauí'
)
SELECT nm_mun, ROUND(area_inter::numeric, 2) AS area_inter_km2,
       ROUND(AVG(area_inter) OVER ()::numeric, 2) AS media_uf,
       RANK() OVER (ORDER BY area_inter DESC) AS posicao
FROM it
ORDER BY area_inter DESC;",1
V0048,"Em Pará, ordene os municípios pela área da região central e compare à média estadual.",Muito Difícil,"WITH it AS (
  SELECT mu.nm_mun, ST_Area(ST_Transform(ST_Intersection(mu.geometry, ST_Buffer(ST_Centroid(mu.geometry), 0.1)), 5880)) / 1e6 AS area_inter
  FROM municipio mu
  JOIN unidade_federativa uf ON mu.cd_uf = uf.cd_uf
  WHERE uf.nm_uf = 'Pará'
)
SELECT nm_mun, ROUND(area_inter::numeric, 2) AS area_inter_km2,
       ROUND(AVG(area_inter) OVER ()::numeric, 2) AS media_uf,
       RANK() OVER (ORDER BY area_inter DESC) AS posicao
FROM it
ORDER BY area_inter DESC;",1
V0049,"Em Sergipe, ordene os municípios pela área da região central e compare à média estadual.",Muito Difícil,"WITH it AS (
  SELECT mu.nm_mun, ST_Area(ST_Transform(ST_Intersection(mu.geometry, ST_Buffer(ST_Centroid(mu.geometry), 0.1)), 5880)) / 1e6 AS area_inter
  FROM municipio mu
  JOIN unidade_federativa uf ON mu.cd_uf = uf.cd_uf
  WHERE uf.nm_uf = 'Sergipe'
)
SELECT nm_mun, ROUND(area_inter::numeric, 2) AS area_inter_km2,
       ROUND(AVG(area_inter) OVER ()::numeric, 2) AS media_uf,
       RANK() OVER (ORDER BY area_inter DESC) AS posicao
FROM it
ORDER BY area_inter DESC;",1
V0050,"Em Paraná, ordene os municípios pela área da região central e compare à média estadual.",Muito Difícil,"WITH it AS (
  SELECT mu.nm_mun, ST_Area(ST_Transform(ST_Intersection(mu.geometry, ST_Buffer(ST_Centroid(mu.geometry), 0.1)), 5880)) / 1e6 AS area_inter
  FROM municipio mu
  JOIN unidade_federativa uf ON mu.cd_uf = uf.cd_uf
  WHERE uf.nm_uf = 'Paraná'
)
SELECT nm_mun, ROUND(area_inter::numeric, 2) AS area_inter_km2,
       ROUND(AVG(area_inter) OVER ()::numeric, 2) AS media_uf,
       RANK() OVER (ORDER BY area_inter DESC) AS posicao
FROM it
ORDER BY area_inter DESC;",1
V0051,"Em Rio Grande do Norte, ordene os municípios pela área da região central e compare à média estadual.",Muito Difícil,"WITH it AS (
  SELECT mu.nm_mun, ST_Area(ST_Transform(ST_Intersection(mu.geometry, ST_Buffer(ST_Centroid(mu.geometry), 0.1)), 5880)) / 1e6 AS area_inter
  FROM municipio mu
  JOIN unidade_federativa uf ON mu.cd_uf = uf.cd_uf
  WHERE uf.nm_uf = 'Rio Grande do Norte'
)
SELECT nm_mun, ROUND(area_inter::numeric, 2) AS area_inter_km2,
       ROUND(AVG(area_inter) OVER ()::numeric, 2) AS media_uf,
       RANK() OVER (ORDER BY area_inter DESC) AS posicao
FROM it
ORDER BY area_inter DESC;",1
V0052,"Em Santa Catarina, ordene os municípios pela área da região central e compare à média estadual.",Muito Difícil,"WITH it AS (
  SELECT mu.nm_mun, ST_Area(ST_Transform(ST_Intersection(mu.geometry, ST_Buffer(ST_Centroid(mu.geometry), 0.1)), 5880)) / 1e6 AS area_inter
  FROM municipio mu
  JOIN unidade_federativa uf ON mu.cd_uf = uf.cd_uf
  WHERE uf.nm_uf = 'Santa Catarina'
)
SELECT nm_mun, ROUND(area_inter::numeric, 2) AS area_inter_km2,
       ROUND(AVG(area_inter) OVER ()::numeric, 2) AS media_uf,
       RANK() OVER (ORDER BY area_inter DESC) AS posicao
FROM it
ORDER BY area_inter DESC;",1
V0053,"Em Amazonas, ordene os municípios pela área da região central e compare à média estadual.",Muito Difícil,"WITH it AS (
  SELECT mu.nm_mun, ST_Area(ST_Transform(ST_Intersection(mu.geometry, ST_Buffer(ST_Centroid(mu.geometry), 0.1)), 5880)) / 1e6 AS area_inter
  FROM municipio mu
  JOIN unidade_federativa uf ON mu.cd_uf = uf.cd_uf
  WHERE uf.nm_uf = 'Amazonas'
)
SELECT nm_mun, ROUND(area_inter::numeric, 2) AS area_inter_km2,
       ROUND(AVG(area_inter) OVER ()::numeric, 2) AS media_uf,
       RANK() OVER (ORDER BY area_inter DESC) AS posicao
FROM it
ORDER BY area_inter DESC;",1
V0054,"Em Rio Grande do Sul, ordene os municípios pela área da região central e compare à média estadual.",Muito Difícil,"WITH it AS (
  SELECT mu.nm_mun, ST_Area(ST_Transform(ST_Intersection(mu.geometry, ST_Buffer(ST_Centroid(mu.geometry), 0.1)), 5880)) / 1e6 AS area_inter
  FROM municipio mu
  JOIN unidade_federativa uf ON mu.cd_uf = uf.cd_uf
  WHERE uf.nm_uf = 'Rio Grande do Sul'
)
SELECT nm_mun, ROUND(area_inter::numeric, 2) AS area_inter_km2,
       ROUND(AVG(area_inter) OVER ()::numeric, 2) AS media_uf,
       RANK() OVER (ORDER BY area_inter DESC) AS posicao
FROM it
ORDER BY area_inter DESC;",1
V0055,"Em Rio de Janeiro, ordene os municípios pela área da região central e compare à média estadual.",Muito Difícil,"WITH it AS (
  SELECT mu.nm_mun, ST_Area(ST_Transform(ST_Intersection(mu.geometry, ST_Buffer(ST_Centroid(mu.geometry), 0.1)), 5880)) / 1e6 AS area_inter
  FROM municipio mu
  JOIN unidade_federativa uf ON mu.cd_uf = uf.cd_uf
  WHERE uf.nm_uf = 'Rio de Janeiro'
)
SELECT nm_mun, ROUND(area_inter::numeric, 2) AS area_inter_km2,
       ROUND(AVG(area_inter) OVER ()::numeric, 2) AS media_uf,
       RANK() OVER (ORDER BY area_inter DESC) AS posicao
FROM it
ORDER BY area_inter DESC;",1
V0056,"Em Bahia, ordene os municípios pela área da região central e compare à média estadual.",Muito Difícil,"WITH it AS (
  SELECT mu.nm_mun, ST_Area(ST_Transform(ST_Intersection(mu.geometry, ST_Buffer(ST_Centroid(mu.geometry), 0.1)), 5880)) / 1e6 AS area_inter
  FROM municipio mu
  JOIN unidade_federativa uf ON mu.cd_uf = uf.cd_uf
  WHERE uf.nm_uf = 'Bahia'
)
SELECT nm_mun, ROUND(area_inter::numeric, 2) AS area_inter_km2,
       ROUND(AVG(area_inter) OVER ()::numeric, 2) AS media_uf,
       RANK() OVER (ORDER BY area_inter DESC) AS posicao
FROM it
ORDER BY area_inter DESC;",1
V0057,"Num raio de 10 km do centro de Porto Alegre, ordene as escolas por turmas da educação básica e marque as acima da média.",Muito Difícil,"WITH dentro AS (
  SELECT e.cd_entidade, md.qt_tur_bas AS valor
  FROM escola e
  JOIN microdados_ed_basica md ON e.cd_entidade = md.cd_entidade
  WHERE ST_Intersects(ST_Buffer(ST_SetSRID(ST_MakePoint(-51.2312, -30.0463), 4674)::geography, 10000), e.geometry::geography)
)
SELECT cd_entidade, valor,
       ROUND(AVG(valor) OVER ()::numeric, 2) AS media,
       RANK() OVER (ORDER BY valor DESC) AS posicao,
       CASE WHEN valor > AVG(valor) OVER () THEN 'acima' ELSE 'abaixo' END AS faixa
FROM dentro
ORDER BY valor DESC;",1
V0058,"Num raio de 3 km do centro de Teresina, ordene as escolas por salas de aula utilizadas e marque as acima da média.",Muito Difícil,"WITH dentro AS (
  SELECT e.cd_entidade, md.qt_salas_utilizadas AS valor
  FROM escola e
  JOIN microdados_ed_basica md ON e.cd_entidade = md.cd_entidade
  WHERE ST_Intersects(ST_Buffer(ST_SetSRID(ST_MakePoint(-42.8088, -5.0726), 4674)::geography, 3000), e.geometry::geography)
)
SELECT cd_entidade, valor,
       ROUND(AVG(valor) OVER ()::numeric, 2) AS media,
       RANK() OVER (ORDER BY valor DESC) AS posicao,
       CASE WHEN valor > AVG(valor) OVER () THEN 'acima' ELSE 'abaixo' END AS faixa
FROM dentro
ORDER BY valor DESC;",1
V0059,"Num raio de 12 km do centro de Belo Horizonte, ordene as escolas por matrículas na educação infantil e marque as acima da média.",Muito Difícil,"WITH dentro AS (
  SELECT e.cd_entidade, md.qt_mat_inf AS valor
  FROM escola e
  JOIN microdados_ed_basica md ON e.cd_entidade = md.cd_entidade
  WHERE ST_Intersects(ST_Buffer(ST_SetSRID(ST_MakePoint(-43.9341, -19.9292), 4674)::geography, 12000), e.geometry::geography)
)
SELECT cd_entidade, valor,
       ROUND(AVG(valor) OVER ()::numeric, 2) AS media,
       RANK() OVER (ORDER BY valor DESC) AS posicao,
       CASE WHEN valor > AVG(valor) OVER () THEN 'acima' ELSE 'abaixo' END AS faixa
FROM dentro
ORDER BY valor DESC;",1
V0060,"Num raio de 12 km do centro de Vitória, ordene as escolas por matrículas no ensino fundamental e marque as acima da média.",Muito Difícil,"WITH dentro AS (
  SELECT e.cd_entidade, md.qt_mat_fund AS valor
  FROM escola e
  JOIN microdados_ed_basica md ON e.cd_entidade = md.cd_entidade
  WHERE ST_Intersects(ST_Buffer(ST_SetSRID(ST_MakePoint(-40.3576, -20.333), 4674)::geography, 12000), e.geometry::geography)
)
SELECT cd_entidade, valor,
       ROUND(AVG(valor) OVER ()::numeric, 2) AS media,
       RANK() OVER (ORDER BY valor DESC) AS posicao,
       CASE WHEN valor > AVG(valor) OVER () THEN 'acima' ELSE 'abaixo' END AS faixa
FROM dentro
ORDER BY valor DESC;",1
V0061,"Num raio de 12 km do centro de Manaus, ordene as escolas por desktops para alunos e marque as acima da média.",Muito Difícil,"WITH dentro AS (
  SELECT e.cd_entidade, md.qt_desktop_aluno AS valor
  FROM escola e
  JOIN microdados_ed_basica md ON e.cd_entidade = md.cd_entidade
  WHERE ST_Intersects(ST_Buffer(ST_SetSRID(ST_MakePoint(-60.0222, -3.1041), 4674)::geography, 12000), e.geometry::geography)
)
SELECT cd_entidade, valor,
       ROUND(AVG(valor) OVER ()::numeric, 2) AS media,
       RANK() OVER (ORDER BY valor DESC) AS posicao,
       CASE WHEN valor > AVG(valor) OVER () THEN 'acima' ELSE 'abaixo' END AS faixa
FROM dentro
ORDER BY valor DESC;",1
V0062,"Num raio de 2 km do centro de Palmas, ordene as escolas por matrículas na EJA e marque as acima da média.",Muito Difícil,"WITH dentro AS (
  SELECT e.cd_entidade, md.qt_mat_eja AS valor
  FROM escola e
  JOIN microdados_ed_basica md ON e.cd_entidade = md.cd_entidade
  WHERE ST_Intersects(ST_Buffer(ST_SetSRID(ST_MakePoint(-48.3137, -10.1723), 4674)::geography, 2000), e.geometry::geography)
)
SELECT cd_entidade, valor,
       ROUND(AVG(valor) OVER ()::numeric, 2) AS media,
       RANK() OVER (ORDER BY valor DESC) AS posicao,
       CASE WHEN valor > AVG(valor) OVER () THEN 'acima' ELSE 'abaixo' END AS faixa
FROM dentro
ORDER BY valor DESC;",1
V0063,"Num raio de 12 km do centro de Rio de Janeiro, ordene as escolas por matrículas no ensino médio e marque as acima da média.",Muito Difícil,"WITH dentro AS (
  SELECT e.cd_entidade, md.qt_mat_med AS valor
  FROM escola e
  JOIN microdados_ed_basica md ON e.cd_entidade = md.cd_entidade
  WHERE ST_Intersects(ST_Buffer(ST_SetSRID(ST_MakePoint(-43.2012, -22.9114), 4674)::geography, 12000), e.geometry::geography)
)
SELECT cd_entidade, valor,
       ROUND(AVG(valor) OVER ()::numeric, 2) AS media,
       RANK() OVER (ORDER BY valor DESC) AS posicao,
       CASE WHEN valor > AVG(valor) OVER () THEN 'acima' ELSE 'abaixo' END AS faixa
FROM dentro
ORDER BY valor DESC;",1
V0064,"Num raio de 12 km do centro de Uberlândia, ordene as escolas por matrículas no ensino médio e marque as acima da média.",Muito Difícil,"WITH dentro AS (
  SELECT e.cd_entidade, md.qt_mat_med AS valor
  FROM escola e
  JOIN microdados_ed_basica md ON e.cd_entidade = md.cd_entidade
  WHERE ST_Intersects(ST_Buffer(ST_SetSRID(ST_MakePoint(-48.274, -18.9034), 4674)::geography, 12000), e.geometry::geography)
)
SELECT cd_entidade, valor,
       ROUND(AVG(valor) OVER ()::numeric, 2) AS media,
       RANK() OVER (ORDER BY valor DESC) AS posicao,
       CASE WHEN valor > AVG(valor) OVER () THEN 'acima' ELSE 'abaixo' END AS faixa
FROM dentro
ORDER BY valor DESC;",1
V0065,"Num raio de 10 km do centro de Cuiabá, ordene as escolas por matrículas no ensino fundamental e marque as acima da média.",Muito Difícil,"WITH dentro AS (
  SELECT e.cd_entidade, md.qt_mat_fund AS valor
  FROM escola e
  JOIN microdados_ed_basica md ON e.cd_entidade = md.cd_entidade
  WHERE ST_Intersects(ST_Buffer(ST_SetSRID(ST_MakePoint(-56.0931, -15.5808), 4674)::geography, 10000), e.geometry::geography)
)
SELECT cd_entidade, valor,
       ROUND(AVG(valor) OVER ()::numeric, 2) AS media,
       RANK() OVER (ORDER BY valor DESC) AS posicao,
       CASE WHEN valor > AVG(valor) OVER () THEN 'acima' ELSE 'abaixo' END AS faixa
FROM dentro
ORDER BY valor DESC;",1
V0066,"Num raio de 12 km do centro de Natal, ordene as escolas por computadores portáteis para alunos e marque as acima da média.",Muito Difícil,"WITH dentro AS (
  SELECT e.cd_entidade, md.qt_comp_portatil_aluno AS valor
  FROM escola e
  JOIN microdados_ed_basica md ON e.cd_entidade = md.cd_entidade
  WHERE ST_Intersects(ST_Buffer(ST_SetSRID(ST_MakePoint(-35.1934, -5.7822), 4674)::geography, 12000), e.geometry::geography)
)
SELECT cd_entidade, valor,
       ROUND(AVG(valor) OVER ()::numeric, 2) AS media,
       RANK() OVER (ORDER BY valor DESC) AS posicao,
       CASE WHEN valor > AVG(valor) OVER () THEN 'acima' ELSE 'abaixo' END AS faixa
FROM dentro
ORDER BY valor DESC;",1
V0067,"Num raio de 3 km do centro de Belo Horizonte, ordene as escolas por matrículas na educação básica e marque as acima da média.",Muito Difícil,"WITH dentro AS (
  SELECT e.cd_entidade, md.qt_mat_bas AS valor
  FROM escola e
  JOIN microdados_ed_basica md ON e.cd_entidade = md.cd_entidade
  WHERE ST_Intersects(ST_Buffer(ST_SetSRID(ST_MakePoint(-43.9448, -19.902), 4674)::geography, 3000), e.geometry::geography)
)
SELECT cd_entidade, valor,
       ROUND(AVG(valor) OVER ()::numeric, 2) AS media,
       RANK() OVER (ORDER BY valor DESC) AS posicao,
       CASE WHEN valor > AVG(valor) OVER () THEN 'acima' ELSE 'abaixo' END AS faixa
FROM dentro
ORDER BY valor DESC;",1
V0068,"Num raio de 20 km do centro de Manaus, ordene as escolas por docentes da educação básica e marque as acima da média.",Muito Difícil,"WITH dentro AS (
  SELECT e.cd_entidade, md.qt_doc_bas AS valor
  FROM escola e
  JOIN microdados_ed_basica md ON e.cd_entidade = md.cd_entidade
  WHERE ST_Intersects(ST_Buffer(ST_SetSRID(ST_MakePoint(-60.0039, -3.0864), 4674)::geography, 20000), e.geometry::geography)
)
SELECT cd_entidade, valor,
       ROUND(AVG(valor) OVER ()::numeric, 2) AS media,
       RANK() OVER (ORDER BY valor DESC) AS posicao,
       CASE WHEN valor > AVG(valor) OVER () THEN 'acima' ELSE 'abaixo' END AS faixa
FROM dentro
ORDER BY valor DESC;",1
V0069,"Num raio de 15 km do centro de São Luís, ordene as escolas por matrículas no ensino médio e marque as acima da média.",Muito Difícil,"WITH dentro AS (
  SELECT e.cd_entidade, md.qt_mat_med AS valor
  FROM escola e
  JOIN microdados_ed_basica md ON e.cd_entidade = md.cd_entidade
  WHERE ST_Intersects(ST_Buffer(ST_SetSRID(ST_MakePoint(-44.2939, -2.5131), 4674)::geography, 15000), e.geometry::geography)
)
SELECT cd_entidade, valor,
       ROUND(AVG(valor) OVER ()::numeric, 2) AS media,
       RANK() OVER (ORDER BY valor DESC) AS posicao,
       CASE WHEN valor > AVG(valor) OVER () THEN 'acima' ELSE 'abaixo' END AS faixa
FROM dentro
ORDER BY valor DESC;",1
V0070,"Num raio de 2 km do centro de Natal, ordene as escolas por salas de aula utilizadas e marque as acima da média.",Muito Difícil,"WITH dentro AS (
  SELECT e.cd_entidade, md.qt_salas_utilizadas AS valor
  FROM escola e
  JOIN microdados_ed_basica md ON e.cd_entidade = md.cd_entidade
  WHERE ST_Intersects(ST_Buffer(ST_SetSRID(ST_MakePoint(-35.2087, -5.7785), 4674)::geography, 2000), e.geometry::geography)
)
SELECT cd_entidade, valor,
       ROUND(AVG(valor) OVER ()::numeric, 2) AS media,
       RANK() OVER (ORDER BY valor DESC) AS posicao,
       CASE WHEN valor > AVG(valor) OVER () THEN 'acima' ELSE 'abaixo' END AS faixa
FROM dentro
ORDER BY valor DESC;",1
V0071,"Em Minas Gerais, ordene os municípios por área (km²) do maior para o menor e marque os 25% maiores.",Muito Difícil,"WITH a AS (
  SELECT mu.nm_mun, ST_Area(ST_Transform(mu.geometry, 5880)) / 1e6 AS area_km2
  FROM municipio mu
  JOIN unidade_federativa uf ON mu.cd_uf = uf.cd_uf
  WHERE uf.nm_uf = 'Minas Gerais'
)
SELECT nm_mun, ROUND(area_km2::numeric, 2) AS area_km2,
       NTILE(4) OVER (ORDER BY area_km2 DESC) AS quartil,
       CASE WHEN NTILE(4) OVER (ORDER BY area_km2 DESC) = 1 THEN 'maiores' ELSE 'demais' END AS faixa
FROM a
ORDER BY area_km2 DESC;",1
V0072,"Em Rondônia, ordene os municípios por área (km²) do maior para o menor e marque os 25% maiores.",Muito Difícil,"WITH a AS (
  SELECT mu.nm_mun, ST_Area(ST_Transform(mu.geometry, 5880)) / 1e6 AS area_km2
  FROM municipio mu
  JOIN unidade_federativa uf ON mu.cd_uf = uf.cd_uf
  WHERE uf.nm_uf = 'Rondônia'
)
SELECT nm_mun, ROUND(area_km2::numeric, 2) AS area_km2,
       NTILE(4) OVER (ORDER BY area_km2 DESC) AS quartil,
       CASE WHEN NTILE(4) OVER (ORDER BY area_km2 DESC) = 1 THEN 'maiores' ELSE 'demais' END AS faixa
FROM a
ORDER BY area_km2 DESC;",1
V0073,"Em Amapá, ordene os municípios por área (km²) do maior para o menor e marque os 25% maiores.",Muito Difícil,"WITH a AS (
  SELECT mu.nm_mun, ST_Area(ST_Transform(mu.geometry, 5880)) / 1e6 AS area_km2
  FROM municipio mu
  JOIN unidade_federativa uf ON mu.cd_uf = uf.cd_uf
  WHERE uf.nm_uf = 'Amapá'
)
SELECT nm_mun, ROUND(area_km2::numeric, 2) AS area_km2,
       NTILE(4) OVER (ORDER BY area_km2 DESC) AS quartil,
       CASE WHEN NTILE(4) OVER (ORDER BY area_km2 DESC) = 1 THEN 'maiores' ELSE 'demais' END AS faixa
FROM a
ORDER BY area_km2 DESC;",1
V0074,"Em Paraná, ordene os municípios por área (km²) do maior para o menor e marque os 25% maiores.",Muito Difícil,"WITH a AS (
  SELECT mu.nm_mun, ST_Area(ST_Transform(mu.geometry, 5880)) / 1e6 AS area_km2
  FROM municipio mu
  JOIN unidade_federativa uf ON mu.cd_uf = uf.cd_uf
  WHERE uf.nm_uf = 'Paraná'
)
SELECT nm_mun, ROUND(area_km2::numeric, 2) AS area_km2,
       NTILE(4) OVER (ORDER BY area_km2 DESC) AS quartil,
       CASE WHEN NTILE(4) OVER (ORDER BY area_km2 DESC) = 1 THEN 'maiores' ELSE 'demais' END AS faixa
FROM a
ORDER BY area_km2 DESC;",1
V0075,"Em Tocantins, ordene os municípios por área (km²) do maior para o menor e marque os 25% maiores.",Muito Difícil,"WITH a AS (
  SELECT mu.nm_mun, ST_Area(ST_Transform(mu.geometry, 5880)) / 1e6 AS area_km2
  FROM municipio mu
  JOIN unidade_federativa uf ON mu.cd_uf = uf.cd_uf
  WHERE uf.nm_uf = 'Tocantins'
)
SELECT nm_mun, ROUND(area_km2::numeric, 2) AS area_km2,
       NTILE(4) OVER (ORDER BY area_km2 DESC) AS quartil,
       CASE WHEN NTILE(4) OVER (ORDER BY area_km2 DESC) = 1 THEN 'maiores' ELSE 'demais' END AS faixa
FROM a
ORDER BY area_km2 DESC;",1
V0076,"Em Alagoas, ordene os municípios por área (km²) do maior para o menor e marque os 25% maiores.",Muito Difícil,"WITH a AS (
  SELECT mu.nm_mun, ST_Area(ST_Transform(mu.geometry, 5880)) / 1e6 AS area_km2
  FROM municipio mu
  JOIN unidade_federativa uf ON mu.cd_uf = uf.cd_uf
  WHERE uf.nm_uf = 'Alagoas'
)
SELECT nm_mun, ROUND(area_km2::numeric, 2) AS area_km2,
       NTILE(4) OVER (ORDER BY area_km2 DESC) AS quartil,
       CASE WHEN NTILE(4) OVER (ORDER BY area_km2 DESC) = 1 THEN 'maiores' ELSE 'demais' END AS faixa
FROM a
ORDER BY area_km2 DESC;",1
V0077,"Em Ceará, ordene os municípios por área (km²) do maior para o menor e marque os 25% maiores.",Muito Difícil,"WITH a AS (
  SELECT mu.nm_mun, ST_Area(ST_Transform(mu.geometry, 5880)) / 1e6 AS area_km2
  FROM municipio mu
  JOIN unidade_federativa uf ON mu.cd_uf = uf.cd_uf
  WHERE uf.nm_uf = 'Ceará'
)
SELECT nm_mun, ROUND(area_km2::numeric, 2) AS area_km2,
       NTILE(4) OVER (ORDER BY area_km2 DESC) AS quartil,
       CASE WHEN NTILE(4) OVER (ORDER BY area_km2 DESC) = 1 THEN 'maiores' ELSE 'demais' END AS faixa
FROM a
ORDER BY area_km2 DESC;",1
V0078,"Em Bahia, ordene os municípios por área (km²) do maior para o menor e marque os 25% maiores.",Muito Difícil,"WITH a AS (
  SELECT mu.nm_mun, ST_Area(ST_Transform(mu.geometry, 5880)) / 1e6 AS area_km2
  FROM municipio mu
  JOIN unidade_federativa uf ON mu.cd_uf = uf.cd_uf
  WHERE uf.nm_uf = 'Bahia'
)
SELECT nm_mun, ROUND(area_km2::numeric, 2) AS area_km2,
       NTILE(4) OVER (ORDER BY area_km2 DESC) AS quartil,
       CASE WHEN NTILE(4) OVER (ORDER BY area_km2 DESC) = 1 THEN 'maiores' ELSE 'demais' END AS faixa
FROM a
ORDER BY area_km2 DESC;",1
V0079,"Em Rio Grande do Norte, ordene os municípios por área (km²) do maior para o menor e marque os 25% maiores.",Muito Difícil,"WITH a AS (
  SELECT mu.nm_mun, ST_Area(ST_Transform(mu.geometry, 5880)) / 1e6 AS area_km2
  FROM municipio mu
  JOIN unidade_federativa uf ON mu.cd_uf = uf.cd_uf
  WHERE uf.nm_uf = 'Rio Grande do Norte'
)
SELECT nm_mun, ROUND(area_km2::numeric, 2) AS area_km2,
       NTILE(4) OVER (ORDER BY area_km2 DESC) AS quartil,
       CASE WHEN NTILE(4) OVER (ORDER BY area_km2 DESC) = 1 THEN 'maiores' ELSE 'demais' END AS faixa
FROM a
ORDER BY area_km2 DESC;",1
V0080,"Em Rio Grande do Sul, ordene os municípios por área (km²) do maior para o menor e marque os 25% maiores.",Muito Difícil,"WITH a AS (
  SELECT mu.nm_mun, ST_Area(ST_Transform(mu.geometry, 5880)) / 1e6 AS area_km2
  FROM municipio mu
  JOIN unidade_federativa uf ON mu.cd_uf = uf.cd_uf
  WHERE uf.nm_uf = 'Rio Grande do Sul'
)
SELECT nm_mun, ROUND(area_km2::numeric, 2) AS area_km2,
       NTILE(4) OVER (ORDER BY area_km2 DESC) AS quartil,
       CASE WHEN NTILE(4) OVER (ORDER BY area_km2 DESC) = 1 THEN 'maiores' ELSE 'demais' END AS faixa
FROM a
ORDER BY area_km2 DESC;",1
V0081,"Em Rio de Janeiro, ordene os municípios por área (km²) do maior para o menor e marque os 25% maiores.",Muito Difícil,"WITH a AS (
  SELECT mu.nm_mun, ST_Area(ST_Transform(mu.geometry, 5880)) / 1e6 AS area_km2
  FROM municipio mu
  JOIN unidade_federativa uf ON mu.cd_uf = uf.cd_uf
  WHERE uf.nm_uf = 'Rio de Janeiro'
)
SELECT nm_mun, ROUND(area_km2::numeric, 2) AS area_km2,
       NTILE(4) OVER (ORDER BY area_km2 DESC) AS quartil,
       CASE WHEN NTILE(4) OVER (ORDER BY area_km2 DESC) = 1 THEN 'maiores' ELSE 'demais' END AS faixa
FROM a
ORDER BY area_km2 DESC;",1
V0082,"Em Mato Grosso, ordene os municípios por área (km²) do maior para o menor e marque os 25% maiores.",Muito Difícil,"WITH a AS (
  SELECT mu.nm_mun, ST_Area(ST_Transform(mu.geometry, 5880)) / 1e6 AS area_km2
  FROM municipio mu
  JOIN unidade_federativa uf ON mu.cd_uf = uf.cd_uf
  WHERE uf.nm_uf = 'Mato Grosso'
)
SELECT nm_mun, ROUND(area_km2::numeric, 2) AS area_km2,
       NTILE(4) OVER (ORDER BY area_km2 DESC) AS quartil,
       CASE WHEN NTILE(4) OVER (ORDER BY area_km2 DESC) = 1 THEN 'maiores' ELSE 'demais' END AS faixa
FROM a
ORDER BY area_km2 DESC;",1
V0083,"Em Santa Catarina, ordene os municípios por área (km²) do maior para o menor e marque os 25% maiores.",Muito Difícil,"WITH a AS (
  SELECT mu.nm_mun, ST_Area(ST_Transform(mu.geometry, 5880)) / 1e6 AS area_km2
  FROM municipio mu
  JOIN unidade_federativa uf ON mu.cd_uf = uf.cd_uf
  WHERE uf.nm_uf = 'Santa Catarina'
)
SELECT nm_mun, ROUND(area_km2::numeric, 2) AS area_km2,
       NTILE(4) OVER (ORDER BY area_km2 DESC) AS quartil,
       CASE WHEN NTILE(4) OVER (ORDER BY area_km2 DESC) = 1 THEN 'maiores' ELSE 'demais' END AS faixa
FROM a
ORDER BY area_km2 DESC;",1
V0084,"Em Amazonas, ordene os municípios por área (km²) do maior para o menor e marque os 25% maiores.",Muito Difícil,"WITH a AS (
  SELECT mu.nm_mun, ST_Area(ST_Transform(mu.geometry, 5880)) / 1e6 AS area_km2
  FROM municipio mu
  JOIN unidade_federativa uf ON mu.cd_uf = uf.cd_uf
  WHERE uf.nm_uf = 'Amazonas'
)
SELECT nm_mun, ROUND(area_km2::numeric, 2) AS area_km2,
       NTILE(4) OVER (ORDER BY area_km2 DESC) AS quartil,
       CASE WHEN NTILE(4) OVER (ORDER BY area_km2 DESC) = 1 THEN 'maiores' ELSE 'demais' END AS faixa
FROM a
ORDER BY area_km2 DESC;",1
V0085,"Para cada município de Rio Grande do Norte, qual a proporção de escolas com água potável e como ela se compara à média do estado?",Muito Difícil,"WITH base AS (
  SELECT mu.nm_mun,
         COUNT(*) FILTER (WHERE md.in_agua_potavel = 1) AS com,
         COUNT(*) AS total
  FROM escola e
  JOIN microdados_ed_basica md ON e.cd_entidade = md.cd_entidade
  JOIN municipio mu ON ST_Contains(mu.geometry, e.geometry)
  JOIN unidade_federativa uf ON mu.cd_uf = uf.cd_uf
  WHERE uf.nm_uf = 'Rio Grande do Norte'
  GROUP BY mu.nm_mun
)
SELECT nm_mun,
       ROUND((100.0 * com / NULLIF(total, 0))::numeric, 2) AS pct,
       ROUND(AVG(100.0 * com / NULLIF(total, 0)) OVER ()::numeric, 2) AS media_uf,
       CASE WHEN 100.0 * com / NULLIF(total, 0) > AVG(100.0 * com / NULLIF(total, 0)) OVER ()
            THEN 'acima' ELSE 'abaixo' END AS situacao
FROM base
ORDER BY pct DESC;",1
V0086,"Para cada município de Alagoas, qual a proporção de escolas com esgoto da rede pública e como ela se compara à média do estado?",Muito Difícil,"WITH base AS (
  SELECT mu.nm_mun,
         COUNT(*) FILTER (WHERE md.in_esgoto_rede_publica = 1) AS com,
         COUNT(*) AS total
  FROM escola e
  JOIN microdados_ed_basica md ON e.cd_entidade = md.cd_entidade
  JOIN municipio mu ON ST_Contains(mu.geometry, e.geometry)
  JOIN unidade_federativa uf ON mu.cd_uf = uf.cd_uf
  WHERE uf.nm_uf = 'Alagoas'
  GROUP BY mu.nm_mun
)
SELECT nm_mun,
       ROUND((100.0 * com / NULLIF(total, 0))::numeric, 2) AS pct,
       ROUND(AVG(100.0 * com / NULLIF(total, 0)) OVER ()::numeric, 2) AS media_uf,
       CASE WHEN 100.0 * com / NULLIF(total, 0) > AVG(100.0 * com / NULLIF(total, 0)) OVER ()
            THEN 'acima' ELSE 'abaixo' END AS situacao
FROM base
ORDER BY pct DESC;",1
V0087,"Para cada município de Ceará, qual a proporção de escolas com biblioteca e como ela se compara à média do estado?",Muito Difícil,"WITH base AS (
  SELECT mu.nm_mun,
         COUNT(*) FILTER (WHERE md.in_biblioteca = 1) AS com,
         COUNT(*) AS total
  FROM escola e
  JOIN microdados_ed_basica md ON e.cd_entidade = md.cd_entidade
  JOIN municipio mu ON ST_Contains(mu.geometry, e.geometry)
  JOIN unidade_federativa uf ON mu.cd_uf = uf.cd_uf
  WHERE uf.nm_uf = 'Ceará'
  GROUP BY mu.nm_mun
)
SELECT nm_mun,
       ROUND((100.0 * com / NULLIF(total, 0))::numeric, 2) AS pct,
       ROUND(AVG(100.0 * com / NULLIF(total, 0)) OVER ()::numeric, 2) AS media_uf,
       CASE WHEN 100.0 * com / NULLIF(total, 0) > AVG(100.0 * com / NULLIF(total, 0)) OVER ()
            THEN 'acima' ELSE 'abaixo' END AS situacao
FROM base
ORDER BY pct DESC;",1
V0088,"Para cada município de Ceará, qual a proporção de escolas com esgoto da rede pública e como ela se compara à média do estado?",Muito Difícil,"WITH base AS (
  SELECT mu.nm_mun,
         COUNT(*) FILTER (WHERE md.in_esgoto_rede_publica = 1) AS com,
         COUNT(*) AS total
  FROM escola e
  JOIN microdados_ed_basica md ON e.cd_entidade = md.cd_entidade
  JOIN municipio mu ON ST_Contains(mu.geometry, e.geometry)
  JOIN unidade_federativa uf ON mu.cd_uf = uf.cd_uf
  WHERE uf.nm_uf = 'Ceará'
  GROUP BY mu.nm_mun
)
SELECT nm_mun,
       ROUND((100.0 * com / NULLIF(total, 0))::numeric, 2) AS pct,
       ROUND(AVG(100.0 * com / NULLIF(total, 0)) OVER ()::numeric, 2) AS media_uf,
       CASE WHEN 100.0 * com / NULLIF(total, 0) > AVG(100.0 * com / NULLIF(total, 0)) OVER ()
            THEN 'acima' ELSE 'abaixo' END AS situacao
FROM base
ORDER BY pct DESC;",1
V0089,"Para cada município de Alagoas, qual a proporção de escolas com quadra de esportes e como ela se compara à média do estado?",Muito Difícil,"WITH base AS (
  SELECT mu.nm_mun,
         COUNT(*) FILTER (WHERE md.in_quadra_esportes = 1) AS com,
         COUNT(*) AS total
  FROM escola e
  JOIN microdados_ed_basica md ON e.cd_entidade = md.cd_entidade
  JOIN municipio mu ON ST_Contains(mu.geometry, e.geometry)
  JOIN unidade_federativa uf ON mu.cd_uf = uf.cd_uf
  WHERE uf.nm_uf = 'Alagoas'
  GROUP BY mu.nm_mun
)
SELECT nm_mun,
       ROUND((100.0 * com / NULLIF(total, 0))::numeric, 2) AS pct,
       ROUND(AVG(100.0 * com / NULLIF(total, 0)) OVER ()::numeric, 2) AS media_uf,
       CASE WHEN 100.0 * com / NULLIF(total, 0) > AVG(100.0 * com / NULLIF(total, 0)) OVER ()
            THEN 'acima' ELSE 'abaixo' END AS situacao
FROM base
ORDER BY pct DESC;",1
V0090,Classifique os municípios de Mato Grosso do Sul pela proporção de escolas com cozinha em relação à média estadual.,Muito Difícil,"WITH base AS (
  SELECT mu.nm_mun,
         COUNT(*) FILTER (WHERE md.in_cozinha = 1) AS com,
         COUNT(*) AS total
  FROM escola e
  JOIN microdados_ed_basica md ON e.cd_entidade = md.cd_entidade
  JOIN municipio mu ON ST_Contains(mu.geometry, e.geometry)
  JOIN unidade_federativa uf ON mu.cd_uf = uf.cd_uf
  WHERE uf.nm_uf = 'Mato Grosso do Sul'
  GROUP BY mu.nm_mun
)
SELECT nm_mun,
       ROUND((100.0 * com / NULLIF(total, 0))::numeric, 2) AS pct,
       ROUND(AVG(100.0 * com / NULLIF(total, 0)) OVER ()::numeric, 2) AS media_uf,
       CASE WHEN 100.0 * com / NULLIF(total, 0) > AVG(100.0 * com / NULLIF(total, 0)) OVER ()
            THEN 'acima' ELSE 'abaixo' END AS situacao
FROM base
ORDER BY pct DESC;",1
V0091,"Para cada município de Pará, qual a proporção de escolas com parque infantil e como ela se compara à média do estado?",Muito Difícil,"WITH base AS (
  SELECT mu.nm_mun,
         COUNT(*) FILTER (WHERE md.in_parque_infantil = 1) AS com,
         COUNT(*) AS total
  FROM escola e
  JOIN microdados_ed_basica md ON e.cd_entidade = md.cd_entidade
  JOIN municipio mu ON ST_Contains(mu.geometry, e.geometry)
  JOIN unidade_federativa uf ON mu.cd_uf = uf.cd_uf
  WHERE uf.nm_uf = 'Pará'
  GROUP BY mu.nm_mun
)
SELECT nm_mun,
       ROUND((100.0 * com / NULLIF(total, 0))::numeric, 2) AS pct,
       ROUND(AVG(100.0 * com / NULLIF(total, 0)) OVER ()::numeric, 2) AS media_uf,
       CASE WHEN 100.0 * com / NULLIF(total, 0) > AVG(100.0 * com / NULLIF(total, 0)) OVER ()
            THEN 'acima' ELSE 'abaixo' END AS situacao
FROM base
ORDER BY pct DESC;",1
V0092,"Para cada município de Piauí, qual a proporção de escolas com refeitório e como ela se compara à média do estado?",Muito Difícil,"WITH base AS (
  SELECT mu.nm_mun,
         COUNT(*) FILTER (WHERE md.in_refeitorio = 1) AS com,
         COUNT(*) AS total
  FROM escola e
  JOIN microdados_ed_basica md ON e.cd_entidade = md.cd_entidade
  JOIN municipio mu ON ST_Contains(mu.geometry, e.geometry)
  JOIN unidade_federativa uf ON mu.cd_uf = uf.cd_uf
  WHERE uf.nm_uf = 'Piauí'
  GROUP BY mu.nm_mun
)
SELECT nm_mun,
       ROUND((100.0 * com / NULLIF(total, 0))::numeric, 2) AS pct,
       ROUND(AVG(100.0 * com / NULLIF(total, 0)) OVER ()::numeric, 2) AS media_uf,
       CASE WHEN 100.0 * com / NULLIF(total, 0) > AVG(100.0 * com / NULLIF(total, 0)) OVER ()
            THEN 'acima' ELSE 'abaixo' END AS situacao
FROM base
ORDER BY pct DESC;",1
V0093,Classifique os municípios de Ceará pela proporção de escolas com alimentação escolar em relação à média estadual.,Muito Difícil,"WITH base AS (
  SELECT mu.nm_mun,
         COUNT(*) FILTER (WHERE md.in_alimentacao = 1) AS com,
         COUNT(*) AS total
  FROM escola e
  JOIN microdados_ed_basica md ON e.cd_entidade = md.cd_entidade
  JOIN municipio mu ON ST_Contains(mu.geometry, e.geometry)
  JOIN unidade_federativa uf ON mu.cd_uf = uf.cd_uf
  WHERE uf.nm_uf = 'Ceará'
  GROUP BY mu.nm_mun
)
SELECT nm_mun,
       ROUND((100.0 * com / NULLIF(total, 0))::numeric, 2) AS pct,
       ROUND(AVG(100.0 * com / NULLIF(total, 0)) OVER ()::numeric, 2) AS media_uf,
       CASE WHEN 100.0 * com / NULLIF(total, 0) > AVG(100.0 * com / NULLIF(total, 0)) OVER ()
            THEN 'acima' ELSE 'abaixo' END AS situacao
FROM base
ORDER BY pct DESC;",1
V0094,Classifique os municípios de Acre pela proporção de escolas com auditório em relação à média estadual.,Muito Difícil,"WITH base AS (
  SELECT mu.nm_mun,
         COUNT(*) FILTER (WHERE md.in_auditorio = 1) AS com,
         COUNT(*) AS total
  FROM escola e
  JOIN microdados_ed_basica md ON e.cd_entidade = md.cd_entidade
  JOIN municipio mu ON ST_Contains(mu.geometry, e.geometry)
  JOIN unidade_federativa uf ON mu.cd_uf = uf.cd_uf
  WHERE uf.nm_uf = 'Acre'
  GROUP BY mu.nm_mun
)
SELECT nm_mun,
       ROUND((100.0 * com / NULLIF(total, 0))::numeric, 2) AS pct,
       ROUND(AVG(100.0 * com / NULLIF(total, 0)) OVER ()::numeric, 2) AS media_uf,
       CASE WHEN 100.0 * com / NULLIF(total, 0) > AVG(100.0 * com / NULLIF(total, 0)) OVER ()
            THEN 'acima' ELSE 'abaixo' END AS situacao
FROM base
ORDER BY pct DESC;",1
V0095,Classifique os municípios de Acre pela proporção de escolas com água potável em relação à média estadual.,Muito Difícil,"WITH base AS (
  SELECT mu.nm_mun,
         COUNT(*) FILTER (WHERE md.in_agua_potavel = 1) AS com,
         COUNT(*) AS total
  FROM escola e
  JOIN microdados_ed_basica md ON e.cd_entidade = md.cd_entidade
  JOIN municipio mu ON ST_Contains(mu.geometry, e.geometry)
  JOIN unidade_federativa uf ON mu.cd_uf = uf.cd_uf
  WHERE uf.nm_uf = 'Acre'
  GROUP BY mu.nm_mun
)
SELECT nm_mun,
       ROUND((100.0 * com / NULLIF(total, 0))::numeric, 2) AS pct,
       ROUND(AVG(100.0 * com / NULLIF(total, 0)) OVER ()::numeric, 2) AS media_uf,
       CASE WHEN 100.0 * com / NULLIF(total, 0) > AVG(100.0 * com / NULLIF(total, 0)) OVER ()
            THEN 'acima' ELSE 'abaixo' END AS situacao
FROM base
ORDER BY pct DESC;",1
V0096,"Para cada município de Rio Grande do Sul, qual a proporção de escolas com cozinha e como ela se compara à média do estado?",Muito Difícil,"WITH base AS (
  SELECT mu.nm_mun,
         COUNT(*) FILTER (WHERE md.in_cozinha = 1) AS com,
         COUNT(*) AS total
  FROM escola e
  JOIN microdados_ed_basica md ON e.cd_entidade = md.cd_entidade
  JOIN municipio mu ON ST_Contains(mu.geometry, e.geometry)
  JOIN unidade_federativa uf ON mu.cd_uf = uf.cd_uf
  WHERE uf.nm_uf = 'Rio Grande do Sul'
  GROUP BY mu.nm_mun
)
SELECT nm_mun,
       ROUND((100.0 * com / NULLIF(total, 0))::numeric, 2) AS pct,
       ROUND(AVG(100.0 * com / NULLIF(total, 0)) OVER ()::numeric, 2) AS media_uf,
       CASE WHEN 100.0 * com / NULLIF(total, 0) > AVG(100.0 * com / NULLIF(total, 0)) OVER ()
            THEN 'acima' ELSE 'abaixo' END AS situacao
FROM base
ORDER BY pct DESC;",1
V0097,"Para cada município de Rio Grande do Sul, qual a proporção de escolas com energia da rede pública e como ela se compara à média do estado?",Muito Difícil,"WITH base AS (
  SELECT mu.nm_mun,
         COUNT(*) FILTER (WHERE md.in_energia_rede_publica = 1) AS com,
         COUNT(*) AS total
  FROM escola e
  JOIN microdados_ed_basica md ON e.cd_entidade = md.cd_entidade
  JOIN municipio mu ON ST_Contains(mu.geometry, e.geometry)
  JOIN unidade_federativa uf ON mu.cd_uf = uf.cd_uf
  WHERE uf.nm_uf = 'Rio Grande do Sul'
  GROUP BY mu.nm_mun
)
SELECT nm_mun,
       ROUND((100.0 * com / NULLIF(total, 0))::numeric, 2) AS pct,
       ROUND(AVG(100.0 * com / NULLIF(total, 0)) OVER ()::numeric, 2) AS media_uf,
       CASE WHEN 100.0 * com / NULLIF(total, 0) > AVG(100.0 * com / NULLIF(total, 0)) OVER ()
            THEN 'acima' ELSE 'abaixo' END AS situacao
FROM base
ORDER BY pct DESC;",1
V0098,Classifique os municípios de Rondônia pela proporção de escolas com laboratório de educação profissional em relação à média estadual.,Muito Difícil,"WITH base AS (
  SELECT mu.nm_mun,
         COUNT(*) FILTER (WHERE md.in_laboratorio_educ_prof = 1) AS com,
         COUNT(*) AS total
  FROM escola e
  JOIN microdados_ed_basica md ON e.cd_entidade = md.cd_entidade
  JOIN municipio mu ON ST_Contains(mu.geometry, e.geometry)
  JOIN unidade_federativa uf ON mu.cd_uf = uf.cd_uf
  WHERE uf.nm_uf = 'Rondônia'
  GROUP BY mu.nm_mun
)
SELECT nm_mun,
       ROUND((100.0 * com / NULLIF(total, 0))::numeric, 2) AS pct,
       ROUND(AVG(100.0 * com / NULLIF(total, 0)) OVER ()::numeric, 2) AS media_uf,
       CASE WHEN 100.0 * com / NULLIF(total, 0) > AVG(100.0 * com / NULLIF(total, 0)) OVER ()
            THEN 'acima' ELSE 'abaixo' END AS situacao
FROM base
ORDER BY pct DESC;",1
V0099,Classifique os municípios de Bahia pela proporção de escolas com parque infantil em relação à média estadual.,Muito Difícil,"WITH base AS (
  SELECT mu.nm_mun,
         COUNT(*) FILTER (WHERE md.in_parque_infantil = 1) AS com,
         COUNT(*) AS total
  FROM escola e
  JOIN microdados_ed_basica md ON e.cd_entidade = md.cd_entidade
  JOIN municipio mu ON ST_Intersects(mu.geometry, e.geometry)
  JOIN unidade_federativa uf ON mu.cd_uf = uf.cd_uf
  WHERE uf.nm_uf = 'Bahia'
  GROUP BY mu.nm_mun
)
SELECT nm_mun,
       ROUND((100.0 * com / NULLIF(total, 0))::numeric, 2) AS pct,
       ROUND(AVG(100.0 * com / NULLIF(total, 0)) OVER ()::numeric, 2) AS media_uf,
       CASE WHEN 100.0 * com / NULLIF(total, 0) > AVG(100.0 * com / NULLIF(total, 0)) OVER ()
            THEN 'acima' ELSE 'abaixo' END AS situacao
FROM base
ORDER BY pct DESC;",1
V0100,"Para cada município de Rio Grande do Sul, qual a proporção de escolas com banheiro adaptado para PNE e como ela se compara à média do estado?",Muito Difícil,"WITH base AS (
  SELECT mu.nm_mun,
         COUNT(*) FILTER (WHERE md.in_banheiro_pne = 1) AS com,
         COUNT(*) AS total
  FROM escola e
  JOIN microdados_ed_basica md ON e.cd_entidade = md.cd_entidade
  JOIN municipio mu ON ST_Intersects(mu.geometry, e.geometry)
  JOIN unidade_federativa uf ON mu.cd_uf = uf.cd_uf
  WHERE uf.nm_uf = 'Rio Grande do Sul'
  GROUP BY mu.nm_mun
)
SELECT nm_mun,
       ROUND((100.0 * com / NULLIF(total, 0))::numeric, 2) AS pct,
       ROUND(AVG(100.0 * com / NULLIF(total, 0)) OVER ()::numeric, 2) AS media_uf,
       CASE WHEN 100.0 * com / NULLIF(total, 0) > AVG(100.0 * com / NULLIF(total, 0)) OVER ()
            THEN 'acima' ELSE 'abaixo' END AS situacao
FROM base
ORDER BY pct DESC;",1
V0101,"Para cada município de Acre, qual a proporção de escolas com laboratório de ciências e como ela se compara à média do estado?",Muito Difícil,"WITH base AS (
  SELECT mu.nm_mun,
         COUNT(*) FILTER (WHERE md.in_laboratorio_ciencias = 1) AS com,
         COUNT(*) AS total
  FROM escola e
  JOIN microdados_ed_basica md ON e.cd_entidade = md.cd_entidade
  JOIN municipio mu ON ST_Intersects(mu.geometry, e.geometry)
  JOIN unidade_federativa uf ON mu.cd_uf = uf.cd_uf
  WHERE uf.nm_uf = 'Acre'
  GROUP BY mu.nm_mun
)
SELECT nm_mun,
       ROUND((100.0 * com / NULLIF(total, 0))::numeric, 2) AS pct,
       ROUND(AVG(100.0 * com / NULLIF(total, 0)) OVER ()::numeric, 2) AS media_uf,
       CASE WHEN 100.0 * com / NULLIF(total, 0) > AVG(100.0 * com / NULLIF(total, 0)) OVER ()
            THEN 'acima' ELSE 'abaixo' END AS situacao
FROM base
ORDER BY pct DESC;",1
V0102,"Para cada município de Rio de Janeiro, qual a proporção de escolas com refeitório e como ela se compara à média do estado?",Muito Difícil,"WITH base AS (
  SELECT mu.nm_mun,
         COUNT(*) FILTER (WHERE md.in_refeitorio = 1) AS com,
         COUNT(*) AS total
  FROM escola e
  JOIN microdados_ed_basica md ON e.cd_entidade = md.cd_entidade
  JOIN municipio mu ON ST_Intersects(mu.geometry, e.geometry)
  JOIN unidade_federativa uf ON mu.cd_uf = uf.cd_uf
  WHERE uf.nm_uf = 'Rio de Janeiro'
  GROUP BY mu.nm_mun
)
SELECT nm_mun,
       ROUND((100.0 * com / NULLIF(total, 0))::numeric, 2) AS pct,
       ROUND(AVG(100.0 * com / NULLIF(total, 0)) OVER ()::numeric, 2) AS media_uf,
       CASE WHEN 100.0 * com / NULLIF(total, 0) > AVG(100.0 * com / NULLIF(total, 0)) OVER ()
            THEN 'acima' ELSE 'abaixo' END AS situacao
FROM base
ORDER BY pct DESC;",1
V0103,Classifique os municípios de Pernambuco pela proporção de escolas com banheiro adaptado para PNE em relação à média estadual.,Muito Difícil,"WITH base AS (
  SELECT mu.nm_mun,
         COUNT(*) FILTER (WHERE md.in_banheiro_pne = 1) AS com,
         COUNT(*) AS total
  FROM escola e
  JOIN microdados_ed_basica md ON e.cd_entidade = md.cd_entidade
  JOIN municipio mu ON ST_Intersects(mu.geometry, e.geometry)
  JOIN unidade_federativa uf ON mu.cd_uf = uf.cd_uf
  WHERE uf.nm_uf = 'Pernambuco'
  GROUP BY mu.nm_mun
)
SELECT nm_mun,
       ROUND((100.0 * com / NULLIF(total, 0))::numeric, 2) AS pct,
       ROUND(AVG(100.0 * com / NULLIF(total, 0)) OVER ()::numeric, 2) AS media_uf,
       CASE WHEN 100.0 * com / NULLIF(total, 0) > AVG(100.0 * com / NULLIF(total, 0)) OVER ()
            THEN 'acima' ELSE 'abaixo' END AS situacao
FROM base
ORDER BY pct DESC;",1
V0104,"Para cada município de Santa Catarina, qual a proporção de escolas com quadra de esportes e como ela se compara à média do estado?",Muito Difícil,"WITH base AS (
  SELECT mu.nm_mun,
         COUNT(*) FILTER (WHERE md.in_quadra_esportes = 1) AS com,
         COUNT(*) AS total
  FROM escola e
  JOIN microdados_ed_basica md ON e.cd_entidade = md.cd_entidade
  JOIN municipio mu ON ST_Intersects(mu.geometry, e.geometry)
  JOIN unidade_federativa uf ON mu.cd_uf = uf.cd_uf
  WHERE uf.nm_uf = 'Santa Catarina'
  GROUP BY mu.nm_mun
)
SELECT nm_mun,
       ROUND((100.0 * com / NULLIF(total, 0))::numeric, 2) AS pct,
       ROUND(AVG(100.0 * com / NULLIF(total, 0)) OVER ()::numeric, 2) AS media_uf,
       CASE WHEN 100.0 * com / NULLIF(total, 0) > AVG(100.0 * com / NULLIF(total, 0)) OVER ()
            THEN 'acima' ELSE 'abaixo' END AS situacao
FROM base
ORDER BY pct DESC;",1
V0105,"Para cada município de Amapá, qual a proporção de escolas com energia da rede pública e como ela se compara à média do estado?",Muito Difícil,"WITH base AS (
  SELECT mu.nm_mun,
         COUNT(*) FILTER (WHERE md.in_energia_rede_publica = 1) AS com,
         COUNT(*) AS total
  FROM escola e
  JOIN microdados_ed_basica md ON e.cd_entidade = md.cd_entidade
  JOIN municipio mu ON ST_Intersects(mu.geometry, e.geometry)
  JOIN unidade_federativa uf ON mu.cd_uf = uf.cd_uf
  WHERE uf.nm_uf = 'Amapá'
  GROUP BY mu.nm_mun
)
SELECT nm_mun,
       ROUND((100.0 * com / NULLIF(total, 0))::numeric, 2) AS pct,
       ROUND(AVG(100.0 * com / NULLIF(total, 0)) OVER ()::numeric, 2) AS media_uf,
       CASE WHEN 100.0 * com / NULLIF(total, 0) > AVG(100.0 * com / NULLIF(total, 0)) OVER ()
            THEN 'acima' ELSE 'abaixo' END AS situacao
FROM base
ORDER BY pct DESC;",1
V0106,Classifique os municípios de Ceará pela proporção de escolas com banheiro adaptado para PNE em relação à média estadual.,Muito Difícil,"WITH base AS (
  SELECT mu.nm_mun,
         COUNT(*) FILTER (WHERE md.in_banheiro_pne = 1) AS com,
         COUNT(*) AS total
  FROM escola e
  JOIN microdados_ed_basica md ON e.cd_entidade = md.cd_entidade
  JOIN municipio mu ON ST_Intersects(mu.geometry, e.geometry)
  JOIN unidade_federativa uf ON mu.cd_uf = uf.cd_uf
  WHERE uf.nm_uf = 'Ceará'
  GROUP BY mu.nm_mun
)
SELECT nm_mun,
       ROUND((100.0 * com / NULLIF(total, 0))::numeric, 2) AS pct,
       ROUND(AVG(100.0 * com / NULLIF(total, 0)) OVER ()::numeric, 2) AS media_uf,
       CASE WHEN 100.0 * com / NULLIF(total, 0) > AVG(100.0 * com / NULLIF(total, 0)) OVER ()
            THEN 'acima' ELSE 'abaixo' END AS situacao
FROM base
ORDER BY pct DESC;",1
V0107,Classifique os municípios de Alagoas pela proporção de escolas com biblioteca em relação à média estadual.,Muito Difícil,"WITH base AS (
  SELECT mu.nm_mun,
         COUNT(*) FILTER (WHERE md.in_biblioteca = 1) AS com,
         COUNT(*) AS total
  FROM escola e
  JOIN microdados_ed_basica md ON e.cd_entidade = md.cd_entidade
  JOIN municipio mu ON ST_Intersects(mu.geometry, e.geometry)
  JOIN unidade_federativa uf ON mu.cd_uf = uf.cd_uf
  WHERE uf.nm_uf = 'Alagoas'
  GROUP BY mu.nm_mun
)
SELECT nm_mun,
       ROUND((100.0 * com / NULLIF(total, 0))::numeric, 2) AS pct,
       ROUND(AVG(100.0 * com / NULLIF(total, 0)) OVER ()::numeric, 2) AS media_uf,
       CASE WHEN 100.0 * com / NULLIF(total, 0) > AVG(100.0 * com / NULLIF(total, 0)) OVER ()
            THEN 'acima' ELSE 'abaixo' END AS situacao
FROM base
ORDER BY pct DESC;",1
V0108,"Para cada município de Mato Grosso, qual a proporção de escolas com água potável e como ela se compara à média do estado?",Muito Difícil,"WITH base AS (
  SELECT mu.nm_mun,
         COUNT(*) FILTER (WHERE md.in_agua_potavel = 1) AS com,
         COUNT(*) AS total
  FROM escola e
  JOIN microdados_ed_basica md ON e.cd_entidade = md.cd_entidade
  JOIN municipio mu ON ST_Intersects(mu.geometry, e.geometry)
  JOIN unidade_federativa uf ON mu.cd_uf = uf.cd_uf
  WHERE uf.nm_uf = 'Mato Grosso'
  GROUP BY mu.nm_mun
)
SELECT nm_mun,
       ROUND((100.0 * com / NULLIF(total, 0))::numeric, 2) AS pct,
       ROUND(AVG(100.0 * com / NULLIF(total, 0)) OVER ()::numeric, 2) AS media_uf,
       CASE WHEN 100.0 * com / NULLIF(total, 0) > AVG(100.0 * com / NULLIF(total, 0)) OVER ()
            THEN 'acima' ELSE 'abaixo' END AS situacao
FROM base
ORDER BY pct DESC;",1
V0109,"Para cada município de Alagoas, qual a proporção de escolas com cozinha e como ela se compara à média do estado?",Muito Difícil,"WITH base AS (
  SELECT mu.nm_mun,
         COUNT(*) FILTER (WHERE md.in_cozinha = 1) AS com,
         COUNT(*) AS total
  FROM escola e
  JOIN microdados_ed_basica md ON e.cd_entidade = md.cd_entidade
  JOIN municipio mu ON ST_Intersects(mu.geometry, e.geometry)
  JOIN unidade_federativa uf ON mu.cd_uf = uf.cd_uf
  WHERE uf.nm_uf = 'Alagoas'
  GROUP BY mu.nm_mun
)
SELECT nm_mun,
       ROUND((100.0 * com / NULLIF(total, 0))::numeric, 2) AS pct,
       ROUND(AVG(100.0 * com / NULLIF(total, 0)) OVER ()::numeric, 2) AS media_uf,
       CASE WHEN 100.0 * com / NULLIF(total, 0) > AVG(100.0 * com / NULLIF(total, 0)) OVER ()
            THEN 'acima' ELSE 'abaixo' END AS situacao
FROM base
ORDER BY pct DESC;",1
V0110,Classifique os municípios de Rondônia pela proporção de escolas com alimentação escolar em relação à média estadual.,Muito Difícil,"WITH base AS (
  SELECT mu.nm_mun,
         COUNT(*) FILTER (WHERE md.in_alimentacao = 1) AS com,
         COUNT(*) AS total
  FROM escola e
  JOIN microdados_ed_basica md ON e.cd_entidade = md.cd_entidade
  JOIN municipio mu ON ST_Intersects(mu.geometry, e.geometry)
  JOIN unidade_federativa uf ON mu.cd_uf = uf.cd_uf
  WHERE uf.nm_uf = 'Rondônia'
  GROUP BY mu.nm_mun
)
SELECT nm_mun,
       ROUND((100.0 * com / NULLIF(total, 0))::numeric, 2) AS pct,
       ROUND(AVG(100.0 * com / NULLIF(total, 0)) OVER ()::numeric, 2) AS media_uf,
       CASE WHEN 100.0 * com / NULLIF(total, 0) > AVG(100.0 * com / NULLIF(total, 0)) OVER ()
            THEN 'acima' ELSE 'abaixo' END AS situacao
FROM base
ORDER BY pct DESC;",1
V0111,Classifique os municípios de Ceará pela proporção de escolas com biblioteca em relação à média estadual.,Muito Difícil,"WITH base AS (
  SELECT mu.nm_mun,
         COUNT(*) FILTER (WHERE md.in_biblioteca = 1) AS com,
         COUNT(*) AS total
  FROM escola e
  JOIN microdados_ed_basica md ON e.cd_entidade = md.cd_entidade
  JOIN municipio mu ON ST_Intersects(mu.geometry, e.geometry)
  JOIN unidade_federativa uf ON mu.cd_uf = uf.cd_uf
  WHERE uf.nm_uf = 'Ceará'
  GROUP BY mu.nm_mun
)
SELECT nm_mun,
       ROUND((100.0 * com / NULLIF(total, 0))::numeric, 2) AS pct,
       ROUND(AVG(100.0 * com / NULLIF(total, 0)) OVER ()::numeric, 2) AS media_uf,
       CASE WHEN 100.0 * com / NULLIF(total, 0) > AVG(100.0 * com / NULLIF(total, 0)) OVER ()
            THEN 'acima' ELSE 'abaixo' END AS situacao
FROM base
ORDER BY pct DESC;",1
V0112,"Para cada município de Goiás, qual a proporção de escolas com alimentação escolar e como ela se compara à média do estado?",Muito Difícil,"WITH base AS (
  SELECT mu.nm_mun,
         COUNT(*) FILTER (WHERE md.in_alimentacao = 1) AS com,
         COUNT(*) AS total
  FROM escola e
  JOIN microdados_ed_basica md ON e.cd_entidade = md.cd_entidade
  JOIN municipio mu ON ST_Intersects(mu.geometry, e.geometry)
  JOIN unidade_federativa uf ON mu.cd_uf = uf.cd_uf
  WHERE uf.nm_uf = 'Goiás'
  GROUP BY mu.nm_mun
)
SELECT nm_mun,
       ROUND((100.0 * com / NULLIF(total, 0))::numeric, 2) AS pct,
       ROUND(AVG(100.0 * com / NULLIF(total, 0)) OVER ()::numeric, 2) AS media_uf,
       CASE WHEN 100.0 * com / NULLIF(total, 0) > AVG(100.0 * com / NULLIF(total, 0)) OVER ()
            THEN 'acima' ELSE 'abaixo' END AS situacao
FROM base
ORDER BY pct DESC;",1
V0113,"Para cada município de Piauí, qual a proporção de escolas com banheiro adaptado para PNE e como ela se compara à média do estado?",Muito Difícil,"WITH base AS (
  SELECT mu.nm_mun,
         COUNT(*) FILTER (WHERE md.in_banheiro_pne = 1) AS com,
         COUNT(*) AS total
  FROM escola e
  JOIN microdados_ed_basica md ON e.cd_entidade = md.cd_entidade
  JOIN municipio mu ON ST_Within(e.geometry, mu.geometry)
  JOIN unidade_federativa uf ON mu.cd_uf = uf.cd_uf
  WHERE uf.nm_uf = 'Piauí'
  GROUP BY mu.nm_mun
)
SELECT nm_mun,
       ROUND((100.0 * com / NULLIF(total, 0))::numeric, 2) AS pct,
       ROUND(AVG(100.0 * com / NULLIF(total, 0)) OVER ()::numeric, 2) AS media_uf,
       CASE WHEN 100.0 * com / NULLIF(total, 0) > AVG(100.0 * com / NULLIF(total, 0)) OVER ()
            THEN 'acima' ELSE 'abaixo' END AS situacao
FROM base
ORDER BY pct DESC;",1
V0114,Classifique os municípios de Paraná pela proporção de escolas com quadra de esportes em relação à média estadual.,Muito Difícil,"WITH base AS (
  SELECT mu.nm_mun,
         COUNT(*) FILTER (WHERE md.in_quadra_esportes = 1) AS com,
         COUNT(*) AS total
  FROM escola e
  JOIN microdados_ed_basica md ON e.cd_entidade = md.cd_entidade
  JOIN municipio mu ON ST_Within(e.geometry, mu.geometry)
  JOIN unidade_federativa uf ON mu.cd_uf = uf.cd_uf
  WHERE uf.nm_uf = 'Paraná'
  GROUP BY mu.nm_mun
)
SELECT nm_mun,
       ROUND((100.0 * com / NULLIF(total, 0))::numeric, 2) AS pct,
       ROUND(AVG(100.0 * com / NULLIF(total, 0)) OVER ()::numeric, 2) AS media_uf,
       CASE WHEN 100.0 * com / NULLIF(total, 0) > AVG(100.0 * com / NULLIF(total, 0)) OVER ()
            THEN 'acima' ELSE 'abaixo' END AS situacao
FROM base
ORDER BY pct DESC;",1
V0115,"Para cada município de Alagoas, qual a proporção de escolas com energia da rede pública e como ela se compara à média do estado?",Muito Difícil,"WITH base AS (
  SELECT mu.nm_mun,
         COUNT(*) FILTER (WHERE md.in_energia_rede_publica = 1) AS com,
         COUNT(*) AS total
  FROM escola e
  JOIN microdados_ed_basica md ON e.cd_entidade = md.cd_entidade
  JOIN municipio mu ON ST_Within(e.geometry, mu.geometry)
  JOIN unidade_federativa uf ON mu.cd_uf = uf.cd_uf
  WHERE uf.nm_uf = 'Alagoas'
  GROUP BY mu.nm_mun
)
SELECT nm_mun,
       ROUND((100.0 * com / NULLIF(total, 0))::numeric, 2) AS pct,
       ROUND(AVG(100.0 * com / NULLIF(total, 0)) OVER ()::numeric, 2) AS media_uf,
       CASE WHEN 100.0 * com / NULLIF(total, 0) > AVG(100.0 * com / NULLIF(total, 0)) OVER ()
            THEN 'acima' ELSE 'abaixo' END AS situacao
FROM base
ORDER BY pct DESC;",1
V0116,Classifique os municípios de Pernambuco pela proporção de escolas com laboratório de educação profissional em relação à média estadual.,Muito Difícil,"WITH base AS (
  SELECT mu.nm_mun,
         COUNT(*) FILTER (WHERE md.in_laboratorio_educ_prof = 1) AS com,
         COUNT(*) AS total
  FROM escola e
  JOIN microdados_ed_basica md ON e.cd_entidade = md.cd_entidade
  JOIN municipio mu ON ST_Within(e.geometry, mu.geometry)
  JOIN unidade_federativa uf ON mu.cd_uf = uf.cd_uf
  WHERE uf.nm_uf = 'Pernambuco'
  GROUP BY mu.nm_mun
)
SELECT nm_mun,
       ROUND((100.0 * com / NULLIF(total, 0))::numeric, 2) AS pct,
       ROUND(AVG(100.0 * com / NULLIF(total, 0)) OVER ()::numeric, 2) AS media_uf,
       CASE WHEN 100.0 * com / NULLIF(total, 0) > AVG(100.0 * com / NULLIF(total, 0)) OVER ()
            THEN 'acima' ELSE 'abaixo' END AS situacao
FROM base
ORDER BY pct DESC;",1
V0117,Classifique os municípios de Acre pela proporção de escolas com laboratório de ciências em relação à média estadual.,Muito Difícil,"WITH base AS (
  SELECT mu.nm_mun,
         COUNT(*) FILTER (WHERE md.in_laboratorio_ciencias = 1) AS com,
         COUNT(*) AS total
  FROM escola e
  JOIN microdados_ed_basica md ON e.cd_entidade = md.cd_entidade
  JOIN municipio mu ON ST_Within(e.geometry, mu.geometry)
  JOIN unidade_federativa uf ON mu.cd_uf = uf.cd_uf
  WHERE uf.nm_uf = 'Acre'
  GROUP BY mu.nm_mun
)
SELECT nm_mun,
       ROUND((100.0 * com / NULLIF(total, 0))::numeric, 2) AS pct,
       ROUND(AVG(100.0 * com / NULLIF(total, 0)) OVER ()::numeric, 2) AS media_uf,
       CASE WHEN 100.0 * com / NULLIF(total, 0) > AVG(100.0 * com / NULLIF(total, 0)) OVER ()
            THEN 'acima' ELSE 'abaixo' END AS situacao
FROM base
ORDER BY pct DESC;",1
V0118,Classifique os municípios de Rio de Janeiro pela proporção de escolas com internet de banda larga em relação à média estadual.,Muito Difícil,"WITH base AS (
  SELECT mu.nm_mun,
         COUNT(*) FILTER (WHERE md.in_banda_larga = 1) AS com,
         COUNT(*) AS total
  FROM escola e
  JOIN microdados_ed_basica md ON e.cd_entidade = md.cd_entidade
  JOIN municipio mu ON ST_Within(e.geometry, mu.geometry)
  JOIN unidade_federativa uf ON mu.cd_uf = uf.cd_uf
  WHERE uf.nm_uf = 'Rio de Janeiro'
  GROUP BY mu.nm_mun
)
SELECT nm_mun,
       ROUND((100.0 * com / NULLIF(total, 0))::numeric, 2) AS pct,
       ROUND(AVG(100.0 * com / NULLIF(total, 0)) OVER ()::numeric, 2) AS media_uf,
       CASE WHEN 100.0 * com / NULLIF(total, 0) > AVG(100.0 * com / NULLIF(total, 0)) OVER ()
            THEN 'acima' ELSE 'abaixo' END AS situacao
FROM base
ORDER BY pct DESC;",1
V0119,"Para cada município de São Paulo, qual a proporção de escolas com cozinha e como ela se compara à média do estado?",Muito Difícil,"WITH base AS (
  SELECT mu.nm_mun,
         COUNT(*) FILTER (WHERE md.in_cozinha = 1) AS com,
         COUNT(*) AS total
  FROM escola e
  JOIN microdados_ed_basica md ON e.cd_entidade = md.cd_entidade
  JOIN municipio mu ON ST_Within(e.geometry, mu.geometry)
  JOIN unidade_federativa uf ON mu.cd_uf = uf.cd_uf
  WHERE uf.nm_uf = 'São Paulo'
  GROUP BY mu.nm_mun
)
SELECT nm_mun,
       ROUND((100.0 * com / NULLIF(total, 0))::numeric, 2) AS pct,
       ROUND(AVG(100.0 * com / NULLIF(total, 0)) OVER ()::numeric, 2) AS media_uf,
       CASE WHEN 100.0 * com / NULLIF(total, 0) > AVG(100.0 * com / NULLIF(total, 0)) OVER ()
            THEN 'acima' ELSE 'abaixo' END AS situacao
FROM base
ORDER BY pct DESC;",1
V0120,"Para cada município de Goiás, qual a proporção de escolas com internet e como ela se compara à média do estado?",Muito Difícil,"WITH base AS (
  SELECT mu.nm_mun,
         COUNT(*) FILTER (WHERE md.in_internet = 1) AS com,
         COUNT(*) AS total
  FROM escola e
  JOIN microdados_ed_basica md ON e.cd_entidade = md.cd_entidade
  JOIN municipio mu ON ST_Within(e.geometry, mu.geometry)
  JOIN unidade_federativa uf ON mu.cd_uf = uf.cd_uf
  WHERE uf.nm_uf = 'Goiás'
  GROUP BY mu.nm_mun
)
SELECT nm_mun,
       ROUND((100.0 * com / NULLIF(total, 0))::numeric, 2) AS pct,
       ROUND(AVG(100.0 * com / NULLIF(total, 0)) OVER ()::numeric, 2) AS media_uf,
       CASE WHEN 100.0 * com / NULLIF(total, 0) > AVG(100.0 * com / NULLIF(total, 0)) OVER ()
            THEN 'acima' ELSE 'abaixo' END AS situacao
FROM base
ORDER BY pct DESC;",1
V0121,"Para cada município de Pernambuco, qual a proporção de escolas com internet de banda larga e como ela se compara à média do estado?",Muito Difícil,"WITH base AS (
  SELECT mu.nm_mun,
         COUNT(*) FILTER (WHERE md.in_banda_larga = 1) AS com,
         COUNT(*) AS total
  FROM escola e
  JOIN microdados_ed_basica md ON e.cd_entidade = md.cd_entidade
  JOIN municipio mu ON ST_Within(e.geometry, mu.geometry)
  JOIN unidade_federativa uf ON mu.cd_uf = uf.cd_uf
  WHERE uf.nm_uf = 'Pernambuco'
  GROUP BY mu.nm_mun
)
SELECT nm_mun,
       ROUND((100.0 * com / NULLIF(total, 0))::numeric, 2) AS pct,
       ROUND(AVG(100.0 * com / NULLIF(total, 0)) OVER ()::numeric, 2) AS media_uf,
       CASE WHEN 100.0 * com / NULLIF(total, 0) > AVG(100.0 * com / NULLIF(total, 0)) OVER ()
            THEN 'acima' ELSE 'abaixo' END AS situacao
FROM base
ORDER BY pct DESC;",1
V0122,Classifique os municípios de Rio Grande do Norte pela proporção de escolas com biblioteca em relação à média estadual.,Muito Difícil,"WITH base AS (
  SELECT mu.nm_mun,
         COUNT(*) FILTER (WHERE md.in_biblioteca = 1) AS com,
         COUNT(*) AS total
  FROM escola e
  JOIN microdados_ed_basica md ON e.cd_entidade = md.cd_entidade
  JOIN municipio mu ON ST_Within(e.geometry, mu.geometry)
  JOIN unidade_federativa uf ON mu.cd_uf = uf.cd_uf
  WHERE uf.nm_uf = 'Rio Grande do Norte'
  GROUP BY mu.nm_mun
)
SELECT nm_mun,
       ROUND((100.0 * com / NULLIF(total, 0))::numeric, 2) AS pct,
       ROUND(AVG(100.0 * com / NULLIF(total, 0)) OVER ()::numeric, 2) AS media_uf,
       CASE WHEN 100.0 * com / NULLIF(total, 0) > AVG(100.0 * com / NULLIF(total, 0)) OVER ()
            THEN 'acima' ELSE 'abaixo' END AS situacao
FROM base
ORDER BY pct DESC;",1
V0123,"Para cada município de Paraíba, qual a proporção de escolas com parque infantil e como ela se compara à média do estado?",Muito Difícil,"WITH base AS (
  SELECT mu.nm_mun,
         COUNT(*) FILTER (WHERE md.in_parque_infantil = 1) AS com,
         COUNT(*) AS total
  FROM escola e
  JOIN microdados_ed_basica md ON e.cd_entidade = md.cd_entidade
  JOIN municipio mu ON ST_Within(e.geometry, mu.geometry)
  JOIN unidade_federativa uf ON mu.cd_uf = uf.cd_uf
  WHERE uf.nm_uf = 'Paraíba'
  GROUP BY mu.nm_mun
)
SELECT nm_mun,
       ROUND((100.0 * com / NULLIF(total, 0))::numeric, 2) AS pct,
       ROUND(AVG(100.0 * com / NULLIF(total, 0)) OVER ()::numeric, 2) AS media_uf,
       CASE WHEN 100.0 * com / NULLIF(total, 0) > AVG(100.0 * com / NULLIF(total, 0)) OVER ()
            THEN 'acima' ELSE 'abaixo' END AS situacao
FROM base
ORDER BY pct DESC;",1
V0124,Classifique os municípios de Tocantins pela proporção de escolas com laboratório de informática em relação à média estadual.,Muito Difícil,"WITH base AS (
  SELECT mu.nm_mun,
         COUNT(*) FILTER (WHERE md.in_laboratorio_informatica = 1) AS com,
         COUNT(*) AS total
  FROM escola e
  JOIN microdados_ed_basica md ON e.cd_entidade = md.cd_entidade
  JOIN municipio mu ON ST_Within(e.geometry, mu.geometry)
  JOIN unidade_federativa uf ON mu.cd_uf = uf.cd_uf
  WHERE uf.nm_uf = 'Tocantins'
  GROUP BY mu.nm_mun
)
SELECT nm_mun,
       ROUND((100.0 * com / NULLIF(total, 0))::numeric, 2) AS pct,
       ROUND(AVG(100.0 * com / NULLIF(total, 0)) OVER ()::numeric, 2) AS media_uf,
       CASE WHEN 100.0 * com / NULLIF(total, 0) > AVG(100.0 * com / NULLIF(total, 0)) OVER ()
            THEN 'acima' ELSE 'abaixo' END AS situacao
FROM base
ORDER BY pct DESC;",1
V0125,Classifique os municípios de Rio de Janeiro pela proporção de escolas com biblioteca em relação à média estadual.,Muito Difícil,"WITH base AS (
  SELECT mu.nm_mun,
         COUNT(*) FILTER (WHERE md.in_biblioteca = 1) AS com,
         COUNT(*) AS total
  FROM escola e
  JOIN microdados_ed_basica md ON e.cd_entidade = md.cd_entidade
  JOIN municipio mu ON ST_Within(e.geometry, mu.geometry)
  JOIN unidade_federativa uf ON mu.cd_uf = uf.cd_uf
  WHERE uf.nm_uf = 'Rio de Janeiro'
  GROUP BY mu.nm_mun
)
SELECT nm_mun,
       ROUND((100.0 * com / NULLIF(total, 0))::numeric, 2) AS pct,
       ROUND(AVG(100.0 * com / NULLIF(total, 0)) OVER ()::numeric, 2) AS media_uf,
       CASE WHEN 100.0 * com / NULLIF(total, 0) > AVG(100.0 * com / NULLIF(total, 0)) OVER ()
            THEN 'acima' ELSE 'abaixo' END AS situacao
FROM base
ORDER BY pct DESC;",1
V0126,"Para cada município de Espírito Santo, qual a proporção de escolas com energia da rede pública e como ela se compara à média do estado?",Muito Difícil,"WITH base AS (
  SELECT mu.nm_mun,
         COUNT(*) FILTER (WHERE md.in_energia_rede_publica = 1) AS com,
         COUNT(*) AS total
  FROM escola e
  JOIN microdados_ed_basica md ON e.cd_entidade = md.cd_entidade
  JOIN municipio mu ON ST_Within(e.geometry, mu.geometry)
  JOIN unidade_federativa uf ON mu.cd_uf = uf.cd_uf
  WHERE uf.nm_uf = 'Espírito Santo'
  GROUP BY mu.nm_mun
)
SELECT nm_mun,
       ROUND((100.0 * com / NULLIF(total, 0))::numeric, 2) AS pct,
       ROUND(AVG(100.0 * com / NULLIF(total, 0)) OVER ()::numeric, 2) AS media_uf,
       CASE WHEN 100.0 * com / NULLIF(total, 0) > AVG(100.0 * com / NULLIF(total, 0)) OVER ()
            THEN 'acima' ELSE 'abaixo' END AS situacao
FROM base
ORDER BY pct DESC;",1
V0127,"A até 2 km do centro de Palmas, ordene as escolas por matrículas na educação profissional e marque as acima da média local.",Muito Difícil,"WITH proximas AS (
  SELECT e.cd_entidade, md.qt_mat_prof AS valor
  FROM escola e
  JOIN microdados_ed_basica md ON e.cd_entidade = md.cd_entidade
  WHERE ST_DWithin(e.geometry::geography, ST_SetSRID(ST_MakePoint(-48.3275, -10.1913), 4674)::geography, 2000)
)
SELECT cd_entidade, valor,
       ROUND(AVG(valor) OVER ()::numeric, 2) AS media,
       RANK() OVER (ORDER BY valor DESC) AS posicao,
       CASE WHEN valor > AVG(valor) OVER () THEN 'acima' ELSE 'abaixo' END AS faixa
FROM proximas
ORDER BY valor DESC;",1
V0128,"A até 3 km do centro de Cuiabá, ordene as escolas por matrículas na EJA e marque as acima da média local.",Muito Difícil,"WITH proximas AS (
  SELECT e.cd_entidade, md.qt_mat_eja AS valor
  FROM escola e
  JOIN microdados_ed_basica md ON e.cd_entidade = md.cd_entidade
  WHERE ST_DWithin(e.geometry::geography, ST_SetSRID(ST_MakePoint(-56.0933, -15.6104), 4674)::geography, 3000)
)
SELECT cd_entidade, valor,
       ROUND(AVG(valor) OVER ()::numeric, 2) AS media,
       RANK() OVER (ORDER BY valor DESC) AS posicao,
       CASE WHEN valor > AVG(valor) OVER () THEN 'acima' ELSE 'abaixo' END AS faixa
FROM proximas
ORDER BY valor DESC;",1
V0129,"A até 10 km do centro de Aracaju, ordene as escolas por desktops para alunos e marque as acima da média local.",Muito Difícil,"WITH proximas AS (
  SELECT e.cd_entidade, md.qt_desktop_aluno AS valor
  FROM escola e
  JOIN microdados_ed_basica md ON e.cd_entidade = md.cd_entidade
  WHERE ST_DWithin(e.geometry::geography, ST_SetSRID(ST_MakePoint(-37.0556, -10.9298), 4674)::geography, 10000)
)
SELECT cd_entidade, valor,
       ROUND(AVG(valor) OVER ()::numeric, 2) AS media,
       RANK() OVER (ORDER BY valor DESC) AS posicao,
       CASE WHEN valor > AVG(valor) OVER () THEN 'acima' ELSE 'abaixo' END AS faixa
FROM proximas
ORDER BY valor DESC;",1
V0130,"A até 6 km do centro de Campinas, ordene as escolas por matrículas no ensino médio e marque as acima da média local.",Muito Difícil,"WITH proximas AS (
  SELECT e.cd_entidade, md.qt_mat_med AS valor
  FROM escola e
  JOIN microdados_ed_basica md ON e.cd_entidade = md.cd_entidade
  WHERE ST_DWithin(e.geometry::geography, ST_SetSRID(ST_MakePoint(-47.0453, -22.9131), 4674)::geography, 6000)
)
SELECT cd_entidade, valor,
       ROUND(AVG(valor) OVER ()::numeric, 2) AS media,
       RANK() OVER (ORDER BY valor DESC) AS posicao,
       CASE WHEN valor > AVG(valor) OVER () THEN 'acima' ELSE 'abaixo' END AS faixa
FROM proximas
ORDER BY valor DESC;",1
V0131,"A até 4 km do centro de Curitiba, ordene as escolas por matrículas no ensino fundamental e marque as acima da média local.",Muito Difícil,"WITH proximas AS (
  SELECT e.cd_entidade, md.qt_mat_fund AS valor
  FROM escola e
  JOIN microdados_ed_basica md ON e.cd_entidade = md.cd_entidade
  WHERE ST_DWithin(e.geometry::geography, ST_SetSRID(ST_MakePoint(-49.2731, -25.4349), 4674)::geography, 4000)
)
SELECT cd_entidade, valor,
       ROUND(AVG(valor) OVER ()::numeric, 2) AS media,
       RANK() OVER (ORDER BY valor DESC) AS posicao,
       CASE WHEN valor > AVG(valor) OVER () THEN 'acima' ELSE 'abaixo' END AS faixa
FROM proximas
ORDER BY valor DESC;",1
V0132,"A até 5 km do centro de Manaus, ordene as escolas por turmas da educação básica e marque as acima da média local.",Muito Difícil,"WITH proximas AS (
  SELECT e.cd_entidade, md.qt_tur_bas AS valor
  FROM escola e
  JOIN microdados_ed_basica md ON e.cd_entidade = md.cd_entidade
  WHERE ST_DWithin(e.geometry::geography, ST_SetSRID(ST_MakePoint(-60.0084, -3.1122), 4674)::geography, 5000)
)
SELECT cd_entidade, valor,
       ROUND(AVG(valor) OVER ()::numeric, 2) AS media,
       RANK() OVER (ORDER BY valor DESC) AS posicao,
       CASE WHEN valor > AVG(valor) OVER () THEN 'acima' ELSE 'abaixo' END AS faixa
FROM proximas
ORDER BY valor DESC;",1
V0133,"A até 20 km do centro de Cuiabá, ordene as escolas por matrículas na educação infantil e marque as acima da média local.",Muito Difícil,"WITH proximas AS (
  SELECT e.cd_entidade, md.qt_mat_inf AS valor
  FROM escola e
  JOIN microdados_ed_basica md ON e.cd_entidade = md.cd_entidade
  WHERE ST_DWithin(e.geometry::geography, ST_SetSRID(ST_MakePoint(-56.089, -15.5823), 4674)::geography, 20000)
)
SELECT cd_entidade, valor,
       ROUND(AVG(valor) OVER ()::numeric, 2) AS media,
       RANK() OVER (ORDER BY valor DESC) AS posicao,
       CASE WHEN valor > AVG(valor) OVER () THEN 'acima' ELSE 'abaixo' END AS faixa
FROM proximas
ORDER BY valor DESC;",1
V0134,"A até 2 km do centro de Cuiabá, ordene as escolas por desktops para alunos e marque as acima da média local.",Muito Difícil,"WITH proximas AS (
  SELECT e.cd_entidade, md.qt_desktop_aluno AS valor
  FROM escola e
  JOIN microdados_ed_basica md ON e.cd_entidade = md.cd_entidade
  WHERE ST_DWithin(e.geometry::geography, ST_SetSRID(ST_MakePoint(-56.1007, -15.5831), 4674)::geography, 2000)
)
SELECT cd_entidade, valor,
       ROUND(AVG(valor) OVER ()::numeric, 2) AS media,
       RANK() OVER (ORDER BY valor DESC) AS posicao,
       CASE WHEN valor > AVG(valor) OVER () THEN 'acima' ELSE 'abaixo' END AS faixa
FROM proximas
ORDER BY valor DESC;",1
V0135,"A até 3 km do centro de Manaus, ordene as escolas por matrículas na EJA e marque as acima da média local.",Muito Difícil,"WITH proximas AS (
  SELECT e.cd_entidade, md.qt_mat_eja AS valor
  FROM escola e
  JOIN microdados_ed_basica md ON e.cd_entidade = md.cd_entidade
  WHERE ST_DWithin(e.geometry::geography, ST_SetSRID(ST_MakePoint(-60.0146, -3.0855), 4674)::geography, 3000)
)
SELECT cd_entidade, valor,
       ROUND(AVG(valor) OVER ()::numeric, 2) AS media,
       RANK() OVER (ORDER BY valor DESC) AS posicao,
       CASE WHEN valor > AVG(valor) OVER () THEN 'acima' ELSE 'abaixo' END AS faixa
FROM proximas
ORDER BY valor DESC;",1
V0136,"A até 2 km do centro de Vitória, ordene as escolas por docentes da educação básica e marque as acima da média local.",Muito Difícil,"WITH proximas AS (
  SELECT e.cd_entidade, md.qt_doc_bas AS valor
  FROM escola e
  JOIN microdados_ed_basica md ON e.cd_entidade = md.cd_entidade
  WHERE ST_DWithin(e.geometry::geography, ST_SetSRID(ST_MakePoint(-40.3317, -20.3337), 4674)::geography, 2000)
)
SELECT cd_entidade, valor,
       ROUND(AVG(valor) OVER ()::numeric, 2) AS media,
       RANK() OVER (ORDER BY valor DESC) AS posicao,
       CASE WHEN valor > AVG(valor) OVER () THEN 'acima' ELSE 'abaixo' END AS faixa
FROM proximas
ORDER BY valor DESC;",1
V0137,"A até 2 km do centro de Rio de Janeiro, ordene as escolas por matrículas no ensino fundamental e marque as acima da média local.",Muito Difícil,"WITH proximas AS (
  SELECT e.cd_entidade, md.qt_mat_fund AS valor
  FROM escola e
  JOIN microdados_ed_basica md ON e.cd_entidade = md.cd_entidade
  WHERE ST_DWithin(e.geometry::geography, ST_SetSRID(ST_MakePoint(-43.2171, -22.9217), 4674)::geography, 2000)
)
SELECT cd_entidade, valor,
       ROUND(AVG(valor) OVER ()::numeric, 2) AS media,
       RANK() OVER (ORDER BY valor DESC) AS posicao,
       CASE WHEN valor > AVG(valor) OVER () THEN 'acima' ELSE 'abaixo' END AS faixa
FROM proximas
ORDER BY valor DESC;",1
V0138,"A até 20 km do centro de Campo Grande, ordene as escolas por computadores portáteis para alunos e marque as acima da média local.",Muito Difícil,"WITH proximas AS (
  SELECT e.cd_entidade, md.qt_comp_portatil_aluno AS valor
  FROM escola e
  JOIN microdados_ed_basica md ON e.cd_entidade = md.cd_entidade
  WHERE ST_DWithin(e.geometry::geography, ST_SetSRID(ST_MakePoint(-54.6411, -20.4818), 4674)::geography, 20000)
)
SELECT cd_entidade, valor,
       ROUND(AVG(valor) OVER ()::numeric, 2) AS media,
       RANK() OVER (ORDER BY valor DESC) AS posicao,
       CASE WHEN valor > AVG(valor) OVER () THEN 'acima' ELSE 'abaixo' END AS faixa
FROM proximas
ORDER BY valor DESC;",1
V0139,"A até 10 km do centro de Recife, ordene as escolas por matrículas na educação básica e marque as acima da média local.",Muito Difícil,"WITH proximas AS (
  SELECT e.cd_entidade, md.qt_mat_bas AS valor
  FROM escola e
  JOIN microdados_ed_basica md ON e.cd_entidade = md.cd_entidade
  WHERE ST_DWithin(e.geometry::geography, ST_SetSRID(ST_MakePoint(-34.891, -8.0309), 4674)::geography, 10000)
)
SELECT cd_entidade, valor,
       ROUND(AVG(valor) OVER ()::numeric, 2) AS media,
       RANK() OVER (ORDER BY valor DESC) AS posicao,
       CASE WHEN valor > AVG(valor) OVER () THEN 'acima' ELSE 'abaixo' END AS faixa
FROM proximas
ORDER BY valor DESC;",1
V0140,"A até 6 km do centro de João Pessoa, ordene as escolas por matrículas no ensino médio e marque as acima da média local.",Muito Difícil,"WITH proximas AS (
  SELECT e.cd_entidade, md.qt_mat_med AS valor
  FROM escola e
  JOIN microdados_ed_basica md ON e.cd_entidade = md.cd_entidade
  WHERE ST_DWithin(e.geometry::geography, ST_SetSRID(ST_MakePoint(-34.8412, -7.1285), 4674)::geography, 6000)
)
SELECT cd_entidade, valor,
       ROUND(AVG(valor) OVER ()::numeric, 2) AS media,
       RANK() OVER (ORDER BY valor DESC) AS posicao,
       CASE WHEN valor > AVG(valor) OVER () THEN 'acima' ELSE 'abaixo' END AS faixa
FROM proximas
ORDER BY valor DESC;",1
V0141,"A até 10 km do centro de Belém, ordene as escolas por matrículas no ensino fundamental e marque as acima da média local.",Muito Difícil,"WITH proximas AS (
  SELECT e.cd_entidade, md.qt_mat_fund AS valor
  FROM escola e
  JOIN microdados_ed_basica md ON e.cd_entidade = md.cd_entidade
  WHERE ST_DWithin(e.geometry::geography, ST_SetSRID(ST_MakePoint(-48.5109, -1.4486), 4674)::geography, 10000)
)
SELECT cd_entidade, valor,
       ROUND(AVG(valor) OVER ()::numeric, 2) AS media,
       RANK() OVER (ORDER BY valor DESC) AS posicao,
       CASE WHEN valor > AVG(valor) OVER () THEN 'acima' ELSE 'abaixo' END AS faixa
FROM proximas
ORDER BY valor DESC;",1
V0142,"A até 15 km do centro de Palmas, ordene as escolas por matrículas no ensino médio e marque as acima da média local.",Muito Difícil,"WITH proximas AS (
  SELECT e.cd_entidade, md.qt_mat_med AS valor
  FROM escola e
  JOIN microdados_ed_basica md ON e.cd_entidade = md.cd_entidade
  WHERE ST_DWithin(e.geometry::geography, ST_SetSRID(ST_MakePoint(-48.3283, -10.1605), 4674)::geography, 15000)
)
SELECT cd_entidade, valor,
       ROUND(AVG(valor) OVER ()::numeric, 2) AS media,
       RANK() OVER (ORDER BY valor DESC) AS posicao,
       CASE WHEN valor > AVG(valor) OVER () THEN 'acima' ELSE 'abaixo' END AS faixa
FROM proximas
ORDER BY valor DESC;",1
V0143,"A até 12 km do centro de Goiânia, ordene as escolas por matrículas no ensino fundamental e marque as acima da média local.",Muito Difícil,"WITH proximas AS (
  SELECT e.cd_entidade, md.qt_mat_fund AS valor
  FROM escola e
  JOIN microdados_ed_basica md ON e.cd_entidade = md.cd_entidade
  WHERE ST_DWithin(e.geometry::geography, ST_SetSRID(ST_MakePoint(-49.239, -16.6906), 4674)::geography, 12000)
)
SELECT cd_entidade, valor,
       ROUND(AVG(valor) OVER ()::numeric, 2) AS media,
       RANK() OVER (ORDER BY valor DESC) AS posicao,
       CASE WHEN valor > AVG(valor) OVER () THEN 'acima' ELSE 'abaixo' END AS faixa
FROM proximas
ORDER BY valor DESC;",1
V0144,"A até 5 km do centro de Rio de Janeiro, ordene as escolas por matrículas na educação profissional e marque as acima da média local.",Muito Difícil,"WITH proximas AS (
  SELECT e.cd_entidade, md.qt_mat_prof AS valor
  FROM escola e
  JOIN microdados_ed_basica md ON e.cd_entidade = md.cd_entidade
  WHERE ST_DWithin(e.geometry::geography, ST_SetSRID(ST_MakePoint(-43.2189, -22.9299), 4674)::geography, 5000)
)
SELECT cd_entidade, valor,
       ROUND(AVG(valor) OVER ()::numeric, 2) AS media,
       RANK() OVER (ORDER BY valor DESC) AS posicao,
       CASE WHEN valor > AVG(valor) OVER () THEN 'acima' ELSE 'abaixo' END AS faixa
FROM proximas
ORDER BY valor DESC;",1
V0145,"A até 12 km do centro de Campinas, ordene as escolas por desktops para alunos e marque as acima da média local.",Muito Difícil,"WITH proximas AS (
  SELECT e.cd_entidade, md.qt_desktop_aluno AS valor
  FROM escola e
  JOIN microdados_ed_basica md ON e.cd_entidade = md.cd_entidade
  WHERE ST_DWithin(e.geometry::geography, ST_SetSRID(ST_MakePoint(-47.0528, -22.8963), 4674)::geography, 12000)
)
SELECT cd_entidade, valor,
       ROUND(AVG(valor) OVER ()::numeric, 2) AS media,
       RANK() OVER (ORDER BY valor DESC) AS posicao,
       CASE WHEN valor > AVG(valor) OVER () THEN 'acima' ELSE 'abaixo' END AS faixa
FROM proximas
ORDER BY valor DESC;",1
V0146,"A até 20 km do centro de Palmas, ordene as escolas por matrículas na educação infantil e marque as acima da média local.",Muito Difícil,"WITH proximas AS (
  SELECT e.cd_entidade, md.qt_mat_inf AS valor
  FROM escola e
  JOIN microdados_ed_basica md ON e.cd_entidade = md.cd_entidade
  WHERE ST_DWithin(e.geometry::geography, ST_SetSRID(ST_MakePoint(-48.3239, -10.1955), 4674)::geography, 20000)
)
SELECT cd_entidade, valor,
       ROUND(AVG(valor) OVER ()::numeric, 2) AS media,
       RANK() OVER (ORDER BY valor DESC) AS posicao,
       CASE WHEN valor > AVG(valor) OVER () THEN 'acima' ELSE 'abaixo' END AS faixa
FROM proximas
ORDER BY valor DESC;",1
V0147,"A até 15 km do centro de Vitória, ordene as escolas por matrículas na educação básica e marque as acima da média local.",Muito Difícil,"WITH proximas AS (
  SELECT e.cd_entidade, md.qt_mat_bas AS valor
  FROM escola e
  JOIN microdados_ed_basica md ON e.cd_entidade = md.cd_entidade
  WHERE ST_DWithin(e.geometry::geography, ST_SetSRID(ST_MakePoint(-40.3438, -20.3309), 4674)::geography, 15000)
)
SELECT cd_entidade, valor,
       ROUND(AVG(valor) OVER ()::numeric, 2) AS media,
       RANK() OVER (ORDER BY valor DESC) AS posicao,
       CASE WHEN valor > AVG(valor) OVER () THEN 'acima' ELSE 'abaixo' END AS faixa
FROM proximas
ORDER BY valor DESC;",1
V0148,"A até 15 km do centro de Recife, ordene as escolas por matrículas na educação infantil e marque as acima da média local.",Muito Difícil,"WITH proximas AS (
  SELECT e.cd_entidade, md.qt_mat_inf AS valor
  FROM escola e
  JOIN microdados_ed_basica md ON e.cd_entidade = md.cd_entidade
  WHERE ST_DWithin(e.geometry::geography, ST_SetSRID(ST_MakePoint(-34.8952, -8.0621), 4674)::geography, 15000)
)
SELECT cd_entidade, valor,
       ROUND(AVG(valor) OVER ()::numeric, 2) AS media,
       RANK() OVER (ORDER BY valor DESC) AS posicao,
       CASE WHEN valor > AVG(valor) OVER () THEN 'acima' ELSE 'abaixo' END AS faixa
FROM proximas
ORDER BY valor DESC;",1
V0149,"A até 2 km do centro de São Paulo, ordene as escolas por matrículas no ensino médio e marque as acima da média local.",Muito Difícil,"WITH proximas AS (
  SELECT e.cd_entidade, md.qt_mat_med AS valor
  FROM escola e
  JOIN microdados_ed_basica md ON e.cd_entidade = md.cd_entidade
  WHERE ST_DWithin(e.geometry::geography, ST_SetSRID(ST_MakePoint(-46.6383, -23.5637), 4674)::geography, 2000)
)
SELECT cd_entidade, valor,
       ROUND(AVG(valor) OVER ()::numeric, 2) AS media,
       RANK() OVER (ORDER BY valor DESC) AS posicao,
       CASE WHEN valor > AVG(valor) OVER () THEN 'acima' ELSE 'abaixo' END AS faixa
FROM proximas
ORDER BY valor DESC;",1
V0150,"A até 10 km do centro de Belo Horizonte, ordene as escolas por matrículas na educação profissional e marque as acima da média local.",Muito Difícil,"WITH proximas AS (
  SELECT e.cd_entidade, md.qt_mat_prof AS valor
  FROM escola e
  JOIN microdados_ed_basica md ON e.cd_entidade = md.cd_entidade
  WHERE ST_DWithin(e.geometry::geography, ST_SetSRID(ST_MakePoint(-43.923, -19.928), 4674)::geography, 10000)
)
SELECT cd_entidade, valor,
       ROUND(AVG(valor) OVER ()::numeric, 2) AS media,
       RANK() OVER (ORDER BY valor DESC) AS posicao,
       CASE WHEN valor > AVG(valor) OVER () THEN 'acima' ELSE 'abaixo' END AS faixa
FROM proximas
ORDER BY valor DESC;",1
V0151,"A até 3 km do centro de Natal, ordene as escolas por desktops para alunos e marque as acima da média local.",Muito Difícil,"WITH proximas AS (
  SELECT e.cd_entidade, md.qt_desktop_aluno AS valor
  FROM escola e
  JOIN microdados_ed_basica md ON e.cd_entidade = md.cd_entidade
  WHERE ST_DWithin(e.geometry::geography, ST_SetSRID(ST_MakePoint(-35.2011, -5.791), 4674)::geography, 3000)
)
SELECT cd_entidade, valor,
       ROUND(AVG(valor) OVER ()::numeric, 2) AS media,
       RANK() OVER (ORDER BY valor DESC) AS posicao,
       CASE WHEN valor > AVG(valor) OVER () THEN 'acima' ELSE 'abaixo' END AS faixa
FROM proximas
ORDER BY valor DESC;",1
V0152,"A até 4 km do centro de Porto Alegre, ordene as escolas por matrículas na educação profissional e marque as acima da média local.",Muito Difícil,"WITH proximas AS (
  SELECT e.cd_entidade, md.qt_mat_prof AS valor
  FROM escola e
  JOIN microdados_ed_basica md ON e.cd_entidade = md.cd_entidade
  WHERE ST_DWithin(e.geometry::geography, ST_SetSRID(ST_MakePoint(-51.2464, -30.0183), 4674)::geography, 4000)
)
SELECT cd_entidade, valor,
       ROUND(AVG(valor) OVER ()::numeric, 2) AS media,
       RANK() OVER (ORDER BY valor DESC) AS posicao,
       CASE WHEN valor > AVG(valor) OVER () THEN 'acima' ELSE 'abaixo' END AS faixa
FROM proximas
ORDER BY valor DESC;",1
V0153,"A até 20 km do centro de Recife, ordene as escolas por turmas da educação básica e marque as acima da média local.",Muito Difícil,"WITH proximas AS (
  SELECT e.cd_entidade, md.qt_tur_bas AS valor
  FROM escola e
  JOIN microdados_ed_basica md ON e.cd_entidade = md.cd_entidade
  WHERE ST_DWithin(e.geometry::geography, ST_SetSRID(ST_MakePoint(-34.8618, -8.0447), 4674)::geography, 20000)
)
SELECT cd_entidade, valor,
       ROUND(AVG(valor) OVER ()::numeric, 2) AS media,
       RANK() OVER (ORDER BY valor DESC) AS posicao,
       CASE WHEN valor > AVG(valor) OVER () THEN 'acima' ELSE 'abaixo' END AS faixa
FROM proximas
ORDER BY valor DESC;",1
V0154,"A até 8 km do centro de Manaus, ordene as escolas por salas de aula utilizadas e marque as acima da média local.",Muito Difícil,"WITH proximas AS (
  SELECT e.cd_entidade, md.qt_salas_utilizadas AS valor
  FROM escola e
  JOIN microdados_ed_basica md ON e.cd_entidade = md.cd_entidade
  WHERE ST_DWithin(e.geometry::geography, ST_SetSRID(ST_MakePoint(-60.0133, -3.1129), 4674)::geography, 8000)
)
SELECT cd_entidade, valor,
       ROUND(AVG(valor) OVER ()::numeric, 2) AS media,
       RANK() OVER (ORDER BY valor DESC) AS posicao,
       CASE WHEN valor > AVG(valor) OVER () THEN 'acima' ELSE 'abaixo' END AS faixa
FROM proximas
ORDER BY valor DESC;",1
V0155,"Em Tocantins, ordene os municípios por densidade de escolas por km² e compare com a média estadual.",Muito Difícil,"WITH dens AS (
  SELECT mu.nm_mun,
         COUNT(e.cd_entidade) / (ST_Area(ST_Transform(mu.geometry, 5880)) / 1e6) AS d
  FROM municipio mu
  JOIN unidade_federativa uf ON mu.cd_uf = uf.cd_uf
  JOIN escola e ON ST_Contains(mu.geometry, e.geometry)
  WHERE uf.nm_uf = 'Tocantins'
  GROUP BY mu.nm_mun, mu.geometry
)
SELECT nm_mun, ROUND(d::numeric, 4) AS densidade,
       ROUND(AVG(d) OVER ()::numeric, 4) AS media_uf,
       RANK() OVER (ORDER BY d DESC) AS posicao
FROM dens
ORDER BY d DESC;",1
V0156,"Em Amapá, ordene os municípios por densidade de escolas por km² e compare com a média estadual.",Muito Difícil,"WITH dens AS (
  SELECT mu.nm_mun,
         COUNT(e.cd_entidade) / (ST_Area(ST_Transform(mu.geometry, 5880)) / 1e6) AS d
  FROM municipio mu
  JOIN unidade_federativa uf ON mu.cd_uf = uf.cd_uf
  JOIN escola e ON ST_Contains(mu.geometry, e.geometry)
  WHERE uf.nm_uf = 'Amapá'
  GROUP BY mu.nm_mun, mu.geometry
)
SELECT nm_mun, ROUND(d::numeric, 4) AS densidade,
       ROUND(AVG(d) OVER ()::numeric, 4) AS media_uf,
       RANK() OVER (ORDER BY d DESC) AS posicao
FROM dens
ORDER BY d DESC;",1
V0157,"Em Santa Catarina, ordene os municípios por densidade de escolas por km² e compare com a média estadual.",Muito Difícil,"WITH dens AS (
  SELECT mu.nm_mun,
         COUNT(e.cd_entidade) / (ST_Area(ST_Transform(mu.geometry, 5880)) / 1e6) AS d
  FROM municipio mu
  JOIN unidade_federativa uf ON mu.cd_uf = uf.cd_uf
  JOIN escola e ON ST_Contains(mu.geometry, e.geometry)
  WHERE uf.nm_uf = 'Santa Catarina'
  GROUP BY mu.nm_mun, mu.geometry
)
SELECT nm_mun, ROUND(d::numeric, 4) AS densidade,
       ROUND(AVG(d) OVER ()::numeric, 4) AS media_uf,
       RANK() OVER (ORDER BY d DESC) AS posicao
FROM dens
ORDER BY d DESC;",1
V0158,"Em Mato Grosso, ordene os municípios por densidade de escolas por km² e compare com a média estadual.",Muito Difícil,"WITH dens AS (
  SELECT mu.nm_mun,
         COUNT(e.cd_entidade) / (ST_Area(ST_Transform(mu.geometry, 5880)) / 1e6) AS d
  FROM municipio mu
  JOIN unidade_federativa uf ON mu.cd_uf = uf.cd_uf
  JOIN escola e ON ST_Contains(mu.geometry, e.geometry)
  WHERE uf.nm_uf = 'Mato Grosso'
  GROUP BY mu.nm_mun, mu.geometry
)
SELECT nm_mun, ROUND(d::numeric, 4) AS densidade,
       ROUND(AVG(d) OVER ()::numeric, 4) AS media_uf,
       RANK() OVER (ORDER BY d DESC) AS posicao
FROM dens
ORDER BY d DESC;",1
V0159,"Em Rio Grande do Norte, ordene os municípios por densidade de escolas por km² e compare com a média estadual.",Muito Difícil,"WITH dens AS (
  SELECT mu.nm_mun,
         COUNT(e.cd_entidade) / (ST_Area(ST_Transform(mu.geometry, 5880)) / 1e6) AS d
  FROM municipio mu
  JOIN unidade_federativa uf ON mu.cd_uf = uf.cd_uf
  JOIN escola e ON ST_Contains(mu.geometry, e.geometry)
  WHERE uf.nm_uf = 'Rio Grande do Norte'
  GROUP BY mu.nm_mun, mu.geometry
)
SELECT nm_mun, ROUND(d::numeric, 4) AS densidade,
       ROUND(AVG(d) OVER ()::numeric, 4) AS media_uf,
       RANK() OVER (ORDER BY d DESC) AS posicao
FROM dens
ORDER BY d DESC;",1
V0160,"Em Goiás, ordene os municípios por densidade de escolas por km² e compare com a média estadual.",Muito Difícil,"WITH dens AS (
  SELECT mu.nm_mun,
         COUNT(e.cd_entidade) / (ST_Area(ST_Transform(mu.geometry, 5880)) / 1e6) AS d
  FROM municipio mu
  JOIN unidade_federativa uf ON mu.cd_uf = uf.cd_uf
  JOIN escola e ON ST_Contains(mu.geometry, e.geometry)
  WHERE uf.nm_uf = 'Goiás'
  GROUP BY mu.nm_mun, mu.geometry
)
SELECT nm_mun, ROUND(d::numeric, 4) AS densidade,
       ROUND(AVG(d) OVER ()::numeric, 4) AS media_uf,
       RANK() OVER (ORDER BY d DESC) AS posicao
FROM dens
ORDER BY d DESC;",1
V0161,"Em Maranhão, ordene os municípios por densidade de escolas por km² e compare com a média estadual.",Muito Difícil,"WITH dens AS (
  SELECT mu.nm_mun,
         COUNT(e.cd_entidade) / (ST_Area(ST_Transform(mu.geometry, 5880)) / 1e6) AS d
  FROM municipio mu
  JOIN unidade_federativa uf ON mu.cd_uf = uf.cd_uf
  JOIN escola e ON ST_Contains(mu.geometry, e.geometry)
  WHERE uf.nm_uf = 'Maranhão'
  GROUP BY mu.nm_mun, mu.geometry
)
SELECT nm_mun, ROUND(d::numeric, 4) AS densidade,
       ROUND(AVG(d) OVER ()::numeric, 4) AS media_uf,
       RANK() OVER (ORDER BY d DESC) AS posicao
FROM dens
ORDER BY d DESC;",1
V0162,"Em Espírito Santo, ordene os municípios por densidade de escolas por km² e compare com a média estadual.",Muito Difícil,"WITH dens AS (
  SELECT mu.nm_mun,
         COUNT(e.cd_entidade) / (ST_Area(ST_Transform(mu.geometry, 5880)) / 1e6) AS d
  FROM municipio mu
  JOIN unidade_federativa uf ON mu.cd_uf = uf.cd_uf
  JOIN escola e ON ST_Contains(mu.geometry, e.geometry)
  WHERE uf.nm_uf = 'Espírito Santo'
  GROUP BY mu.nm_mun, mu.geometry
)
SELECT nm_mun, ROUND(d::numeric, 4) AS densidade,
       ROUND(AVG(d) OVER ()::numeric, 4) AS media_uf,
       RANK() OVER (ORDER BY d DESC) AS posicao
FROM dens
ORDER BY d DESC;",1
V0163,"Em Mato Grosso do Sul, ordene os municípios por densidade de escolas por km² e compare com a média estadual.",Muito Difícil,"WITH dens AS (
  SELECT mu.nm_mun,
         COUNT(e.cd_entidade) / (ST_Area(ST_Transform(mu.geometry, 5880)) / 1e6) AS d
  FROM municipio mu
  JOIN unidade_federativa uf ON mu.cd_uf = uf.cd_uf
  JOIN escola e ON ST_Contains(mu.geometry, e.geometry)
  WHERE uf.nm_uf = 'Mato Grosso do Sul'
  GROUP BY mu.nm_mun, mu.geometry
)
SELECT nm_mun, ROUND(d::numeric, 4) AS densidade,
       ROUND(AVG(d) OVER ()::numeric, 4) AS media_uf,
       RANK() OVER (ORDER BY d DESC) AS posicao
FROM dens
ORDER BY d DESC;",1
V0164,"Em Bahia, ordene os municípios por densidade de escolas por km² e compare com a média estadual.",Muito Difícil,"WITH dens AS (
  SELECT mu.nm_mun,
         COUNT(e.cd_entidade) / (ST_Area(ST_Transform(mu.geometry, 5880)) / 1e6) AS d
  FROM municipio mu
  JOIN unidade_federativa uf ON mu.cd_uf = uf.cd_uf
  JOIN escola e ON ST_Contains(mu.geometry, e.geometry)
  WHERE uf.nm_uf = 'Bahia'
  GROUP BY mu.nm_mun, mu.geometry
)
SELECT nm_mun, ROUND(d::numeric, 4) AS densidade,
       ROUND(AVG(d) OVER ()::numeric, 4) AS media_uf,
       RANK() OVER (ORDER BY d DESC) AS posicao
FROM dens
ORDER BY d DESC;",1
V0165,"Em Rondônia, ordene os municípios por densidade de escolas por km² e compare com a média estadual.",Muito Difícil,"WITH dens AS (
  SELECT mu.nm_mun,
         COUNT(e.cd_entidade) / (ST_Area(ST_Transform(mu.geometry, 5880)) / 1e6) AS d
  FROM municipio mu
  JOIN unidade_federativa uf ON mu.cd_uf = uf.cd_uf
  JOIN escola e ON ST_Contains(mu.geometry, e.geometry)
  WHERE uf.nm_uf = 'Rondônia'
  GROUP BY mu.nm_mun, mu.geometry
)
SELECT nm_mun, ROUND(d::numeric, 4) AS densidade,
       ROUND(AVG(d) OVER ()::numeric, 4) AS media_uf,
       RANK() OVER (ORDER BY d DESC) AS posicao
FROM dens
ORDER BY d DESC;",1
V0166,"Em Alagoas, ordene os municípios por densidade de escolas por km² e compare com a média estadual.",Muito Difícil,"WITH dens AS (
  SELECT mu.nm_mun,
         COUNT(e.cd_entidade) / (ST_Area(ST_Transform(mu.geometry, 5880)) / 1e6) AS d
  FROM municipio mu
  JOIN unidade_federativa uf ON mu.cd_uf = uf.cd_uf
  JOIN escola e ON ST_Contains(mu.geometry, e.geometry)
  WHERE uf.nm_uf = 'Alagoas'
  GROUP BY mu.nm_mun, mu.geometry
)
SELECT nm_mun, ROUND(d::numeric, 4) AS densidade,
       ROUND(AVG(d) OVER ()::numeric, 4) AS media_uf,
       RANK() OVER (ORDER BY d DESC) AS posicao
FROM dens
ORDER BY d DESC;",1
V0167,"Em Amazonas, ordene os municípios por densidade de escolas por km² e compare com a média estadual.",Muito Difícil,"WITH dens AS (
  SELECT mu.nm_mun,
         COUNT(e.cd_entidade) / (ST_Area(ST_Transform(mu.geometry, 5880)) / 1e6) AS d
  FROM municipio mu
  JOIN unidade_federativa uf ON mu.cd_uf = uf.cd_uf
  JOIN escola e ON ST_Contains(mu.geometry, e.geometry)
  WHERE uf.nm_uf = 'Amazonas'
  GROUP BY mu.nm_mun, mu.geometry
)
SELECT nm_mun, ROUND(d::numeric, 4) AS densidade,
       ROUND(AVG(d) OVER ()::numeric, 4) AS media_uf,
       RANK() OVER (ORDER BY d DESC) AS posicao
FROM dens
ORDER BY d DESC;",1
V0168,"Em Sergipe, ordene os municípios por densidade de escolas por km² e compare com a média estadual.",Muito Difícil,"WITH dens AS (
  SELECT mu.nm_mun,
         COUNT(e.cd_entidade) / (ST_Area(ST_Transform(mu.geometry, 5880)) / 1e6) AS d
  FROM municipio mu
  JOIN unidade_federativa uf ON mu.cd_uf = uf.cd_uf
  JOIN escola e ON ST_Contains(mu.geometry, e.geometry)
  WHERE uf.nm_uf = 'Sergipe'
  GROUP BY mu.nm_mun, mu.geometry
)
SELECT nm_mun, ROUND(d::numeric, 4) AS densidade,
       ROUND(AVG(d) OVER ()::numeric, 4) AS media_uf,
       RANK() OVER (ORDER BY d DESC) AS posicao
FROM dens
ORDER BY d DESC;",1
FT0001,Quais escolas de Campinas estão a até 10 km do centro do município?,Fácil,"SELECT e.nm_entidade
FROM escola e
JOIN municipio mu ON ST_Contains(mu.geometry, e.geometry)
WHERE mu.nm_mun = 'Campinas'
  AND ST_DWithin(e.geometry::geography, ST_Centroid(mu.geometry)::geography, 10000);",0
FT0002,Quais escolas de Recife estão a até 10 km do centro do município?,Fácil,"SELECT e.nm_entidade
FROM escola e
JOIN municipio mu ON ST_Contains(mu.geometry, e.geometry)
WHERE mu.nm_mun = 'Recife'
  AND ST_DWithin(e.geometry::geography, ST_Centroid(mu.geometry)::geography, 10000);",0
FT0003,Quais escolas de Salvador estão a até 20 km do centro do município?,Fácil,"SELECT e.nm_entidade
FROM escola e
JOIN municipio mu ON ST_Contains(mu.geometry, e.geometry)
WHERE mu.nm_mun = 'Salvador'
  AND ST_DWithin(e.geometry::geography, ST_Centroid(mu.geometry)::geography, 20000);",0
FT0004,Quais escolas de Florianópolis estão a até 15 km do centro do município?,Fácil,"SELECT e.nm_entidade
FROM escola e
JOIN municipio mu ON ST_Contains(mu.geometry, e.geometry)
WHERE mu.nm_mun = 'Florianópolis'
  AND ST_DWithin(e.geometry::geography, ST_Centroid(mu.geometry)::geography, 15000);",0
FT0005,Quais escolas de Aracaju estão a até 10 km do centro do município?,Fácil,"SELECT e.nm_entidade
FROM escola e
JOIN municipio mu ON ST_Contains(mu.geometry, e.geometry)
WHERE mu.nm_mun = 'Aracaju'
  AND ST_DWithin(e.geometry::geography, ST_Centroid(mu.geometry)::geography, 10000);",0
FT0006,Quais escolas de Salvador estão a até 2 km do centro do município?,Fácil,"SELECT e.nm_entidade
FROM escola e
JOIN municipio mu ON ST_Contains(mu.geometry, e.geometry)
WHERE mu.nm_mun = 'Salvador'
  AND ST_DWithin(e.geometry::geography, ST_Centroid(mu.geometry)::geography, 2000);",0
FT0007,Liste as escolas mais próximas do centro de Belo Horizonte com a distância em metros (as 50 primeiras).,Fácil,"SELECT e.nm_entidade,
       ROUND(ST_Distance(e.geometry::geography, ST_SetSRID(ST_MakePoint(-43.9361, -19.9052), 4674)::geography)::numeric, 2) AS dist_m
FROM escola e
JOIN microdados_ed_basica md ON e.cd_entidade = md.cd_entidade
ORDER BY dist_m ASC
LIMIT 50;",0
FT0008,Liste as escolas mais próximas do centro de Fortaleza com a distância em metros (as 40 primeiras).,Fácil,"SELECT e.nm_entidade,
       ROUND(ST_Distance(e.geometry::geography, ST_SetSRID(ST_MakePoint(-38.5516, -3.7416), 4674)::geography)::numeric, 2) AS dist_m
FROM escola e
JOIN microdados_ed_basica md ON e.cd_entidade = md.cd_entidade
ORDER BY dist_m ASC
LIMIT 40;",0
FT0009,"Quais as 50 escolas mais próximas da coordenada central de Uberlândia, com a distância em metros?",Fácil,"SELECT e.nm_entidade,
       ROUND(ST_Distance(e.geometry::geography, ST_SetSRID(ST_MakePoint(-48.2892, -18.9363), 4674)::geography)::numeric, 2) AS dist_m
FROM escola e
JOIN microdados_ed_basica md ON e.cd_entidade = md.cd_entidade
ORDER BY dist_m ASC
LIMIT 50;",0
FT0010,Liste as escolas mais próximas do centro de São Paulo com a distância em metros (as 20 primeiras).,Fácil,"SELECT e.nm_entidade,
       ROUND(ST_Distance(e.geometry::geography, ST_SetSRID(ST_MakePoint(-46.6266, -23.5354), 4674)::geography)::numeric, 2) AS dist_m
FROM escola e
JOIN microdados_ed_basica md ON e.cd_entidade = md.cd_entidade
ORDER BY dist_m ASC
LIMIT 20;",0
FT0011,"Quais as 20 escolas mais próximas da coordenada central de São Paulo, com a distância em metros?",Fácil,"SELECT e.nm_entidade,
       ROUND(ST_Distance(e.geometry::geography, ST_SetSRID(ST_MakePoint(-46.6456, -23.5596), 4674)::geography)::numeric, 2) AS dist_m
FROM escola e
JOIN microdados_ed_basica md ON e.cd_entidade = md.cd_entidade
ORDER BY dist_m ASC
LIMIT 20;",0
FT0012,Liste as escolas mais próximas do centro de Aracaju com a distância em metros (as 30 primeiras).,Fácil,"SELECT e.nm_entidade,
       ROUND(ST_Distance(e.geometry::geography, ST_SetSRID(ST_MakePoint(-37.0775, -10.9246), 4674)::geography)::numeric, 2) AS dist_m
FROM escola e
JOIN microdados_ed_basica md ON e.cd_entidade = md.cd_entidade
ORDER BY dist_m ASC
LIMIT 30;",0
FT0013,Liste escolas a no máximo 6 km de um CRAS em Porto Alegre.,Fácil,"SELECT e.nm_entidade
FROM escola e
JOIN cras c ON ST_DWithin(e.geometry::geography, c.geometry::geography, 6000)
WHERE c.nm_mun = 'Porto Alegre';",0
FT0014,Quais escolas estão a até 2 km de algum CRAS no município de Campo Grande?,Fácil,"SELECT e.nm_entidade
FROM escola e
JOIN cras c ON ST_DWithin(e.geometry::geography, c.geometry::geography, 2000)
WHERE c.nm_mun = 'Campo Grande';",0
FT0015,Quais escolas estão a até 20 km de algum CRAS no município de Campo Grande?,Fácil,"SELECT e.nm_entidade
FROM escola e
JOIN cras c ON ST_DWithin(e.geometry::geography, c.geometry::geography, 20000)
WHERE c.nm_mun = 'Campo Grande';",0
FT0016,Quais escolas estão a até 20 km de algum CREAS no município de Porto Alegre?,Fácil,"SELECT e.nm_entidade
FROM escola e
JOIN creas cr ON ST_DWithin(e.geometry::geography, cr.geometry::geography, 20000)
WHERE cr.nm_mun = 'Porto Alegre';",0
FT0017,Liste escolas a no máximo 10 km de um CREAS em Belém.,Fácil,"SELECT e.nm_entidade
FROM escola e
JOIN creas cr ON ST_DWithin(e.geometry::geography, cr.geometry::geography, 10000)
WHERE cr.nm_mun = 'Belém';",0
FT0018,Liste escolas a no máximo 5 km de um CREAS em São Luís.,Fácil,"SELECT e.nm_entidade
FROM escola e
JOIN creas cr ON ST_DWithin(e.geometry::geography, cr.geometry::geography, 5000)
WHERE cr.nm_mun = 'São Luís';",0
FT0019,Qual a área aproximada (km²) da região central do município de Cuiabá?,Fácil,"SELECT mu.nm_mun, ROUND((ST_Area(ST_Transform(ST_Intersection(mu.geometry, ST_Buffer(ST_Centroid(mu.geometry), 0.1)), 5880)) / 1e6)::numeric, 2) AS area_inter_km2
FROM municipio mu
WHERE mu.nm_mun = 'Cuiabá';",0
FT0020,Qual a área aproximada (km²) da região central do município de São Luís?,Fácil,"SELECT mu.nm_mun, ROUND((ST_Area(ST_Transform(ST_Intersection(mu.geometry, ST_Buffer(ST_Centroid(mu.geometry), 0.1)), 5880)) / 1e6)::numeric, 2) AS area_inter_km2
FROM municipio mu
WHERE mu.nm_mun = 'São Luís';",0
FT0021,Qual a área aproximada (km²) da região central do município de Curitiba?,Fácil,"SELECT mu.nm_mun, ROUND((ST_Area(ST_Transform(ST_Intersection(mu.geometry, ST_Buffer(ST_Centroid(mu.geometry), 0.1)), 5880)) / 1e6)::numeric, 2) AS area_inter_km2
FROM municipio mu
WHERE mu.nm_mun = 'Curitiba';",0
FT0022,Qual a área aproximada (km²) da região central do município de Teresina?,Fácil,"SELECT mu.nm_mun, ROUND((ST_Area(ST_Transform(ST_Intersection(mu.geometry, ST_Buffer(ST_Centroid(mu.geometry), 0.1)), 5880)) / 1e6)::numeric, 2) AS area_inter_km2
FROM municipio mu
WHERE mu.nm_mun = 'Teresina';",0
FT0023,Qual a área aproximada (km²) da região central do município de Contagem?,Fácil,"SELECT mu.nm_mun, ROUND((ST_Area(ST_Transform(ST_Intersection(mu.geometry, ST_Buffer(ST_Centroid(mu.geometry), 0.1)), 5880)) / 1e6)::numeric, 2) AS area_inter_km2
FROM municipio mu
WHERE mu.nm_mun = 'Contagem';",0
FT0024,Qual a área aproximada (km²) da região central do município de Campinas?,Fácil,"SELECT mu.nm_mun, ROUND((ST_Area(ST_Transform(ST_Intersection(mu.geometry, ST_Buffer(ST_Centroid(mu.geometry), 0.1)), 5880)) / 1e6)::numeric, 2) AS area_inter_km2
FROM municipio mu
WHERE mu.nm_mun = 'Campinas';",0
FT0025,Quais escolas estão a até 6 km do centro de Natal?,Fácil,"SELECT e.nm_entidade
FROM escola e
WHERE ST_Intersects(ST_Buffer(ST_SetSRID(ST_MakePoint(-35.2056, -5.7777), 4674)::geography, 6000), e.geometry::geography);",0
FT0026,Quais escolas estão a até 8 km do centro de Campinas?,Fácil,"SELECT e.nm_entidade
FROM escola e
WHERE ST_Intersects(ST_Buffer(ST_SetSRID(ST_MakePoint(-47.0675, -22.9286), 4674)::geography, 8000), e.geometry::geography);",0
FT0027,Quais escolas estão a até 8 km do centro de Aracaju?,Fácil,"SELECT e.nm_entidade
FROM escola e
WHERE ST_Intersects(ST_Buffer(ST_SetSRID(ST_MakePoint(-37.0683, -10.9176), 4674)::geography, 8000), e.geometry::geography);",0
FT0028,Quais escolas estão a até 2 km do centro de Aracaju?,Fácil,"SELECT e.nm_entidade
FROM escola e
WHERE ST_Intersects(ST_Buffer(ST_SetSRID(ST_MakePoint(-37.0586, -10.9179), 4674)::geography, 2000), e.geometry::geography);",0
FT0029,Quais escolas estão a até 20 km do centro de Aracaju?,Fácil,"SELECT e.nm_entidade
FROM escola e
WHERE ST_Intersects(ST_Buffer(ST_SetSRID(ST_MakePoint(-37.0654, -10.9139), 4674)::geography, 20000), e.geometry::geography);",0
FT0030,Quais escolas estão a até 15 km do centro de Goiânia?,Fácil,"SELECT e.nm_entidade
FROM escola e
WHERE ST_Intersects(ST_Buffer(ST_SetSRID(ST_MakePoint(-49.2365, -16.6831), 4674)::geography, 15000), e.geometry::geography);",0
FT0031,Quais municípios de São Paulo têm área menor ou igual a 120 km²?,Fácil,"SELECT mu.nm_mun, ROUND((ST_Area(ST_Transform(mu.geometry, 5880)) / 1e6)::numeric, 2) AS area_km2
FROM municipio mu
JOIN unidade_federativa uf ON mu.cd_uf = uf.cd_uf
WHERE uf.nm_uf = 'São Paulo' AND ST_Area(ST_Transform(mu.geometry, 5880)) / 1e6 <= 120
ORDER BY area_km2;",0
FT0032,Quais municípios de Rio Grande do Norte têm área menor ou igual a 300 km²?,Fácil,"SELECT mu.nm_mun, ROUND((ST_Area(ST_Transform(mu.geometry, 5880)) / 1e6)::numeric, 2) AS area_km2
FROM municipio mu
JOIN unidade_federativa uf ON mu.cd_uf = uf.cd_uf
WHERE uf.nm_uf = 'Rio Grande do Norte' AND ST_Area(ST_Transform(mu.geometry, 5880)) / 1e6 <= 300
ORDER BY area_km2;",0
FT0033,Quais municípios de Paraná têm área menor ou igual a 150 km²?,Fácil,"SELECT mu.nm_mun, ROUND((ST_Area(ST_Transform(mu.geometry, 5880)) / 1e6)::numeric, 2) AS area_km2
FROM municipio mu
JOIN unidade_federativa uf ON mu.cd_uf = uf.cd_uf
WHERE uf.nm_uf = 'Paraná' AND ST_Area(ST_Transform(mu.geometry, 5880)) / 1e6 <= 150
ORDER BY area_km2;",0
FT0034,Quais municípios de Mato Grosso do Sul têm área menor ou igual a 200 km²?,Fácil,"SELECT mu.nm_mun, ROUND((ST_Area(ST_Transform(mu.geometry, 5880)) / 1e6)::numeric, 2) AS area_km2
FROM municipio mu
JOIN unidade_federativa uf ON mu.cd_uf = uf.cd_uf
WHERE uf.nm_uf = 'Mato Grosso do Sul' AND ST_Area(ST_Transform(mu.geometry, 5880)) / 1e6 <= 200
ORDER BY area_km2;",0
FT0035,Quais municípios de Goiás têm área menor ou igual a 150 km²?,Fácil,"SELECT mu.nm_mun, ROUND((ST_Area(ST_Transform(mu.geometry, 5880)) / 1e6)::numeric, 2) AS area_km2
FROM municipio mu
JOIN unidade_federativa uf ON mu.cd_uf = uf.cd_uf
WHERE uf.nm_uf = 'Goiás' AND ST_Area(ST_Transform(mu.geometry, 5880)) / 1e6 <= 150
ORDER BY area_km2;",0
FT0036,Quais municípios de Santa Catarina têm área menor ou igual a 100 km²?,Fácil,"SELECT mu.nm_mun, ROUND((ST_Area(ST_Transform(mu.geometry, 5880)) / 1e6)::numeric, 2) AS area_km2
FROM municipio mu
JOIN unidade_federativa uf ON mu.cd_uf = uf.cd_uf
WHERE uf.nm_uf = 'Santa Catarina' AND ST_Area(ST_Transform(mu.geometry, 5880)) / 1e6 <= 100
ORDER BY area_km2;",0
FT0037,Liste as escolas localizadas no município de Maceió.,Fácil,"SELECT e.nm_entidade, e.cd_uf
FROM escola e
JOIN municipio mu ON ST_Contains(mu.geometry, e.geometry)
WHERE mu.nm_mun = 'Maceió';",0
FT0038,Quais escolas estão localizadas no município de Belém?,Fácil,"SELECT e.nm_entidade, e.cd_uf
FROM escola e
JOIN municipio mu ON ST_Contains(mu.geometry, e.geometry)
WHERE mu.nm_mun = 'Belém';",0
FT0039,Liste as escolas localizadas no município de Teresina.,Fácil,"SELECT e.nm_entidade, e.cd_uf
FROM escola e
JOIN municipio mu ON ST_Contains(mu.geometry, e.geometry)
WHERE mu.nm_mun = 'Teresina';",0
FT0040,Quais escolas estão localizadas no município de Curitiba?,Fácil,"SELECT e.nm_entidade, e.cd_uf
FROM escola e
JOIN municipio mu ON ST_Contains(mu.geometry, e.geometry)
WHERE mu.nm_mun = 'Curitiba';",0
FT0041,Quais escolas estão localizadas no município de Salvador?,Fácil,"SELECT e.nm_entidade, e.cd_uf
FROM escola e
JOIN municipio mu ON ST_Contains(mu.geometry, e.geometry)
WHERE mu.nm_mun = 'Salvador';",0
FT0042,Liste as escolas localizadas no município de Belo Horizonte.,Fácil,"SELECT e.nm_entidade, e.cd_uf
FROM escola e
JOIN municipio mu ON ST_Contains(mu.geometry, e.geometry)
WHERE mu.nm_mun = 'Belo Horizonte';",0
FT0043,Quais escolas estão no território do município de Vitória?,Fácil,"SELECT e.nm_entidade, e.cd_uf
FROM escola e
JOIN municipio mu ON ST_Intersects(mu.geometry, e.geometry)
WHERE mu.nm_mun = 'Vitória';",0
FT0044,Liste as escolas no território do município de Maceió.,Fácil,"SELECT e.nm_entidade, e.cd_uf
FROM escola e
JOIN municipio mu ON ST_Intersects(mu.geometry, e.geometry)
WHERE mu.nm_mun = 'Maceió';",0
FT0045,Quais escolas estão no território do município de Campinas?,Fácil,"SELECT e.nm_entidade, e.cd_uf
FROM escola e
JOIN municipio mu ON ST_Intersects(mu.geometry, e.geometry)
WHERE mu.nm_mun = 'Campinas';",0
FT0046,Liste as escolas no território do município de Teresina.,Fácil,"SELECT e.nm_entidade, e.cd_uf
FROM escola e
JOIN municipio mu ON ST_Intersects(mu.geometry, e.geometry)
WHERE mu.nm_mun = 'Teresina';",0
FT0047,Quais escolas estão no território do município de João Pessoa?,Fácil,"SELECT e.nm_entidade, e.cd_uf
FROM escola e
JOIN municipio mu ON ST_Intersects(mu.geometry, e.geometry)
WHERE mu.nm_mun = 'João Pessoa';",0
FT0048,Liste as escolas no território do município de Palmas.,Fácil,"SELECT e.nm_entidade, e.cd_uf
FROM escola e
JOIN municipio mu ON ST_Intersects(mu.geometry, e.geometry)
WHERE mu.nm_mun = 'Palmas';",0
FT0049,Quais escolas estão dentro do município de Maceió?,Fácil,"SELECT e.nm_entidade, e.cd_uf
FROM escola e
JOIN municipio mu ON ST_Within(e.geometry, mu.geometry)
WHERE mu.nm_mun = 'Maceió';",0
FT0050,Quais escolas estão dentro do município de Curitiba?,Fácil,"SELECT e.nm_entidade, e.cd_uf
FROM escola e
JOIN municipio mu ON ST_Within(e.geometry, mu.geometry)
WHERE mu.nm_mun = 'Curitiba';",0
FT0051,Liste as escolas dentro do município de Teresina.,Fácil,"SELECT e.nm_entidade, e.cd_uf
FROM escola e
JOIN municipio mu ON ST_Within(e.geometry, mu.geometry)
WHERE mu.nm_mun = 'Teresina';",0
FT0052,Liste as escolas dentro do município de Salvador.,Fácil,"SELECT e.nm_entidade, e.cd_uf
FROM escola e
JOIN municipio mu ON ST_Within(e.geometry, mu.geometry)
WHERE mu.nm_mun = 'Salvador';",0
FT0053,Liste as escolas dentro do município de Rio de Janeiro.,Fácil,"SELECT e.nm_entidade, e.cd_uf
FROM escola e
JOIN municipio mu ON ST_Within(e.geometry, mu.geometry)
WHERE mu.nm_mun = 'Rio de Janeiro';",0
FT0054,Quais escolas estão dentro do município de Contagem?,Fácil,"SELECT e.nm_entidade, e.cd_uf
FROM escola e
JOIN municipio mu ON ST_Within(e.geometry, mu.geometry)
WHERE mu.nm_mun = 'Contagem';",0
FT0055,Liste as escolas a no máximo 4 km do centro de Rio de Janeiro.,Fácil,"SELECT e.nm_entidade
FROM escola e
JOIN microdados_ed_basica md ON e.cd_entidade = md.cd_entidade
WHERE ST_DWithin(e.geometry::geography, ST_SetSRID(ST_MakePoint(-43.2124, -22.8987), 4674)::geography, 4000);",0
FT0056,Liste as escolas a no máximo 20 km do centro de Goiânia.,Fácil,"SELECT e.nm_entidade
FROM escola e
JOIN microdados_ed_basica md ON e.cd_entidade = md.cd_entidade
WHERE ST_DWithin(e.geometry::geography, ST_SetSRID(ST_MakePoint(-49.2653, -16.685), 4674)::geography, 20000);",0
FT0057,Liste as escolas a no máximo 5 km do centro de Belém.,Fácil,"SELECT e.nm_entidade
FROM escola e
JOIN microdados_ed_basica md ON e.cd_entidade = md.cd_entidade
WHERE ST_DWithin(e.geometry::geography, ST_SetSRID(ST_MakePoint(-48.4928, -1.4774), 4674)::geography, 5000);",0
FT0058,Quais escolas estão a até 8 km do centro de Campo Grande?,Fácil,"SELECT e.nm_entidade
FROM escola e
JOIN microdados_ed_basica md ON e.cd_entidade = md.cd_entidade
WHERE ST_DWithin(e.geometry::geography, ST_SetSRID(ST_MakePoint(-54.6623, -20.4856), 4674)::geography, 8000);",0
FT0059,Liste as escolas a no máximo 3 km do centro de Salvador.,Fácil,"SELECT e.nm_entidade
FROM escola e
JOIN microdados_ed_basica md ON e.cd_entidade = md.cd_entidade
WHERE ST_DWithin(e.geometry::geography, ST_SetSRID(ST_MakePoint(-38.5017, -12.9722), 4674)::geography, 3000);",0
FT0060,Liste as escolas a no máximo 4 km do centro de Campinas.,Fácil,"SELECT e.nm_entidade
FROM escola e
JOIN microdados_ed_basica md ON e.cd_entidade = md.cd_entidade
WHERE ST_DWithin(e.geometry::geography, ST_SetSRID(ST_MakePoint(-47.0771, -22.9147), 4674)::geography, 4000);",0
FT0061,Liste as escolas a no máximo 10 km do centro de Cuiabá.,Fácil,"SELECT e.nm_entidade
FROM escola e
JOIN microdados_ed_basica md ON e.cd_entidade = md.cd_entidade
WHERE ST_DWithin(e.geometry::geography, ST_SetSRID(ST_MakePoint(-56.1026, -15.6185), 4674)::geography, 10000);",0
FT0062,Liste as escolas a no máximo 8 km do centro de Porto Alegre.,Fácil,"SELECT e.nm_entidade
FROM escola e
JOIN microdados_ed_basica md ON e.cd_entidade = md.cd_entidade
WHERE ST_DWithin(e.geometry::geography, ST_SetSRID(ST_MakePoint(-51.2288, -30.0276), 4674)::geography, 8000);",0
FT0063,Liste as escolas a no máximo 10 km do centro de Curitiba.,Fácil,"SELECT e.nm_entidade
FROM escola e
JOIN microdados_ed_basica md ON e.cd_entidade = md.cd_entidade
WHERE ST_DWithin(e.geometry::geography, ST_SetSRID(ST_MakePoint(-49.2888, -25.4206), 4674)::geography, 10000);",0
FT0064,Quais escolas estão a até 6 km do centro de João Pessoa?,Fácil,"SELECT e.nm_entidade
FROM escola e
JOIN microdados_ed_basica md ON e.cd_entidade = md.cd_entidade
WHERE ST_DWithin(e.geometry::geography, ST_SetSRID(ST_MakePoint(-34.8708, -7.1341), 4674)::geography, 6000);",0
FT0065,Quais escolas estão a até 4 km do centro de São Paulo?,Fácil,"SELECT e.nm_entidade
FROM escola e
JOIN microdados_ed_basica md ON e.cd_entidade = md.cd_entidade
WHERE ST_DWithin(e.geometry::geography, ST_SetSRID(ST_MakePoint(-46.6367, -23.547), 4674)::geography, 4000);",0
FT0066,Liste as escolas a no máximo 4 km do centro de Campo Grande.,Fácil,"SELECT e.nm_entidade
FROM escola e
JOIN microdados_ed_basica md ON e.cd_entidade = md.cd_entidade
WHERE ST_DWithin(e.geometry::geography, ST_SetSRID(ST_MakePoint(-54.6658, -20.4835), 4674)::geography, 4000);",0
FT0067,Qual a área em km² de cada município de Mato Grosso do Sul?,Fácil,"SELECT mu.nm_mun, ROUND((ST_Area(ST_Transform(mu.geometry, 5880)) / 1e6)::numeric, 2) AS area_km2
FROM municipio mu
JOIN unidade_federativa uf ON mu.cd_uf = uf.cd_uf
WHERE uf.nm_uf = 'Mato Grosso do Sul'
ORDER BY area_km2 DESC;",0
FT0068,Qual a área em km² de cada município de Rio de Janeiro?,Fácil,"SELECT mu.nm_mun, ROUND((ST_Area(ST_Transform(mu.geometry, 5880)) / 1e6)::numeric, 2) AS area_km2
FROM municipio mu
JOIN unidade_federativa uf ON mu.cd_uf = uf.cd_uf
WHERE uf.nm_uf = 'Rio de Janeiro'
ORDER BY area_km2 DESC;",0
FT0069,Qual a área em km² de cada município de Goiás?,Fácil,"SELECT mu.nm_mun, ROUND((ST_Area(ST_Transform(mu.geometry, 5880)) / 1e6)::numeric, 2) AS area_km2
FROM municipio mu
JOIN unidade_federativa uf ON mu.cd_uf = uf.cd_uf
WHERE uf.nm_uf = 'Goiás'
ORDER BY area_km2 DESC;",0
FT0070,Qual a área em km² de cada município de Rio Grande do Norte?,Fácil,"SELECT mu.nm_mun, ROUND((ST_Area(ST_Transform(mu.geometry, 5880)) / 1e6)::numeric, 2) AS area_km2
FROM municipio mu
JOIN unidade_federativa uf ON mu.cd_uf = uf.cd_uf
WHERE uf.nm_uf = 'Rio Grande do Norte'
ORDER BY area_km2 DESC;",0
FT0071,Qual a área em km² de cada município de Tocantins?,Fácil,"SELECT mu.nm_mun, ROUND((ST_Area(ST_Transform(mu.geometry, 5880)) / 1e6)::numeric, 2) AS area_km2
FROM municipio mu
JOIN unidade_federativa uf ON mu.cd_uf = uf.cd_uf
WHERE uf.nm_uf = 'Tocantins'
ORDER BY area_km2 DESC;",0
FT0072,Qual a área em km² de cada município de Santa Catarina?,Fácil,"SELECT mu.nm_mun, ROUND((ST_Area(ST_Transform(mu.geometry, 5880)) / 1e6)::numeric, 2) AS area_km2
FROM municipio mu
JOIN unidade_federativa uf ON mu.cd_uf = uf.cd_uf
WHERE uf.nm_uf = 'Santa Catarina'
ORDER BY area_km2 DESC;",0
MT0001,"Em Campinas, quais escolas com laboratório de educação profissional estão a até 3 km do centro do município?",Médio,"SELECT e.nm_entidade, mu.nm_mun
FROM escola e
JOIN microdados_ed_basica md ON e.cd_entidade = md.cd_entidade
JOIN municipio mu ON ST_Contains(mu.geometry, e.geometry)
WHERE mu.nm_mun = 'Campinas' AND md.in_laboratorio_educ_prof = 1
  AND ST_DWithin(e.geometry::geography, ST_Centroid(mu.geometry)::geography, 3000);",0
MT0002,"Em Goiânia, quais escolas com água potável estão a até 5 km do centro do município?",Médio,"SELECT e.nm_entidade, mu.nm_mun
FROM escola e
JOIN microdados_ed_basica md ON e.cd_entidade = md.cd_entidade
JOIN municipio mu ON ST_Contains(mu.geometry, e.geometry)
WHERE mu.nm_mun = 'Goiânia' AND md.in_agua_potavel = 1
  AND ST_DWithin(e.geometry::geography, ST_Centroid(mu.geometry)::geography, 5000);",0
MT0003,"Em Rio de Janeiro, quais escolas com parque infantil estão a até 6 km do centro do município?",Médio,"SELECT e.nm_entidade, mu.nm_mun
FROM escola e
JOIN microdados_ed_basica md ON e.cd_entidade = md.cd_entidade
JOIN municipio mu ON ST_Contains(mu.geometry, e.geometry)
WHERE mu.nm_mun = 'Rio de Janeiro' AND md.in_parque_infantil = 1
  AND ST_DWithin(e.geometry::geography, ST_Centroid(mu.geometry)::geography, 6000);",0
MT0004,"Em Belém, quais escolas com parque infantil estão a até 20 km do centro do município?",Médio,"SELECT e.nm_entidade, mu.nm_mun
FROM escola e
JOIN microdados_ed_basica md ON e.cd_entidade = md.cd_entidade
JOIN municipio mu ON ST_Contains(mu.geometry, e.geometry)
WHERE mu.nm_mun = 'Belém' AND md.in_parque_infantil = 1
  AND ST_DWithin(e.geometry::geography, ST_Centroid(mu.geometry)::geography, 20000);",0
MT0005,"Em João Pessoa, quais escolas com laboratório de educação profissional estão a até 10 km do centro do município?",Médio,"SELECT e.nm_entidade, mu.nm_mun
FROM escola e
JOIN microdados_ed_basica md ON e.cd_entidade = md.cd_entidade
JOIN municipio mu ON ST_Contains(mu.geometry, e.geometry)
WHERE mu.nm_mun = 'João Pessoa' AND md.in_laboratorio_educ_prof = 1
  AND ST_DWithin(e.geometry::geography, ST_Centroid(mu.geometry)::geography, 10000);",0
MT0006,"Em Porto Alegre, quais escolas com auditório estão a até 12 km do centro do município?",Médio,"SELECT e.nm_entidade, mu.nm_mun
FROM escola e
JOIN microdados_ed_basica md ON e.cd_entidade = md.cd_entidade
JOIN municipio mu ON ST_Contains(mu.geometry, e.geometry)
WHERE mu.nm_mun = 'Porto Alegre' AND md.in_auditorio = 1
  AND ST_DWithin(e.geometry::geography, ST_Centroid(mu.geometry)::geography, 12000);",0
MT0007,"Quais escolas com biblioteca em Curitiba, e a que distância em metros do centro do município?",Médio,"SELECT e.nm_entidade, mu.nm_mun,
       ROUND(ST_Distance(e.geometry::geography, ST_SetSRID(ST_MakePoint(-49.2747, -25.4313), 4674)::geography)::numeric, 2) AS dist_m
FROM escola e
JOIN microdados_ed_basica md ON e.cd_entidade = md.cd_entidade
JOIN municipio mu ON ST_Contains(mu.geometry, e.geometry)
WHERE mu.nm_mun = 'Curitiba' AND md.in_biblioteca = 1
ORDER BY dist_m ASC;",0
MT0008,"Quais escolas com alimentação escolar em Fortaleza, e a que distância em metros do centro do município?",Médio,"SELECT e.nm_entidade, mu.nm_mun,
       ROUND(ST_Distance(e.geometry::geography, ST_SetSRID(ST_MakePoint(-38.5333, -3.749), 4674)::geography)::numeric, 2) AS dist_m
FROM escola e
JOIN microdados_ed_basica md ON e.cd_entidade = md.cd_entidade
JOIN municipio mu ON ST_Contains(mu.geometry, e.geometry)
WHERE mu.nm_mun = 'Fortaleza' AND md.in_alimentacao = 1
ORDER BY dist_m ASC;",0
MT0009,"Quais escolas com parque infantil em Belo Horizonte, e a que distância em metros do centro do município?",Médio,"SELECT e.nm_entidade, mu.nm_mun,
       ROUND(ST_Distance(e.geometry::geography, ST_SetSRID(ST_MakePoint(-43.9421, -19.9094), 4674)::geography)::numeric, 2) AS dist_m
FROM escola e
JOIN microdados_ed_basica md ON e.cd_entidade = md.cd_entidade
JOIN municipio mu ON ST_Contains(mu.geometry, e.geometry)
WHERE mu.nm_mun = 'Belo Horizonte' AND md.in_parque_infantil = 1
ORDER BY dist_m ASC;",0
MT0010,"Quais escolas com quadra de esportes em Porto Alegre, e a que distância em metros do centro do município?",Médio,"SELECT e.nm_entidade, mu.nm_mun,
       ROUND(ST_Distance(e.geometry::geography, ST_SetSRID(ST_MakePoint(-51.2227, -30.0407), 4674)::geography)::numeric, 2) AS dist_m
FROM escola e
JOIN microdados_ed_basica md ON e.cd_entidade = md.cd_entidade
JOIN municipio mu ON ST_Contains(mu.geometry, e.geometry)
WHERE mu.nm_mun = 'Porto Alegre' AND md.in_quadra_esportes = 1
ORDER BY dist_m ASC;",0
MT0011,"Quais escolas com esgoto da rede pública em Goiânia, e a que distância em metros do centro do município?",Médio,"SELECT e.nm_entidade, mu.nm_mun,
       ROUND(ST_Distance(e.geometry::geography, ST_SetSRID(ST_MakePoint(-49.2348, -16.7001), 4674)::geography)::numeric, 2) AS dist_m
FROM escola e
JOIN microdados_ed_basica md ON e.cd_entidade = md.cd_entidade
JOIN municipio mu ON ST_Contains(mu.geometry, e.geometry)
WHERE mu.nm_mun = 'Goiânia' AND md.in_esgoto_rede_publica = 1
ORDER BY dist_m ASC;",0
MT0012,"Quais escolas com biblioteca em Campo Grande, e a que distância em metros do centro do município?",Médio,"SELECT e.nm_entidade, mu.nm_mun,
       ROUND(ST_Distance(e.geometry::geography, ST_SetSRID(ST_MakePoint(-54.6686, -20.462), 4674)::geography)::numeric, 2) AS dist_m
FROM escola e
JOIN microdados_ed_basica md ON e.cd_entidade = md.cd_entidade
JOIN municipio mu ON ST_Contains(mu.geometry, e.geometry)
WHERE mu.nm_mun = 'Campo Grande' AND md.in_biblioteca = 1
ORDER BY dist_m ASC;",0
MT0013,Quais escolas com refeitório estão a até 5 km de algum CRAS em Campo Grande?,Médio,"SELECT e.nm_entidade, c.nm_mun
FROM escola e
JOIN microdados_ed_basica md ON e.cd_entidade = md.cd_entidade
JOIN cras c ON ST_DWithin(e.geometry::geography, c.geometry::geography, 5000)
WHERE c.nm_mun = 'Campo Grande' AND md.in_refeitorio = 1;",0
MT0014,Quais escolas com alimentação escolar estão a até 8 km de algum CREAS em Rio de Janeiro?,Médio,"SELECT e.nm_entidade, cr.nm_mun
FROM escola e
JOIN microdados_ed_basica md ON e.cd_entidade = md.cd_entidade
JOIN creas cr ON ST_DWithin(e.geometry::geography, cr.geometry::geography, 8000)
WHERE cr.nm_mun = 'Rio de Janeiro' AND md.in_alimentacao = 1;",0
MT0015,Quais escolas com laboratório de ciências estão a até 3 km de algum CREAS em Teresina?,Médio,"SELECT e.nm_entidade, cr.nm_mun
FROM escola e
JOIN microdados_ed_basica md ON e.cd_entidade = md.cd_entidade
JOIN creas cr ON ST_DWithin(e.geometry::geography, cr.geometry::geography, 3000)
WHERE cr.nm_mun = 'Teresina' AND md.in_laboratorio_ciencias = 1;",0
MT0016,Quais escolas com esgoto da rede pública estão a até 6 km de algum CREAS em Manaus?,Médio,"SELECT e.nm_entidade, cr.nm_mun
FROM escola e
JOIN microdados_ed_basica md ON e.cd_entidade = md.cd_entidade
JOIN creas cr ON ST_DWithin(e.geometry::geography, cr.geometry::geography, 6000)
WHERE cr.nm_mun = 'Manaus' AND md.in_esgoto_rede_publica = 1;",0
MT0017,Quais escolas com quadra de esportes estão a até 4 km de algum CREAS em Belém?,Médio,"SELECT e.nm_entidade, cr.nm_mun
FROM escola e
JOIN microdados_ed_basica md ON e.cd_entidade = md.cd_entidade
JOIN creas cr ON ST_DWithin(e.geometry::geography, cr.geometry::geography, 4000)
WHERE cr.nm_mun = 'Belém' AND md.in_quadra_esportes = 1;",0
MT0018,Quais escolas com alimentação escolar estão a até 3 km de algum CRAS em Campinas?,Médio,"SELECT e.nm_entidade, c.nm_mun
FROM escola e
JOIN microdados_ed_basica md ON e.cd_entidade = md.cd_entidade
JOIN cras c ON ST_DWithin(e.geometry::geography, c.geometry::geography, 3000)
WHERE c.nm_mun = 'Campinas' AND md.in_alimentacao = 1;",0
MT0019,"Para os municípios de Bahia, qual a área aproximada (km²) da região central de cada um?",Médio,"SELECT mu.nm_mun, ROUND((ST_Area(ST_Transform(ST_Intersection(mu.geometry, ST_Buffer(ST_Centroid(mu.geometry), 0.1)), 5880)) / 1e6)::numeric, 2) AS area_inter_km2
FROM municipio mu
JOIN unidade_federativa uf ON mu.cd_uf = uf.cd_uf
WHERE uf.nm_uf = 'Bahia'
ORDER BY area_inter_km2 DESC;",0
MT0020,"Para os municípios de Maranhão, qual a área aproximada (km²) da região central de cada um?",Médio,"SELECT mu.nm_mun, ROUND((ST_Area(ST_Transform(ST_Intersection(mu.geometry, ST_Buffer(ST_Centroid(mu.geometry), 0.1)), 5880)) / 1e6)::numeric, 2) AS area_inter_km2
FROM municipio mu
JOIN unidade_federativa uf ON mu.cd_uf = uf.cd_uf
WHERE uf.nm_uf = 'Maranhão'
ORDER BY area_inter_km2 DESC;",0
MT0021,"Para os municípios de Pará, qual a área aproximada (km²) da região central de cada um?",Médio,"SELECT mu.nm_mun, ROUND((ST_Area(ST_Transform(ST_Intersection(mu.geometry, ST_Buffer(ST_Centroid(mu.geometry), 0.1)), 5880)) / 1e6)::numeric, 2) AS area_inter_km2
FROM municipio mu
JOIN unidade_federativa uf ON mu.cd_uf = uf.cd_uf
WHERE uf.nm_uf = 'Pará'
ORDER BY area_inter_km2 DESC;",0
MT0022,"Para os municípios de São Paulo, qual a área aproximada (km²) da região central de cada um?",Médio,"SELECT mu.nm_mun, ROUND((ST_Area(ST_Transform(ST_Intersection(mu.geometry, ST_Buffer(ST_Centroid(mu.geometry), 0.1)), 5880)) / 1e6)::numeric, 2) AS area_inter_km2
FROM municipio mu
JOIN unidade_federativa uf ON mu.cd_uf = uf.cd_uf
WHERE uf.nm_uf = 'São Paulo'
ORDER BY area_inter_km2 DESC;",0
MT0023,"Para os municípios de Sergipe, qual a área aproximada (km²) da região central de cada um?",Médio,"SELECT mu.nm_mun, ROUND((ST_Area(ST_Transform(ST_Intersection(mu.geometry, ST_Buffer(ST_Centroid(mu.geometry), 0.1)), 5880)) / 1e6)::numeric, 2) AS area_inter_km2
FROM municipio mu
JOIN unidade_federativa uf ON mu.cd_uf = uf.cd_uf
WHERE uf.nm_uf = 'Sergipe'
ORDER BY area_inter_km2 DESC;",0
MT0024,"Para os municípios de Paraná, qual a área aproximada (km²) da região central de cada um?",Médio,"SELECT mu.nm_mun, ROUND((ST_Area(ST_Transform(ST_Intersection(mu.geometry, ST_Buffer(ST_Centroid(mu.geometry), 0.1)), 5880)) / 1e6)::numeric, 2) AS area_inter_km2
FROM municipio mu
JOIN unidade_federativa uf ON mu.cd_uf = uf.cd_uf
WHERE uf.nm_uf = 'Paraná'
ORDER BY area_inter_km2 DESC;",0
MT0025,Quais escolas com laboratório de ciências ficam num raio de 6 km do centro de Natal?,Médio,"SELECT e.nm_entidade, mu.nm_mun
FROM escola e
JOIN microdados_ed_basica md ON e.cd_entidade = md.cd_entidade
JOIN municipio mu ON ST_Contains(mu.geometry, e.geometry)
WHERE md.in_laboratorio_ciencias = 1
  AND ST_Intersects(ST_Buffer(ST_SetSRID(ST_MakePoint(-35.2283, -5.7732), 4674)::geography, 6000), e.geometry::geography);",0
MT0026,Quais escolas com cozinha ficam num raio de 8 km do centro de Palmas?,Médio,"SELECT e.nm_entidade, mu.nm_mun
FROM escola e
JOIN microdados_ed_basica md ON e.cd_entidade = md.cd_entidade
JOIN municipio mu ON ST_Contains(mu.geometry, e.geometry)
WHERE md.in_cozinha = 1
  AND ST_Intersects(ST_Buffer(ST_SetSRID(ST_MakePoint(-48.3367, -10.1993), 4674)::geography, 8000), e.geometry::geography);",0
MT0027,Quais escolas com internet ficam num raio de 6 km do centro de Natal?,Médio,"SELECT e.nm_entidade, mu.nm_mun
FROM escola e
JOIN microdados_ed_basica md ON e.cd_entidade = md.cd_entidade
JOIN municipio mu ON ST_Contains(mu.geometry, e.geometry)
WHERE md.in_internet = 1
  AND ST_Intersects(ST_Buffer(ST_SetSRID(ST_MakePoint(-35.1997, -5.7909), 4674)::geography, 6000), e.geometry::geography);",0
MT0028,Quais escolas com laboratório de ciências ficam num raio de 12 km do centro de Recife?,Médio,"SELECT e.nm_entidade, mu.nm_mun
FROM escola e
JOIN microdados_ed_basica md ON e.cd_entidade = md.cd_entidade
JOIN municipio mu ON ST_Contains(mu.geometry, e.geometry)
WHERE md.in_laboratorio_ciencias = 1
  AND ST_Intersects(ST_Buffer(ST_SetSRID(ST_MakePoint(-34.879, -8.0521), 4674)::geography, 12000), e.geometry::geography);",0
MT0029,Quais escolas com banheiro adaptado para PNE ficam num raio de 20 km do centro de Teresina?,Médio,"SELECT e.nm_entidade, mu.nm_mun
FROM escola e
JOIN microdados_ed_basica md ON e.cd_entidade = md.cd_entidade
JOIN municipio mu ON ST_Contains(mu.geometry, e.geometry)
WHERE md.in_banheiro_pne = 1
  AND ST_Intersects(ST_Buffer(ST_SetSRID(ST_MakePoint(-42.8046, -5.1086), 4674)::geography, 20000), e.geometry::geography);",0
MT0030,Quais escolas com refeitório ficam num raio de 2 km do centro de Rio de Janeiro?,Médio,"SELECT e.nm_entidade, mu.nm_mun
FROM escola e
JOIN microdados_ed_basica md ON e.cd_entidade = md.cd_entidade
JOIN municipio mu ON ST_Contains(mu.geometry, e.geometry)
WHERE md.in_refeitorio = 1
  AND ST_Intersects(ST_Buffer(ST_SetSRID(ST_MakePoint(-43.2021, -22.9289), 4674)::geography, 2000), e.geometry::geography);",0
MT0031,"Liste os municípios de Rio de Janeiro com área até 500 km² que possuem ao menos uma escola, com o nome da escola.",Médio,"SELECT mu.nm_mun, e.nm_entidade, ROUND((ST_Area(ST_Transform(mu.geometry, 5880)) / 1e6)::numeric, 2) AS area_km2
FROM municipio mu
JOIN unidade_federativa uf ON mu.cd_uf = uf.cd_uf
JOIN escola e ON ST_Contains(mu.geometry, e.geometry)
WHERE uf.nm_uf = 'Rio de Janeiro' AND ST_Area(ST_Transform(mu.geometry, 5880)) / 1e6 <= 500;",0
MT0032,"Liste os municípios de Minas Gerais com área até 200 km² que possuem ao menos uma escola, com o nome da escola.",Médio,"SELECT mu.nm_mun, e.nm_entidade, ROUND((ST_Area(ST_Transform(mu.geometry, 5880)) / 1e6)::numeric, 2) AS area_km2
FROM municipio mu
JOIN unidade_federativa uf ON mu.cd_uf = uf.cd_uf
JOIN escola e ON ST_Contains(mu.geometry, e.geometry)
WHERE uf.nm_uf = 'Minas Gerais' AND ST_Area(ST_Transform(mu.geometry, 5880)) / 1e6 <= 200;",0
MT0033,"Liste os municípios de Paraná com área até 100 km² que possuem ao menos uma escola, com o nome da escola.",Médio,"SELECT mu.nm_mun, e.nm_entidade, ROUND((ST_Area(ST_Transform(mu.geometry, 5880)) / 1e6)::numeric, 2) AS area_km2
FROM municipio mu
JOIN unidade_federativa uf ON mu.cd_uf = uf.cd_uf
JOIN escola e ON ST_Contains(mu.geometry, e.geometry)
WHERE uf.nm_uf = 'Paraná' AND ST_Area(ST_Transform(mu.geometry, 5880)) / 1e6 <= 100;",0
MT0034,"Liste os municípios de Rio Grande do Norte com área até 120 km² que possuem ao menos uma escola, com o nome da escola.",Médio,"SELECT mu.nm_mun, e.nm_entidade, ROUND((ST_Area(ST_Transform(mu.geometry, 5880)) / 1e6)::numeric, 2) AS area_km2
FROM municipio mu
JOIN unidade_federativa uf ON mu.cd_uf = uf.cd_uf
JOIN escola e ON ST_Contains(mu.geometry, e.geometry)
WHERE uf.nm_uf = 'Rio Grande do Norte' AND ST_Area(ST_Transform(mu.geometry, 5880)) / 1e6 <= 120;",0
MT0035,"Liste os municípios de Espírito Santo com área até 400 km² que possuem ao menos uma escola, com o nome da escola.",Médio,"SELECT mu.nm_mun, e.nm_entidade, ROUND((ST_Area(ST_Transform(mu.geometry, 5880)) / 1e6)::numeric, 2) AS area_km2
FROM municipio mu
JOIN unidade_federativa uf ON mu.cd_uf = uf.cd_uf
JOIN escola e ON ST_Contains(mu.geometry, e.geometry)
WHERE uf.nm_uf = 'Espírito Santo' AND ST_Area(ST_Transform(mu.geometry, 5880)) / 1e6 <= 400;",0
MT0036,"Liste os municípios de Pará com área até 150 km² que possuem ao menos uma escola, com o nome da escola.",Médio,"SELECT mu.nm_mun, e.nm_entidade, ROUND((ST_Area(ST_Transform(mu.geometry, 5880)) / 1e6)::numeric, 2) AS area_km2
FROM municipio mu
JOIN unidade_federativa uf ON mu.cd_uf = uf.cd_uf
JOIN escola e ON ST_Contains(mu.geometry, e.geometry)
WHERE uf.nm_uf = 'Pará' AND ST_Area(ST_Transform(mu.geometry, 5880)) / 1e6 <= 150;",0
MT0037,"Liste as escolas do estado de São Paulo que possuem quadra de esportes, informando o município.",Médio,"SELECT e.nm_entidade, mu.nm_mun
FROM escola e
JOIN microdados_ed_basica md ON e.cd_entidade = md.cd_entidade
JOIN municipio mu ON ST_Contains(mu.geometry, e.geometry)
JOIN unidade_federativa uf ON mu.cd_uf = uf.cd_uf
WHERE uf.nm_uf = 'São Paulo' AND md.in_quadra_esportes = 1;",0
MT0038,Quais escolas com internet de banda larga ficam no estado de Maranhão? Mostre o município.,Médio,"SELECT e.nm_entidade, mu.nm_mun
FROM escola e
JOIN microdados_ed_basica md ON e.cd_entidade = md.cd_entidade
JOIN municipio mu ON ST_Contains(mu.geometry, e.geometry)
JOIN unidade_federativa uf ON mu.cd_uf = uf.cd_uf
WHERE uf.nm_uf = 'Maranhão' AND md.in_banda_larga = 1;",0
MT0039,Quais escolas com refeitório ficam no estado de Mato Grosso? Mostre o município.,Médio,"SELECT e.nm_entidade, mu.nm_mun
FROM escola e
JOIN microdados_ed_basica md ON e.cd_entidade = md.cd_entidade
JOIN municipio mu ON ST_Contains(mu.geometry, e.geometry)
JOIN unidade_federativa uf ON mu.cd_uf = uf.cd_uf
WHERE uf.nm_uf = 'Mato Grosso' AND md.in_refeitorio = 1;",0
MT0040,"Liste as escolas do estado de Rio Grande do Sul que possuem laboratório de educação profissional, informando o município.",Médio,"SELECT e.nm_entidade, mu.nm_mun
FROM escola e
JOIN microdados_ed_basica md ON e.cd_entidade = md.cd_entidade
JOIN municipio mu ON ST_Contains(mu.geometry, e.geometry)
JOIN unidade_federativa uf ON mu.cd_uf = uf.cd_uf
WHERE uf.nm_uf = 'Rio Grande do Sul' AND md.in_laboratorio_educ_prof = 1;",0
MT0041,"Liste as escolas do estado de Bahia que possuem internet de banda larga, informando o município.",Médio,"SELECT e.nm_entidade, mu.nm_mun
FROM escola e
JOIN microdados_ed_basica md ON e.cd_entidade = md.cd_entidade
JOIN municipio mu ON ST_Contains(mu.geometry, e.geometry)
JOIN unidade_federativa uf ON mu.cd_uf = uf.cd_uf
WHERE uf.nm_uf = 'Bahia' AND md.in_banda_larga = 1;",0
MT0042,Quais escolas com banheiro adaptado para PNE ficam no estado de Minas Gerais? Mostre o município.,Médio,"SELECT e.nm_entidade, mu.nm_mun
FROM escola e
JOIN microdados_ed_basica md ON e.cd_entidade = md.cd_entidade
JOIN municipio mu ON ST_Contains(mu.geometry, e.geometry)
JOIN unidade_federativa uf ON mu.cd_uf = uf.cd_uf
WHERE uf.nm_uf = 'Minas Gerais' AND md.in_banheiro_pne = 1;",0
MT0043,Quais escolas com auditório ficam no estado de Espírito Santo? Mostre o município.,Médio,"SELECT e.nm_entidade, mu.nm_mun
FROM escola e
JOIN microdados_ed_basica md ON e.cd_entidade = md.cd_entidade
JOIN municipio mu ON ST_Intersects(mu.geometry, e.geometry)
JOIN unidade_federativa uf ON mu.cd_uf = uf.cd_uf
WHERE uf.nm_uf = 'Espírito Santo' AND md.in_auditorio = 1;",0
MT0044,Quais escolas com biblioteca ficam no estado de Pará? Mostre o município.,Médio,"SELECT e.nm_entidade, mu.nm_mun
FROM escola e
JOIN microdados_ed_basica md ON e.cd_entidade = md.cd_entidade
JOIN municipio mu ON ST_Intersects(mu.geometry, e.geometry)
JOIN unidade_federativa uf ON mu.cd_uf = uf.cd_uf
WHERE uf.nm_uf = 'Pará' AND md.in_biblioteca = 1;",0
MT0045,Quais escolas com esgoto da rede pública ficam no estado de Mato Grosso? Mostre o município.,Médio,"SELECT e.nm_entidade, mu.nm_mun
FROM escola e
JOIN microdados_ed_basica md ON e.cd_entidade = md.cd_entidade
JOIN municipio mu ON ST_Intersects(mu.geometry, e.geometry)
JOIN unidade_federativa uf ON mu.cd_uf = uf.cd_uf
WHERE uf.nm_uf = 'Mato Grosso' AND md.in_esgoto_rede_publica = 1;",0
MT0046,Quais escolas com laboratório de informática ficam no estado de São Paulo? Mostre o município.,Médio,"SELECT e.nm_entidade, mu.nm_mun
FROM escola e
JOIN microdados_ed_basica md ON e.cd_entidade = md.cd_entidade
JOIN municipio mu ON ST_Intersects(mu.geometry, e.geometry)
JOIN unidade_federativa uf ON mu.cd_uf = uf.cd_uf
WHERE uf.nm_uf = 'São Paulo' AND md.in_laboratorio_informatica = 1;",0
MT0047,Quais escolas com quadra de esportes ficam no estado de Rio Grande do Sul? Mostre o município.,Médio,"SELECT e.nm_entidade, mu.nm_mun
FROM escola e
JOIN microdados_ed_basica md ON e.cd_entidade = md.cd_entidade
JOIN municipio mu ON ST_Intersects(mu.geometry, e.geometry)
JOIN unidade_federativa uf ON mu.cd_uf = uf.cd_uf
WHERE uf.nm_uf = 'Rio Grande do Sul' AND md.in_quadra_esportes = 1;",0
MT0048,"Liste as escolas do estado de Acre que possuem laboratório de educação profissional, informando o município.",Médio,"SELECT e.nm_entidade, mu.nm_mun
FROM escola e
JOIN microdados_ed_basica md ON e.cd_entidade = md.cd_entidade
JOIN municipio mu ON ST_Intersects(mu.geometry, e.geometry)
JOIN unidade_federativa uf ON mu.cd_uf = uf.cd_uf
WHERE uf.nm_uf = 'Acre' AND md.in_laboratorio_educ_prof = 1;",0
MT0049,"Liste as escolas do estado de Pará que possuem rampas de acessibilidade, informando o município.",Médio,"SELECT e.nm_entidade, mu.nm_mun
FROM escola e
JOIN microdados_ed_basica md ON e.cd_entidade = md.cd_entidade
JOIN municipio mu ON ST_Within(e.geometry, mu.geometry)
JOIN unidade_federativa uf ON mu.cd_uf = uf.cd_uf
WHERE uf.nm_uf = 'Pará' AND md.in_acessibilidade_rampas = 1;",0
MT0050,Quais escolas com energia da rede pública ficam no estado de Minas Gerais? Mostre o município.,Médio,"SELECT e.nm_entidade, mu.nm_mun
FROM escola e
JOIN microdados_ed_basica md ON e.cd_entidade = md.cd_entidade
JOIN municipio mu ON ST_Within(e.geometry, mu.geometry)
JOIN unidade_federativa uf ON mu.cd_uf = uf.cd_uf
WHERE uf.nm_uf = 'Minas Gerais' AND md.in_energia_rede_publica = 1;",0
MT0051,"Liste as escolas do estado de Alagoas que possuem refeitório, informando o município.",Médio,"SELECT e.nm_entidade, mu.nm_mun
FROM escola e
JOIN microdados_ed_basica md ON e.cd_entidade = md.cd_entidade
JOIN municipio mu ON ST_Within(e.geometry, mu.geometry)
JOIN unidade_federativa uf ON mu.cd_uf = uf.cd_uf
WHERE uf.nm_uf = 'Alagoas' AND md.in_refeitorio = 1;",0
MT0052,Quais escolas com parque infantil ficam no estado de Bahia? Mostre o município.,Médio,"SELECT e.nm_entidade, mu.nm_mun
FROM escola e
JOIN microdados_ed_basica md ON e.cd_entidade = md.cd_entidade
JOIN municipio mu ON ST_Within(e.geometry, mu.geometry)
JOIN unidade_federativa uf ON mu.cd_uf = uf.cd_uf
WHERE uf.nm_uf = 'Bahia' AND md.in_parque_infantil = 1;",0
MT0053,Quais escolas com auditório ficam no estado de Mato Grosso do Sul? Mostre o município.,Médio,"SELECT e.nm_entidade, mu.nm_mun
FROM escola e
JOIN microdados_ed_basica md ON e.cd_entidade = md.cd_entidade
JOIN municipio mu ON ST_Within(e.geometry, mu.geometry)
JOIN unidade_federativa uf ON mu.cd_uf = uf.cd_uf
WHERE uf.nm_uf = 'Mato Grosso do Sul' AND md.in_auditorio = 1;",0
MT0054,Quais escolas com alimentação escolar ficam no estado de Pará? Mostre o município.,Médio,"SELECT e.nm_entidade, mu.nm_mun
FROM escola e
JOIN microdados_ed_basica md ON e.cd_entidade = md.cd_entidade
JOIN municipio mu ON ST_Within(e.geometry, mu.geometry)
JOIN unidade_federativa uf ON mu.cd_uf = uf.cd_uf
WHERE uf.nm_uf = 'Pará' AND md.in_alimentacao = 1;",0
MT0055,"Quais escolas com auditório estão a até 3 km do centro de Palmas, no estado de Tocantins?",Médio,"SELECT e.nm_entidade, mu.nm_mun
FROM escola e
JOIN microdados_ed_basica md ON e.cd_entidade = md.cd_entidade
JOIN municipio mu ON ST_Contains(mu.geometry, e.geometry)
WHERE mu.cd_uf = (SELECT cd_uf FROM unidade_federativa WHERE nm_uf = 'Tocantins')
  AND md.in_auditorio = 1
  AND ST_DWithin(e.geometry::geography, ST_SetSRID(ST_MakePoint(-48.3192, -10.1735), 4674)::geography, 3000);",0
MT0056,"Quais escolas com quadra de esportes coberta estão a até 2 km do centro de Aracaju, no estado de Rondônia?",Médio,"SELECT e.nm_entidade, mu.nm_mun
FROM escola e
JOIN microdados_ed_basica md ON e.cd_entidade = md.cd_entidade
JOIN municipio mu ON ST_Contains(mu.geometry, e.geometry)
WHERE mu.cd_uf = (SELECT cd_uf FROM unidade_federativa WHERE nm_uf = 'Rondônia')
  AND md.in_quadra_esportes_coberta = 1
  AND ST_DWithin(e.geometry::geography, ST_SetSRID(ST_MakePoint(-37.0589, -10.9178), 4674)::geography, 2000);",0
MT0057,"Quais escolas com laboratório de informática estão a até 20 km do centro de Cuiabá, no estado de Tocantins?",Médio,"SELECT e.nm_entidade, mu.nm_mun
FROM escola e
JOIN microdados_ed_basica md ON e.cd_entidade = md.cd_entidade
JOIN municipio mu ON ST_Contains(mu.geometry, e.geometry)
WHERE mu.cd_uf = (SELECT cd_uf FROM unidade_federativa WHERE nm_uf = 'Tocantins')
  AND md.in_laboratorio_informatica = 1
  AND ST_DWithin(e.geometry::geography, ST_SetSRID(ST_MakePoint(-56.1023, -15.5805), 4674)::geography, 20000);",0
MT0058,"Quais escolas com laboratório de ciências estão a até 4 km do centro de Recife, no estado de Mato Grosso?",Médio,"SELECT e.nm_entidade, mu.nm_mun
FROM escola e
JOIN microdados_ed_basica md ON e.cd_entidade = md.cd_entidade
JOIN municipio mu ON ST_Contains(mu.geometry, e.geometry)
WHERE mu.cd_uf = (SELECT cd_uf FROM unidade_federativa WHERE nm_uf = 'Mato Grosso')
  AND md.in_laboratorio_ciencias = 1
  AND ST_DWithin(e.geometry::geography, ST_SetSRID(ST_MakePoint(-34.8896, -8.035), 4674)::geography, 4000);",0
MT0059,"Quais escolas com quadra de esportes estão a até 20 km do centro de Teresina, no estado de Piauí?",Médio,"SELECT e.nm_entidade, mu.nm_mun
FROM escola e
JOIN microdados_ed_basica md ON e.cd_entidade = md.cd_entidade
JOIN municipio mu ON ST_Contains(mu.geometry, e.geometry)
WHERE mu.cd_uf = (SELECT cd_uf FROM unidade_federativa WHERE nm_uf = 'Piauí')
  AND md.in_quadra_esportes = 1
  AND ST_DWithin(e.geometry::geography, ST_SetSRID(ST_MakePoint(-42.7928, -5.0929), 4674)::geography, 20000);",0
MT0060,"Quais escolas com internet estão a até 10 km do centro de Belo Horizonte, no estado de Tocantins?",Médio,"SELECT e.nm_entidade, mu.nm_mun
FROM escola e
JOIN microdados_ed_basica md ON e.cd_entidade = md.cd_entidade
JOIN municipio mu ON ST_Contains(mu.geometry, e.geometry)
WHERE mu.cd_uf = (SELECT cd_uf FROM unidade_federativa WHERE nm_uf = 'Tocantins')
  AND md.in_internet = 1
  AND ST_DWithin(e.geometry::geography, ST_SetSRID(ST_MakePoint(-43.9535, -19.9387), 4674)::geography, 10000);",0
MT0061,"Quais escolas com refeitório estão a até 12 km do centro de Maceió, no estado de Alagoas?",Médio,"SELECT e.nm_entidade, mu.nm_mun
FROM escola e
JOIN microdados_ed_basica md ON e.cd_entidade = md.cd_entidade
JOIN municipio mu ON ST_Contains(mu.geometry, e.geometry)
WHERE mu.cd_uf = (SELECT cd_uf FROM unidade_federativa WHERE nm_uf = 'Alagoas')
  AND md.in_refeitorio = 1
  AND ST_DWithin(e.geometry::geography, ST_SetSRID(ST_MakePoint(-35.7289, -9.6728), 4674)::geography, 12000);",0
MT0062,"Quais escolas com internet de banda larga estão a até 3 km do centro de Natal, no estado de Alagoas?",Médio,"SELECT e.nm_entidade, mu.nm_mun
FROM escola e
JOIN microdados_ed_basica md ON e.cd_entidade = md.cd_entidade
JOIN municipio mu ON ST_Contains(mu.geometry, e.geometry)
WHERE mu.cd_uf = (SELECT cd_uf FROM unidade_federativa WHERE nm_uf = 'Alagoas')
  AND md.in_banda_larga = 1
  AND ST_DWithin(e.geometry::geography, ST_SetSRID(ST_MakePoint(-35.2035, -5.7833), 4674)::geography, 3000);",0
MT0063,"Quais escolas com laboratório de ciências estão a até 15 km do centro de Rio de Janeiro, no estado de Goiás?",Médio,"SELECT e.nm_entidade, mu.nm_mun
FROM escola e
JOIN microdados_ed_basica md ON e.cd_entidade = md.cd_entidade
JOIN municipio mu ON ST_Contains(mu.geometry, e.geometry)
WHERE mu.cd_uf = (SELECT cd_uf FROM unidade_federativa WHERE nm_uf = 'Goiás')
  AND md.in_laboratorio_ciencias = 1
  AND ST_DWithin(e.geometry::geography, ST_SetSRID(ST_MakePoint(-43.2165, -22.9027), 4674)::geography, 15000);",0
MT0064,"Quais escolas com rampas de acessibilidade estão a até 3 km do centro de Goiânia, no estado de Tocantins?",Médio,"SELECT e.nm_entidade, mu.nm_mun
FROM escola e
JOIN microdados_ed_basica md ON e.cd_entidade = md.cd_entidade
JOIN municipio mu ON ST_Contains(mu.geometry, e.geometry)
WHERE mu.cd_uf = (SELECT cd_uf FROM unidade_federativa WHERE nm_uf = 'Tocantins')
  AND md.in_acessibilidade_rampas = 1
  AND ST_DWithin(e.geometry::geography, ST_SetSRID(ST_MakePoint(-49.2384, -16.6701), 4674)::geography, 3000);",0
MT0065,"Quais escolas com rampas de acessibilidade estão a até 6 km do centro de Teresina, no estado de Tocantins?",Médio,"SELECT e.nm_entidade, mu.nm_mun
FROM escola e
JOIN microdados_ed_basica md ON e.cd_entidade = md.cd_entidade
JOIN municipio mu ON ST_Contains(mu.geometry, e.geometry)
WHERE mu.cd_uf = (SELECT cd_uf FROM unidade_federativa WHERE nm_uf = 'Tocantins')
  AND md.in_acessibilidade_rampas = 1
  AND ST_DWithin(e.geometry::geography, ST_SetSRID(ST_MakePoint(-42.7803, -5.0746), 4674)::geography, 6000);",0
MT0066,"Quais escolas com internet estão a até 4 km do centro de Porto Alegre, no estado de Piauí?",Médio,"SELECT e.nm_entidade, mu.nm_mun
FROM escola e
JOIN microdados_ed_basica md ON e.cd_entidade = md.cd_entidade
JOIN municipio mu ON ST_Contains(mu.geometry, e.geometry)
WHERE mu.cd_uf = (SELECT cd_uf FROM unidade_federativa WHERE nm_uf = 'Piauí')
  AND md.in_internet = 1
  AND ST_DWithin(e.geometry::geography, ST_SetSRID(ST_MakePoint(-51.2324, -30.0438), 4674)::geography, 4000);",0
MT0067,"Para cada município de Goiás, qual a extensão aproximada das divisas em km?",Médio,"SELECT mu.nm_mun, ROUND((ST_Length(ST_Transform(ST_Boundary(mu.geometry), 5880)) / 1000)::numeric, 2) AS perimetro_km
FROM municipio mu
JOIN unidade_federativa uf ON mu.cd_uf = uf.cd_uf
WHERE uf.nm_uf = 'Goiás'
ORDER BY perimetro_km DESC;",0
MT0068,"Para cada município de Piauí, qual a extensão aproximada das divisas em km?",Médio,"SELECT mu.nm_mun, ROUND((ST_Length(ST_Transform(ST_Boundary(mu.geometry), 5880)) / 1000)::numeric, 2) AS perimetro_km
FROM municipio mu
JOIN unidade_federativa uf ON mu.cd_uf = uf.cd_uf
WHERE uf.nm_uf = 'Piauí'
ORDER BY perimetro_km DESC;",0
MT0069,"Para cada município de São Paulo, qual a extensão aproximada das divisas em km?",Médio,"SELECT mu.nm_mun, ROUND((ST_Length(ST_Transform(ST_Boundary(mu.geometry), 5880)) / 1000)::numeric, 2) AS perimetro_km
FROM municipio mu
JOIN unidade_federativa uf ON mu.cd_uf = uf.cd_uf
WHERE uf.nm_uf = 'São Paulo'
ORDER BY perimetro_km DESC;",0
MT0070,"Para cada município de Pernambuco, qual a extensão aproximada das divisas em km?",Médio,"SELECT mu.nm_mun, ROUND((ST_Length(ST_Transform(ST_Boundary(mu.geometry), 5880)) / 1000)::numeric, 2) AS perimetro_km
FROM municipio mu
JOIN unidade_federativa uf ON mu.cd_uf = uf.cd_uf
WHERE uf.nm_uf = 'Pernambuco'
ORDER BY perimetro_km DESC;",0
MT0071,"Para cada município de Tocantins, qual a extensão aproximada das divisas em km?",Médio,"SELECT mu.nm_mun, ROUND((ST_Length(ST_Transform(ST_Boundary(mu.geometry), 5880)) / 1000)::numeric, 2) AS perimetro_km
FROM municipio mu
JOIN unidade_federativa uf ON mu.cd_uf = uf.cd_uf
WHERE uf.nm_uf = 'Tocantins'
ORDER BY perimetro_km DESC;",0
MT0072,"Para cada município de Bahia, qual a extensão aproximada das divisas em km?",Médio,"SELECT mu.nm_mun, ROUND((ST_Length(ST_Transform(ST_Boundary(mu.geometry), 5880)) / 1000)::numeric, 2) AS perimetro_km
FROM municipio mu
JOIN unidade_federativa uf ON mu.cd_uf = uf.cd_uf
WHERE uf.nm_uf = 'Bahia'
ORDER BY perimetro_km DESC;",0
DT0001,"Em Piauí, qual a distância média (m) das escolas ao centro de seu município, por município?",Difícil,"SELECT mu.nm_mun,
       ROUND(AVG(ST_Distance(e.geometry::geography, ST_Centroid(mu.geometry)::geography))::numeric, 2) AS dist_media_m
FROM escola e
JOIN municipio mu ON ST_Contains(mu.geometry, e.geometry)
JOIN unidade_federativa uf ON mu.cd_uf = uf.cd_uf
WHERE uf.nm_uf = 'Piauí'
GROUP BY mu.nm_mun
ORDER BY dist_media_m DESC;",0
DT0002,"Em Rio Grande do Sul, qual a distância média (m) das escolas ao centro de seu município, por município?",Difícil,"SELECT mu.nm_mun,
       ROUND(AVG(ST_Distance(e.geometry::geography, ST_Centroid(mu.geometry)::geography))::numeric, 2) AS dist_media_m
FROM escola e
JOIN municipio mu ON ST_Contains(mu.geometry, e.geometry)
JOIN unidade_federativa uf ON mu.cd_uf = uf.cd_uf
WHERE uf.nm_uf = 'Rio Grande do Sul'
GROUP BY mu.nm_mun
ORDER BY dist_media_m DESC;",0
DT0003,"Em Alagoas, qual a distância média (m) das escolas ao centro de seu município, por município?",Difícil,"SELECT mu.nm_mun,
       ROUND(AVG(ST_Distance(e.geometry::geography, ST_Centroid(mu.geometry)::geography))::numeric, 2) AS dist_media_m
FROM escola e
JOIN municipio mu ON ST_Contains(mu.geometry, e.geometry)
JOIN unidade_federativa uf ON mu.cd_uf = uf.cd_uf
WHERE uf.nm_uf = 'Alagoas'
GROUP BY mu.nm_mun
ORDER BY dist_media_m DESC;",0
DT0004,"Em Acre, qual a distância média (m) das escolas ao centro de seu município, por município?",Difícil,"SELECT mu.nm_mun,
       ROUND(AVG(ST_Distance(e.geometry::geography, ST_Centroid(mu.geometry)::geography))::numeric, 2) AS dist_media_m
FROM escola e
JOIN municipio mu ON ST_Contains(mu.geometry, e.geometry)
JOIN unidade_federativa uf ON mu.cd_uf = uf.cd_uf
WHERE uf.nm_uf = 'Acre'
GROUP BY mu.nm_mun
ORDER BY dist_media_m DESC;",0
DT0005,"Em Amazonas, qual a distância média (m) das escolas ao centro de seu município, por município?",Difícil,"SELECT mu.nm_mun,
       ROUND(AVG(ST_Distance(e.geometry::geography, ST_Centroid(mu.geometry)::geography))::numeric, 2) AS dist_media_m
FROM escola e
JOIN municipio mu ON ST_Contains(mu.geometry, e.geometry)
JOIN unidade_federativa uf ON mu.cd_uf = uf.cd_uf
WHERE uf.nm_uf = 'Amazonas'
GROUP BY mu.nm_mun
ORDER BY dist_media_m DESC;",0
DT0006,"Em Amapá, qual a distância média (m) das escolas ao centro de seu município, por município?",Difícil,"SELECT mu.nm_mun,
       ROUND(AVG(ST_Distance(e.geometry::geography, ST_Centroid(mu.geometry)::geography))::numeric, 2) AS dist_media_m
FROM escola e
JOIN municipio mu ON ST_Contains(mu.geometry, e.geometry)
JOIN unidade_federativa uf ON mu.cd_uf = uf.cd_uf
WHERE uf.nm_uf = 'Amapá'
GROUP BY mu.nm_mun
ORDER BY dist_media_m DESC;",0
DT0007,"Em Goiânia, qual a distância média em metros das escolas até o CREAS mais próximo, por dependência administrativa?",Difícil,"SELECT e.tp_depende,
       ROUND(AVG(d.dist_m)::numeric, 2) AS media_m
FROM escola e
JOIN LATERAL (
  SELECT MIN(ST_Distance(e.geometry::geography, cr.geometry::geography)) AS dist_m
  FROM creas cr WHERE cr.nm_mun = 'Goiânia'
) d ON TRUE
JOIN municipio mu ON ST_Contains(mu.geometry, e.geometry)
WHERE mu.nm_mun = 'Goiânia'
GROUP BY e.tp_depende
ORDER BY media_m;",0
DT0008,"Em São Paulo, qual a distância média em metros das escolas até o CREAS mais próximo, por dependência administrativa?",Difícil,"SELECT e.tp_depende,
       ROUND(AVG(d.dist_m)::numeric, 2) AS media_m
FROM escola e
JOIN LATERAL (
  SELECT MIN(ST_Distance(e.geometry::geography, cr.geometry::geography)) AS dist_m
  FROM creas cr WHERE cr.nm_mun = 'São Paulo'
) d ON TRUE
JOIN municipio mu ON ST_Contains(mu.geometry, e.geometry)
WHERE mu.nm_mun = 'São Paulo'
GROUP BY e.tp_depende
ORDER BY media_m;",0
DT0009,"Em Maceió, qual a distância média em metros das escolas até o CRAS mais próximo, por dependência administrativa?",Difícil,"SELECT e.tp_depende,
       ROUND(AVG(d.dist_m)::numeric, 2) AS media_m
FROM escola e
JOIN LATERAL (
  SELECT MIN(ST_Distance(e.geometry::geography, c.geometry::geography)) AS dist_m
  FROM cras c WHERE c.nm_mun = 'Maceió'
) d ON TRUE
JOIN municipio mu ON ST_Contains(mu.geometry, e.geometry)
WHERE mu.nm_mun = 'Maceió'
GROUP BY e.tp_depende
ORDER BY media_m;",0
DT0010,"Em João Pessoa, qual a distância média em metros das escolas até o CREAS mais próximo, por dependência administrativa?",Difícil,"SELECT e.tp_depende,
       ROUND(AVG(d.dist_m)::numeric, 2) AS media_m
FROM escola e
JOIN LATERAL (
  SELECT MIN(ST_Distance(e.geometry::geography, cr.geometry::geography)) AS dist_m
  FROM creas cr WHERE cr.nm_mun = 'João Pessoa'
) d ON TRUE
JOIN municipio mu ON ST_Contains(mu.geometry, e.geometry)
WHERE mu.nm_mun = 'João Pessoa'
GROUP BY e.tp_depende
ORDER BY media_m;",0
DT0011,"Em São Luís, qual a distância média em metros das escolas até o CREAS mais próximo, por dependência administrativa?",Difícil,"SELECT e.tp_depende,
       ROUND(AVG(d.dist_m)::numeric, 2) AS media_m
FROM escola e
JOIN LATERAL (
  SELECT MIN(ST_Distance(e.geometry::geography, cr.geometry::geography)) AS dist_m
  FROM creas cr WHERE cr.nm_mun = 'São Luís'
) d ON TRUE
JOIN municipio mu ON ST_Contains(mu.geometry, e.geometry)
WHERE mu.nm_mun = 'São Luís'
GROUP BY e.tp_depende
ORDER BY media_m;",0
DT0012,"Em Aracaju, qual a distância média em metros das escolas até o CREAS mais próximo, por dependência administrativa?",Difícil,"SELECT e.tp_depende,
       ROUND(AVG(d.dist_m)::numeric, 2) AS media_m
FROM escola e
JOIN LATERAL (
  SELECT MIN(ST_Distance(e.geometry::geography, cr.geometry::geography)) AS dist_m
  FROM creas cr WHERE cr.nm_mun = 'Aracaju'
) d ON TRUE
JOIN municipio mu ON ST_Contains(mu.geometry, e.geometry)
WHERE mu.nm_mun = 'Aracaju'
GROUP BY e.tp_depende
ORDER BY media_m;",0
DT0013,"Em Fortaleza, quantas escolas estão a até 15 km de cada CREAS?",Difícil,"SELECT cr.nu_identif, COUNT(DISTINCT e.cd_entidade) AS n_escolas
FROM creas cr
JOIN escola e ON ST_DWithin(cr.geometry::geography, e.geometry::geography, 15000)
JOIN microdados_ed_basica md ON e.cd_entidade = md.cd_entidade
WHERE cr.nm_mun = 'Fortaleza'
GROUP BY cr.nu_identif
ORDER BY n_escolas DESC;",0
DT0014,"Em Aracaju, quantas escolas estão a até 2 km de cada CRAS?",Difícil,"SELECT c.nu_identif, COUNT(DISTINCT e.cd_entidade) AS n_escolas
FROM cras c
JOIN escola e ON ST_DWithin(c.geometry::geography, e.geometry::geography, 2000)
JOIN microdados_ed_basica md ON e.cd_entidade = md.cd_entidade
WHERE c.nm_mun = 'Aracaju'
GROUP BY c.nu_identif
ORDER BY n_escolas DESC;",0
DT0015,"Em Vitória, quantas escolas estão a até 5 km de cada CREAS?",Difícil,"SELECT cr.nu_identif, COUNT(DISTINCT e.cd_entidade) AS n_escolas
FROM creas cr
JOIN escola e ON ST_DWithin(cr.geometry::geography, e.geometry::geography, 5000)
JOIN microdados_ed_basica md ON e.cd_entidade = md.cd_entidade
WHERE cr.nm_mun = 'Vitória'
GROUP BY cr.nu_identif
ORDER BY n_escolas DESC;",0
DT0016,"Em Belo Horizonte, quantas escolas estão a até 15 km de cada CREAS?",Difícil,"SELECT cr.nu_identif, COUNT(DISTINCT e.cd_entidade) AS n_escolas
FROM creas cr
JOIN escola e ON ST_DWithin(cr.geometry::geography, e.geometry::geography, 15000)
JOIN microdados_ed_basica md ON e.cd_entidade = md.cd_entidade
WHERE cr.nm_mun = 'Belo Horizonte'
GROUP BY cr.nu_identif
ORDER BY n_escolas DESC;",0
DT0017,"Em Maceió, quantas escolas estão a até 3 km de cada CRAS?",Difícil,"SELECT c.nu_identif, COUNT(DISTINCT e.cd_entidade) AS n_escolas
FROM cras c
JOIN escola e ON ST_DWithin(c.geometry::geography, e.geometry::geography, 3000)
JOIN microdados_ed_basica md ON e.cd_entidade = md.cd_entidade
WHERE c.nm_mun = 'Maceió'
GROUP BY c.nu_identif
ORDER BY n_escolas DESC;",0
DT0018,"Em Uberlândia, quantas escolas estão a até 15 km de cada CRAS?",Difícil,"SELECT c.nu_identif, COUNT(DISTINCT e.cd_entidade) AS n_escolas
FROM cras c
JOIN escola e ON ST_DWithin(c.geometry::geography, e.geometry::geography, 15000)
JOIN microdados_ed_basica md ON e.cd_entidade = md.cd_entidade
WHERE c.nm_mun = 'Uberlândia'
GROUP BY c.nu_identif
ORDER BY n_escolas DESC;",0
DT0019,"Na região Norte, para municípios com área acima de 400 km², qual a soma das áreas das regiões centrais por estado?",Difícil,"SELECT uf.nm_uf, ROUND(SUM(ST_Area(ST_Transform(ST_Intersection(mu.geometry, ST_Buffer(ST_Centroid(mu.geometry), 0.1)), 5880)) / 1e6)::numeric, 2) AS soma_inter_km2
FROM municipio mu
JOIN unidade_federativa uf ON mu.cd_uf = uf.cd_uf
JOIN regiao rg ON uf.cd_regia = rg.cd_regia
WHERE rg.nm_regia = 'Norte' AND ST_Area(ST_Transform(mu.geometry, 5880)) / 1e6 > 400
GROUP BY uf.nm_uf
ORDER BY soma_inter_km2 DESC;",0
DT0020,"Na região Centro-Oeste, para municípios com área acima de 200 km², qual a soma das áreas das regiões centrais por estado?",Difícil,"SELECT uf.nm_uf, ROUND(SUM(ST_Area(ST_Transform(ST_Intersection(mu.geometry, ST_Buffer(ST_Centroid(mu.geometry), 0.1)), 5880)) / 1e6)::numeric, 2) AS soma_inter_km2
FROM municipio mu
JOIN unidade_federativa uf ON mu.cd_uf = uf.cd_uf
JOIN regiao rg ON uf.cd_regia = rg.cd_regia
WHERE rg.nm_regia = 'Centro-Oeste' AND ST_Area(ST_Transform(mu.geometry, 5880)) / 1e6 > 200
GROUP BY uf.nm_uf
ORDER BY soma_inter_km2 DESC;",0
DT0021,"Por estado da região Nordeste, qual a soma das áreas das regiões centrais nos municípios com mais de 200 km²?",Difícil,"SELECT uf.nm_uf, ROUND(SUM(ST_Area(ST_Transform(ST_Intersection(mu.geometry, ST_Buffer(ST_Centroid(mu.geometry), 0.1)), 5880)) / 1e6)::numeric, 2) AS soma_inter_km2
FROM municipio mu
JOIN unidade_federativa uf ON mu.cd_uf = uf.cd_uf
JOIN regiao rg ON uf.cd_regia = rg.cd_regia
WHERE rg.nm_regia = 'Nordeste' AND ST_Area(ST_Transform(mu.geometry, 5880)) / 1e6 > 200
GROUP BY uf.nm_uf
ORDER BY soma_inter_km2 DESC;",0
DT0022,"Na região Centro-Oeste, para municípios com área acima de 100 km², qual a média das áreas das regiões centrais por estado?",Difícil,"SELECT uf.nm_uf, ROUND(AVG(ST_Area(ST_Transform(ST_Intersection(mu.geometry, ST_Buffer(ST_Centroid(mu.geometry), 0.1)), 5880)) / 1e6)::numeric, 2) AS media_inter_km2
FROM municipio mu
JOIN unidade_federativa uf ON mu.cd_uf = uf.cd_uf
JOIN regiao rg ON uf.cd_regia = rg.cd_regia
WHERE rg.nm_regia = 'Centro-Oeste' AND ST_Area(ST_Transform(mu.geometry, 5880)) / 1e6 > 100
GROUP BY uf.nm_uf
ORDER BY media_inter_km2 DESC;",0
DT0023,"Por estado da região Norte, qual a soma das áreas das regiões centrais nos municípios com mais de 250 km²?",Difícil,"SELECT uf.nm_uf, ROUND(SUM(ST_Area(ST_Transform(ST_Intersection(mu.geometry, ST_Buffer(ST_Centroid(mu.geometry), 0.1)), 5880)) / 1e6)::numeric, 2) AS soma_inter_km2
FROM municipio mu
JOIN unidade_federativa uf ON mu.cd_uf = uf.cd_uf
JOIN regiao rg ON uf.cd_regia = rg.cd_regia
WHERE rg.nm_regia = 'Norte' AND ST_Area(ST_Transform(mu.geometry, 5880)) / 1e6 > 250
GROUP BY uf.nm_uf
ORDER BY soma_inter_km2 DESC;",0
DT0024,"Na região Sudeste, para municípios com área acima de 80 km², qual a máxima das áreas das regiões centrais por estado?",Difícil,"SELECT uf.nm_uf, ROUND(MAX(ST_Area(ST_Transform(ST_Intersection(mu.geometry, ST_Buffer(ST_Centroid(mu.geometry), 0.1)), 5880)) / 1e6)::numeric, 2) AS max_inter_km2
FROM municipio mu
JOIN unidade_federativa uf ON mu.cd_uf = uf.cd_uf
JOIN regiao rg ON uf.cd_regia = rg.cd_regia
WHERE rg.nm_regia = 'Sudeste' AND ST_Area(ST_Transform(mu.geometry, 5880)) / 1e6 > 80
GROUP BY uf.nm_uf
ORDER BY max_inter_km2 DESC;",0
DT0025,"Num raio de 15 km do centro de Uberlândia, qual a média de matrículas na educação básica por dependência administrativa?",Difícil,"SELECT e.tp_depende, ROUND(AVG(md.qt_mat_bas)::numeric, 2) AS media
FROM escola e
JOIN microdados_ed_basica md ON e.cd_entidade = md.cd_entidade
WHERE ST_Intersects(ST_Buffer(ST_SetSRID(ST_MakePoint(-48.2912, -18.9295), 4674)::geography, 15000), e.geometry::geography)
GROUP BY e.tp_depende
ORDER BY media DESC;",0
DT0026,"Num raio de 12 km do centro de São Luís, qual a média de matrículas na EJA por dependência administrativa?",Difícil,"SELECT e.tp_depende, ROUND(AVG(md.qt_mat_eja)::numeric, 2) AS media
FROM escola e
JOIN microdados_ed_basica md ON e.cd_entidade = md.cd_entidade
WHERE ST_Intersects(ST_Buffer(ST_SetSRID(ST_MakePoint(-44.3191, -2.5388), 4674)::geography, 12000), e.geometry::geography)
GROUP BY e.tp_depende
ORDER BY media DESC;",0
DT0027,"Num raio de 2 km do centro de Contagem, qual a média de computadores portáteis para alunos por dependência administrativa?",Difícil,"SELECT e.tp_depende, ROUND(AVG(md.qt_comp_portatil_aluno)::numeric, 2) AS media
FROM escola e
JOIN microdados_ed_basica md ON e.cd_entidade = md.cd_entidade
WHERE ST_Intersects(ST_Buffer(ST_SetSRID(ST_MakePoint(-44.0664, -19.9435), 4674)::geography, 2000), e.geometry::geography)
GROUP BY e.tp_depende
ORDER BY media DESC;",0
DT0028,"Num raio de 10 km do centro de Recife, qual a média de desktops para alunos por dependência administrativa?",Difícil,"SELECT e.tp_depende, ROUND(AVG(md.qt_desktop_aluno)::numeric, 2) AS media
FROM escola e
JOIN microdados_ed_basica md ON e.cd_entidade = md.cd_entidade
WHERE ST_Intersects(ST_Buffer(ST_SetSRID(ST_MakePoint(-34.8964, -8.0416), 4674)::geography, 10000), e.geometry::geography)
GROUP BY e.tp_depende
ORDER BY media DESC;",0
DT0029,"Num raio de 6 km do centro de Vitória, qual a média de computadores portáteis para alunos por dependência administrativa?",Difícil,"SELECT e.tp_depende, ROUND(AVG(md.qt_comp_portatil_aluno)::numeric, 2) AS media
FROM escola e
JOIN microdados_ed_basica md ON e.cd_entidade = md.cd_entidade
WHERE ST_Intersects(ST_Buffer(ST_SetSRID(ST_MakePoint(-40.3309, -20.3242), 4674)::geography, 6000), e.geometry::geography)
GROUP BY e.tp_depende
ORDER BY media DESC;",0
DT0030,"Num raio de 15 km do centro de Salvador, qual a média de docentes da educação básica por dependência administrativa?",Difícil,"SELECT e.tp_depende, ROUND(AVG(md.qt_doc_bas)::numeric, 2) AS media
FROM escola e
JOIN microdados_ed_basica md ON e.cd_entidade = md.cd_entidade
WHERE ST_Intersects(ST_Buffer(ST_SetSRID(ST_MakePoint(-38.5152, -12.9605), 4674)::geography, 15000), e.geometry::geography)
GROUP BY e.tp_depende
ORDER BY media DESC;",0
DT0031,"Por estado da região Sudeste, qual a área total dos municípios com mais de 250 km²?",Difícil,"SELECT uf.nm_uf, ROUND(SUM(ST_Area(ST_Transform(mu.geometry, 5880)) / 1e6)::numeric, 2) AS area_total_km2
FROM municipio mu
JOIN unidade_federativa uf ON mu.cd_uf = uf.cd_uf
JOIN regiao rg ON uf.cd_regia = rg.cd_regia
WHERE rg.nm_regia = 'Sudeste' AND ST_Area(ST_Transform(mu.geometry, 5880)) / 1e6 > 250
GROUP BY uf.nm_uf
ORDER BY area_total_km2 DESC;",0
DT0032,"Por estado da região Sul, qual a área máxima dos municípios com mais de 300 km²?",Difícil,"SELECT uf.nm_uf, ROUND(MAX(ST_Area(ST_Transform(mu.geometry, 5880)) / 1e6)::numeric, 2) AS area_maxima_km2
FROM municipio mu
JOIN unidade_federativa uf ON mu.cd_uf = uf.cd_uf
JOIN regiao rg ON uf.cd_regia = rg.cd_regia
WHERE rg.nm_regia = 'Sul' AND ST_Area(ST_Transform(mu.geometry, 5880)) / 1e6 > 300
GROUP BY uf.nm_uf
ORDER BY area_maxima_km2 DESC;",0
DT0033,"Na região Norte, considerando municípios com área acima de 500 km², qual a área total (km²) por estado?",Difícil,"SELECT uf.nm_uf, ROUND(SUM(ST_Area(ST_Transform(mu.geometry, 5880)) / 1e6)::numeric, 2) AS area_total_km2
FROM municipio mu
JOIN unidade_federativa uf ON mu.cd_uf = uf.cd_uf
JOIN regiao rg ON uf.cd_regia = rg.cd_regia
WHERE rg.nm_regia = 'Norte' AND ST_Area(ST_Transform(mu.geometry, 5880)) / 1e6 > 500
GROUP BY uf.nm_uf
ORDER BY area_total_km2 DESC;",0
DT0034,"Na região Centro-Oeste, considerando municípios com área acima de 500 km², qual a área total (km²) por estado?",Difícil,"SELECT uf.nm_uf, ROUND(SUM(ST_Area(ST_Transform(mu.geometry, 5880)) / 1e6)::numeric, 2) AS area_total_km2
FROM municipio mu
JOIN unidade_federativa uf ON mu.cd_uf = uf.cd_uf
JOIN regiao rg ON uf.cd_regia = rg.cd_regia
WHERE rg.nm_regia = 'Centro-Oeste' AND ST_Area(ST_Transform(mu.geometry, 5880)) / 1e6 > 500
GROUP BY uf.nm_uf
ORDER BY area_total_km2 DESC;",0
DT0035,"Na região Centro-Oeste, considerando municípios com área acima de 100 km², qual a área total (km²) por estado?",Difícil,"SELECT uf.nm_uf, ROUND(SUM(ST_Area(ST_Transform(mu.geometry, 5880)) / 1e6)::numeric, 2) AS area_total_km2
FROM municipio mu
JOIN unidade_federativa uf ON mu.cd_uf = uf.cd_uf
JOIN regiao rg ON uf.cd_regia = rg.cd_regia
WHERE rg.nm_regia = 'Centro-Oeste' AND ST_Area(ST_Transform(mu.geometry, 5880)) / 1e6 > 100
GROUP BY uf.nm_uf
ORDER BY area_total_km2 DESC;",0
DT0036,"Por estado da região Norte, qual a área média dos municípios com mais de 120 km²?",Difícil,"SELECT uf.nm_uf, ROUND(AVG(ST_Area(ST_Transform(mu.geometry, 5880)) / 1e6)::numeric, 2) AS area_media_km2
FROM municipio mu
JOIN unidade_federativa uf ON mu.cd_uf = uf.cd_uf
JOIN regiao rg ON uf.cd_regia = rg.cd_regia
WHERE rg.nm_regia = 'Norte' AND ST_Area(ST_Transform(mu.geometry, 5880)) / 1e6 > 120
GROUP BY uf.nm_uf
ORDER BY area_media_km2 DESC;",0
DT0037,"Na média por escola, qual o número de salas de aula utilizadas em cada estado da região Centro-Oeste?",Difícil,"SELECT uf.nm_uf, ROUND(AVG(md.qt_salas_utilizadas)::numeric, 2) AS media
FROM escola e
JOIN microdados_ed_basica md ON e.cd_entidade = md.cd_entidade
JOIN municipio mu ON ST_Contains(mu.geometry, e.geometry)
JOIN unidade_federativa uf ON mu.cd_uf = uf.cd_uf
JOIN regiao rg ON uf.cd_regia = rg.cd_regia
WHERE rg.nm_regia = 'Centro-Oeste'
GROUP BY uf.nm_uf
ORDER BY media DESC;",0
DT0038,"Na média por escola, qual o número de matrículas na educação profissional em cada estado da região Nordeste?",Difícil,"SELECT uf.nm_uf, ROUND(AVG(md.qt_mat_prof)::numeric, 2) AS media
FROM escola e
JOIN microdados_ed_basica md ON e.cd_entidade = md.cd_entidade
JOIN municipio mu ON ST_Contains(mu.geometry, e.geometry)
JOIN unidade_federativa uf ON mu.cd_uf = uf.cd_uf
JOIN regiao rg ON uf.cd_regia = rg.cd_regia
WHERE rg.nm_regia = 'Nordeste'
GROUP BY uf.nm_uf
ORDER BY media DESC;",0
DT0039,"Qual a média de turmas da educação básica por escola, por estado, na região Centro-Oeste?",Difícil,"SELECT uf.nm_uf, ROUND(AVG(md.qt_tur_bas)::numeric, 2) AS media
FROM escola e
JOIN microdados_ed_basica md ON e.cd_entidade = md.cd_entidade
JOIN municipio mu ON ST_Contains(mu.geometry, e.geometry)
JOIN unidade_federativa uf ON mu.cd_uf = uf.cd_uf
JOIN regiao rg ON uf.cd_regia = rg.cd_regia
WHERE rg.nm_regia = 'Centro-Oeste'
GROUP BY uf.nm_uf
ORDER BY media DESC;",0
DT0040,"Qual a média de computadores portáteis para alunos por escola, por estado, na região Norte?",Difícil,"SELECT uf.nm_uf, ROUND(AVG(md.qt_comp_portatil_aluno)::numeric, 2) AS media
FROM escola e
JOIN microdados_ed_basica md ON e.cd_entidade = md.cd_entidade
JOIN municipio mu ON ST_Contains(mu.geometry, e.geometry)
JOIN unidade_federativa uf ON mu.cd_uf = uf.cd_uf
JOIN regiao rg ON uf.cd_regia = rg.cd_regia
WHERE rg.nm_regia = 'Norte'
GROUP BY uf.nm_uf
ORDER BY media DESC;",0
DT0041,"Na média por escola, qual o número de desktops para alunos em cada estado da região Centro-Oeste?",Difícil,"SELECT uf.nm_uf, ROUND(AVG(md.qt_desktop_aluno)::numeric, 2) AS media
FROM escola e
JOIN microdados_ed_basica md ON e.cd_entidade = md.cd_entidade
JOIN municipio mu ON ST_Contains(mu.geometry, e.geometry)
JOIN unidade_federativa uf ON mu.cd_uf = uf.cd_uf
JOIN regiao rg ON uf.cd_regia = rg.cd_regia
WHERE rg.nm_regia = 'Centro-Oeste'
GROUP BY uf.nm_uf
ORDER BY media DESC;",0
DT0042,"Qual a média de docentes da educação básica por escola, por estado, na região Nordeste?",Difícil,"SELECT uf.nm_uf, ROUND(AVG(md.qt_doc_bas)::numeric, 2) AS media
FROM escola e
JOIN microdados_ed_basica md ON e.cd_entidade = md.cd_entidade
JOIN municipio mu ON ST_Contains(mu.geometry, e.geometry)
JOIN unidade_federativa uf ON mu.cd_uf = uf.cd_uf
JOIN regiao rg ON uf.cd_regia = rg.cd_regia
WHERE rg.nm_regia = 'Nordeste'
GROUP BY uf.nm_uf
ORDER BY media DESC;",0
DT0043,"Qual a média de desktops para alunos por escola, por estado, na região Centro-Oeste?",Difícil,"SELECT uf.nm_uf, ROUND(AVG(md.qt_desktop_aluno)::numeric, 2) AS media
FROM escola e
JOIN microdados_ed_basica md ON e.cd_entidade = md.cd_entidade
JOIN municipio mu ON ST_Intersects(mu.geometry, e.geometry)
JOIN unidade_federativa uf ON mu.cd_uf = uf.cd_uf
JOIN regiao rg ON uf.cd_regia = rg.cd_regia
WHERE rg.nm_regia = 'Centro-Oeste'
GROUP BY uf.nm_uf
ORDER BY media DESC;",0
DT0044,"Na média por escola, qual o número de matrículas na educação profissional em cada estado da região Norte?",Difícil,"SELECT uf.nm_uf, ROUND(AVG(md.qt_mat_prof)::numeric, 2) AS media
FROM escola e
JOIN microdados_ed_basica md ON e.cd_entidade = md.cd_entidade
JOIN municipio mu ON ST_Intersects(mu.geometry, e.geometry)
JOIN unidade_federativa uf ON mu.cd_uf = uf.cd_uf
JOIN regiao rg ON uf.cd_regia = rg.cd_regia
WHERE rg.nm_regia = 'Norte'
GROUP BY uf.nm_uf
ORDER BY media DESC;",0
DT0045,"Qual a média de computadores portáteis para alunos por escola, por estado, na região Sudeste?",Difícil,"SELECT uf.nm_uf, ROUND(AVG(md.qt_comp_portatil_aluno)::numeric, 2) AS media
FROM escola e
JOIN microdados_ed_basica md ON e.cd_entidade = md.cd_entidade
JOIN municipio mu ON ST_Intersects(mu.geometry, e.geometry)
JOIN unidade_federativa uf ON mu.cd_uf = uf.cd_uf
JOIN regiao rg ON uf.cd_regia = rg.cd_regia
WHERE rg.nm_regia = 'Sudeste'
GROUP BY uf.nm_uf
ORDER BY media DESC;",0
DT0046,"Qual a média de salas de aula utilizadas por escola, por estado, na região Norte?",Difícil,"SELECT uf.nm_uf, ROUND(AVG(md.qt_salas_utilizadas)::numeric, 2) AS media
FROM escola e
JOIN microdados_ed_basica md ON e.cd_entidade = md.cd_entidade
JOIN municipio mu ON ST_Intersects(mu.geometry, e.geometry)
JOIN unidade_federativa uf ON mu.cd_uf = uf.cd_uf
JOIN regiao rg ON uf.cd_regia = rg.cd_regia
WHERE rg.nm_regia = 'Norte'
GROUP BY uf.nm_uf
ORDER BY media DESC;",0
DT0047,"Qual a média de matrículas na educação básica por escola, por estado, na região Nordeste?",Difícil,"SELECT uf.nm_uf, ROUND(AVG(md.qt_mat_bas)::numeric, 2) AS media
FROM escola e
JOIN microdados_ed_basica md ON e.cd_entidade = md.cd_entidade
JOIN municipio mu ON ST_Intersects(mu.geometry, e.geometry)
JOIN unidade_federativa uf ON mu.cd_uf = uf.cd_uf
JOIN regiao rg ON uf.cd_regia = rg.cd_regia
WHERE rg.nm_regia = 'Nordeste'
GROUP BY uf.nm_uf
ORDER BY media DESC;",0
DT0048,"Qual a média de matrículas no ensino fundamental por escola, por estado, na região Norte?",Difícil,"SELECT uf.nm_uf, ROUND(AVG(md.qt_mat_fund)::numeric, 2) AS media
FROM escola e
JOIN microdados_ed_basica md ON e.cd_entidade = md.cd_entidade
JOIN municipio mu ON ST_Intersects(mu.geometry, e.geometry)
JOIN unidade_federativa uf ON mu.cd_uf = uf.cd_uf
JOIN regiao rg ON uf.cd_regia = rg.cd_regia
WHERE rg.nm_regia = 'Norte'
GROUP BY uf.nm_uf
ORDER BY media DESC;",0
DT0049,"Na média por escola, qual o número de docentes da educação básica em cada estado da região Centro-Oeste?",Difícil,"SELECT uf.nm_uf, ROUND(AVG(md.qt_doc_bas)::numeric, 2) AS media
FROM escola e
JOIN microdados_ed_basica md ON e.cd_entidade = md.cd_entidade
JOIN municipio mu ON ST_Within(e.geometry, mu.geometry)
JOIN unidade_federativa uf ON mu.cd_uf = uf.cd_uf
JOIN regiao rg ON uf.cd_regia = rg.cd_regia
WHERE rg.nm_regia = 'Centro-Oeste'
GROUP BY uf.nm_uf
ORDER BY media DESC;",0
DT0050,"Na média por escola, qual o número de matrículas na EJA em cada estado da região Sudeste?",Difícil,"SELECT uf.nm_uf, ROUND(AVG(md.qt_mat_eja)::numeric, 2) AS media
FROM escola e
JOIN microdados_ed_basica md ON e.cd_entidade = md.cd_entidade
JOIN municipio mu ON ST_Within(e.geometry, mu.geometry)
JOIN unidade_federativa uf ON mu.cd_uf = uf.cd_uf
JOIN regiao rg ON uf.cd_regia = rg.cd_regia
WHERE rg.nm_regia = 'Sudeste'
GROUP BY uf.nm_uf
ORDER BY media DESC;",0
DT0051,"Na média por escola, qual o número de matrículas na educação infantil em cada estado da região Sul?",Difícil,"SELECT uf.nm_uf, ROUND(AVG(md.qt_mat_inf)::numeric, 2) AS media
FROM escola e
JOIN microdados_ed_basica md ON e.cd_entidade = md.cd_entidade
JOIN municipio mu ON ST_Within(e.geometry, mu.geometry)
JOIN unidade_federativa uf ON mu.cd_uf = uf.cd_uf
JOIN regiao rg ON uf.cd_regia = rg.cd_regia
WHERE rg.nm_regia = 'Sul'
GROUP BY uf.nm_uf
ORDER BY media DESC;",0
DT0052,"Na média por escola, qual o número de computadores portáteis para alunos em cada estado da região Sudeste?",Difícil,"SELECT uf.nm_uf, ROUND(AVG(md.qt_comp_portatil_aluno)::numeric, 2) AS media
FROM escola e
JOIN microdados_ed_basica md ON e.cd_entidade = md.cd_entidade
JOIN municipio mu ON ST_Within(e.geometry, mu.geometry)
JOIN unidade_federativa uf ON mu.cd_uf = uf.cd_uf
JOIN regiao rg ON uf.cd_regia = rg.cd_regia
WHERE rg.nm_regia = 'Sudeste'
GROUP BY uf.nm_uf
ORDER BY media DESC;",0
DT0053,"Na média por escola, qual o número de turmas da educação básica em cada estado da região Norte?",Difícil,"SELECT uf.nm_uf, ROUND(AVG(md.qt_tur_bas)::numeric, 2) AS media
FROM escola e
JOIN microdados_ed_basica md ON e.cd_entidade = md.cd_entidade
JOIN municipio mu ON ST_Within(e.geometry, mu.geometry)
JOIN unidade_federativa uf ON mu.cd_uf = uf.cd_uf
JOIN regiao rg ON uf.cd_regia = rg.cd_regia
WHERE rg.nm_regia = 'Norte'
GROUP BY uf.nm_uf
ORDER BY media DESC;",0
DT0054,"Qual a média de matrículas na educação profissional por escola, por estado, na região Centro-Oeste?",Difícil,"SELECT uf.nm_uf, ROUND(AVG(md.qt_mat_prof)::numeric, 2) AS media
FROM escola e
JOIN microdados_ed_basica md ON e.cd_entidade = md.cd_entidade
JOIN municipio mu ON ST_Within(e.geometry, mu.geometry)
JOIN unidade_federativa uf ON mu.cd_uf = uf.cd_uf
JOIN regiao rg ON uf.cd_regia = rg.cd_regia
WHERE rg.nm_regia = 'Centro-Oeste'
GROUP BY uf.nm_uf
ORDER BY media DESC;",0
DT0055,"A até 15 km do centro de Curitiba, qual a soma de matrículas na EJA por dependência administrativa?",Difícil,"SELECT e.tp_depende, SUM(md.qt_mat_eja) AS total
FROM escola e
JOIN microdados_ed_basica md ON e.cd_entidade = md.cd_entidade
WHERE ST_DWithin(e.geometry::geography, ST_SetSRID(ST_MakePoint(-49.2748, -25.4279), 4674)::geography, 15000)
GROUP BY e.tp_depende
ORDER BY total DESC;",0
DT0056,"A até 6 km do centro de Vitória, qual a soma de computadores portáteis para alunos por dependência administrativa?",Difícil,"SELECT e.tp_depende, SUM(md.qt_comp_portatil_aluno) AS total
FROM escola e
JOIN microdados_ed_basica md ON e.cd_entidade = md.cd_entidade
WHERE ST_DWithin(e.geometry::geography, ST_SetSRID(ST_MakePoint(-40.3369, -20.327), 4674)::geography, 6000)
GROUP BY e.tp_depende
ORDER BY total DESC;",0
DT0057,"A até 5 km do centro de Salvador, qual a soma de turmas da educação básica por dependência administrativa?",Difícil,"SELECT e.tp_depende, SUM(md.qt_tur_bas) AS total
FROM escola e
JOIN microdados_ed_basica md ON e.cd_entidade = md.cd_entidade
WHERE ST_DWithin(e.geometry::geography, ST_SetSRID(ST_MakePoint(-38.5086, -12.9759), 4674)::geography, 5000)
GROUP BY e.tp_depende
ORDER BY total DESC;",0
DT0058,"A até 10 km do centro de Rio de Janeiro, qual a soma de turmas da educação básica por dependência administrativa?",Difícil,"SELECT e.tp_depende, SUM(md.qt_tur_bas) AS total
FROM escola e
JOIN microdados_ed_basica md ON e.cd_entidade = md.cd_entidade
WHERE ST_DWithin(e.geometry::geography, ST_SetSRID(ST_MakePoint(-43.2164, -22.9026), 4674)::geography, 10000)
GROUP BY e.tp_depende
ORDER BY total DESC;",0
DT0059,"A até 4 km do centro de Maceió, qual a soma de turmas da educação básica por dependência administrativa?",Difícil,"SELECT e.tp_depende, SUM(md.qt_tur_bas) AS total
FROM escola e
JOIN microdados_ed_basica md ON e.cd_entidade = md.cd_entidade
WHERE ST_DWithin(e.geometry::geography, ST_SetSRID(ST_MakePoint(-35.7366, -9.6535), 4674)::geography, 4000)
GROUP BY e.tp_depende
ORDER BY total DESC;",0
DT0060,"A até 2 km do centro de Campo Grande, qual a soma de matrículas na educação básica por dependência administrativa?",Difícil,"SELECT e.tp_depende, SUM(md.qt_mat_bas) AS total
FROM escola e
JOIN microdados_ed_basica md ON e.cd_entidade = md.cd_entidade
WHERE ST_DWithin(e.geometry::geography, ST_SetSRID(ST_MakePoint(-54.6492, -20.463), 4674)::geography, 2000)
GROUP BY e.tp_depende
ORDER BY total DESC;",0
DT0061,"A até 5 km do centro de Recife, qual a soma de matrículas na educação profissional por dependência administrativa?",Difícil,"SELECT e.tp_depende, SUM(md.qt_mat_prof) AS total
FROM escola e
JOIN microdados_ed_basica md ON e.cd_entidade = md.cd_entidade
WHERE ST_DWithin(e.geometry::geography, ST_SetSRID(ST_MakePoint(-34.8846, -8.0504), 4674)::geography, 5000)
GROUP BY e.tp_depende
ORDER BY total DESC;",0
DT0062,"A até 3 km do centro de Goiânia, qual a soma de matrículas na EJA por dependência administrativa?",Difícil,"SELECT e.tp_depende, SUM(md.qt_mat_eja) AS total
FROM escola e
JOIN microdados_ed_basica md ON e.cd_entidade = md.cd_entidade
WHERE ST_DWithin(e.geometry::geography, ST_SetSRID(ST_MakePoint(-49.2376, -16.6732), 4674)::geography, 3000)
GROUP BY e.tp_depende
ORDER BY total DESC;",0
DT0063,"A até 5 km do centro de Florianópolis, qual a soma de salas de aula utilizadas por dependência administrativa?",Difícil,"SELECT e.tp_depende, SUM(md.qt_salas_utilizadas) AS total
FROM escola e
JOIN microdados_ed_basica md ON e.cd_entidade = md.cd_entidade
WHERE ST_DWithin(e.geometry::geography, ST_SetSRID(ST_MakePoint(-48.5604, -27.5944), 4674)::geography, 5000)
GROUP BY e.tp_depende
ORDER BY total DESC;",0
DT0064,"A até 2 km do centro de Florianópolis, qual a soma de matrículas no ensino médio por dependência administrativa?",Difícil,"SELECT e.tp_depende, SUM(md.qt_mat_med) AS total
FROM escola e
JOIN microdados_ed_basica md ON e.cd_entidade = md.cd_entidade
WHERE ST_DWithin(e.geometry::geography, ST_SetSRID(ST_MakePoint(-48.5412, -27.6096), 4674)::geography, 2000)
GROUP BY e.tp_depende
ORDER BY total DESC;",0
DT0065,"A até 12 km do centro de Goiânia, qual a soma de matrículas na educação profissional por dependência administrativa?",Difícil,"SELECT e.tp_depende, SUM(md.qt_mat_prof) AS total
FROM escola e
JOIN microdados_ed_basica md ON e.cd_entidade = md.cd_entidade
WHERE ST_DWithin(e.geometry::geography, ST_SetSRID(ST_MakePoint(-49.2588, -16.6769), 4674)::geography, 12000)
GROUP BY e.tp_depende
ORDER BY total DESC;",0
DT0066,"A até 12 km do centro de Belo Horizonte, qual a soma de matrículas no ensino fundamental por dependência administrativa?",Difícil,"SELECT e.tp_depende, SUM(md.qt_mat_fund) AS total
FROM escola e
JOIN microdados_ed_basica md ON e.cd_entidade = md.cd_entidade
WHERE ST_DWithin(e.geometry::geography, ST_SetSRID(ST_MakePoint(-43.9524, -19.916), 4674)::geography, 12000)
GROUP BY e.tp_depende
ORDER BY total DESC;",0
DT0067,Qual a densidade de escolas por km² em cada município de São Paulo?,Difícil,"SELECT mu.nm_mun,
       ROUND((COUNT(e.cd_entidade) / (ST_Area(ST_Transform(mu.geometry, 5880)) / 1e6))::numeric, 4) AS escolas_por_km2
FROM municipio mu
JOIN unidade_federativa uf ON mu.cd_uf = uf.cd_uf
JOIN escola e ON ST_Contains(mu.geometry, e.geometry)
WHERE uf.nm_uf = 'São Paulo'
GROUP BY mu.nm_mun, mu.geometry
ORDER BY escolas_por_km2 DESC;",0
DT0068,Qual a densidade de escolas por km² em cada município de Mato Grosso do Sul?,Difícil,"SELECT mu.nm_mun,
       ROUND((COUNT(e.cd_entidade) / (ST_Area(ST_Transform(mu.geometry, 5880)) / 1e6))::numeric, 4) AS escolas_por_km2
FROM municipio mu
JOIN unidade_federativa uf ON mu.cd_uf = uf.cd_uf
JOIN escola e ON ST_Contains(mu.geometry, e.geometry)
WHERE uf.nm_uf = 'Mato Grosso do Sul'
GROUP BY mu.nm_mun, mu.geometry
ORDER BY escolas_por_km2 DESC;",0
DT0069,Qual a densidade de escolas por km² em cada município de Paraíba?,Difícil,"SELECT mu.nm_mun,
       ROUND((COUNT(e.cd_entidade) / (ST_Area(ST_Transform(mu.geometry, 5880)) / 1e6))::numeric, 4) AS escolas_por_km2
FROM municipio mu
JOIN unidade_federativa uf ON mu.cd_uf = uf.cd_uf
JOIN escola e ON ST_Contains(mu.geometry, e.geometry)
WHERE uf.nm_uf = 'Paraíba'
GROUP BY mu.nm_mun, mu.geometry
ORDER BY escolas_por_km2 DESC;",0
DT0070,Qual a densidade de escolas por km² em cada município de Rio Grande do Sul?,Difícil,"SELECT mu.nm_mun,
       ROUND((COUNT(e.cd_entidade) / (ST_Area(ST_Transform(mu.geometry, 5880)) / 1e6))::numeric, 4) AS escolas_por_km2
FROM municipio mu
JOIN unidade_federativa uf ON mu.cd_uf = uf.cd_uf
JOIN escola e ON ST_Contains(mu.geometry, e.geometry)
WHERE uf.nm_uf = 'Rio Grande do Sul'
GROUP BY mu.nm_mun, mu.geometry
ORDER BY escolas_por_km2 DESC;",0
DT0071,Qual a densidade de escolas por km² em cada município de Paraná?,Difícil,"SELECT mu.nm_mun,
       ROUND((COUNT(e.cd_entidade) / (ST_Area(ST_Transform(mu.geometry, 5880)) / 1e6))::numeric, 4) AS escolas_por_km2
FROM municipio mu
JOIN unidade_federativa uf ON mu.cd_uf = uf.cd_uf
JOIN escola e ON ST_Contains(mu.geometry, e.geometry)
WHERE uf.nm_uf = 'Paraná'
GROUP BY mu.nm_mun, mu.geometry
ORDER BY escolas_por_km2 DESC;",0
DT0072,Qual a densidade de escolas por km² em cada município de Alagoas?,Difícil,"SELECT mu.nm_mun,
       ROUND((COUNT(e.cd_entidade) / (ST_Area(ST_Transform(mu.geometry, 5880)) / 1e6))::numeric, 4) AS escolas_por_km2
FROM municipio mu
JOIN unidade_federativa uf ON mu.cd_uf = uf.cd_uf
JOIN escola e ON ST_Contains(mu.geometry, e.geometry)
WHERE uf.nm_uf = 'Alagoas'
GROUP BY mu.nm_mun, mu.geometry
ORDER BY escolas_por_km2 DESC;",0
VT0001,"Em Espírito Santo, ordene os municípios pela distância média das escolas ao centro e compare à média estadual.",Muito Difícil,"WITH d AS (
  SELECT mu.nm_mun,
         AVG(ST_Distance(e.geometry::geography, ST_Centroid(mu.geometry)::geography)) AS dm
  FROM escola e
  JOIN municipio mu ON ST_Contains(mu.geometry, e.geometry)
  JOIN unidade_federativa uf ON mu.cd_uf = uf.cd_uf
  WHERE uf.nm_uf = 'Espírito Santo'
  GROUP BY mu.nm_mun
)
SELECT nm_mun, ROUND(dm::numeric, 2) AS dist_media_m,
       ROUND(AVG(dm) OVER ()::numeric, 2) AS media_uf,
       RANK() OVER (ORDER BY dm DESC) AS posicao
FROM d
ORDER BY dm DESC;",0
VT0002,"Em Amapá, ordene os municípios pela distância média das escolas ao centro e compare à média estadual.",Muito Difícil,"WITH d AS (
  SELECT mu.nm_mun,
         AVG(ST_Distance(e.geometry::geography, ST_Centroid(mu.geometry)::geography)) AS dm
  FROM escola e
  JOIN municipio mu ON ST_Contains(mu.geometry, e.geometry)
  JOIN unidade_federativa uf ON mu.cd_uf = uf.cd_uf
  WHERE uf.nm_uf = 'Amapá'
  GROUP BY mu.nm_mun
)
SELECT nm_mun, ROUND(dm::numeric, 2) AS dist_media_m,
       ROUND(AVG(dm) OVER ()::numeric, 2) AS media_uf,
       RANK() OVER (ORDER BY dm DESC) AS posicao
FROM d
ORDER BY dm DESC;",0
VT0003,"Em Rondônia, ordene os municípios pela distância média das escolas ao centro e compare à média estadual.",Muito Difícil,"WITH d AS (
  SELECT mu.nm_mun,
         AVG(ST_Distance(e.geometry::geography, ST_Centroid(mu.geometry)::geography)) AS dm
  FROM escola e
  JOIN municipio mu ON ST_Contains(mu.geometry, e.geometry)
  JOIN unidade_federativa uf ON mu.cd_uf = uf.cd_uf
  WHERE uf.nm_uf = 'Rondônia'
  GROUP BY mu.nm_mun
)
SELECT nm_mun, ROUND(dm::numeric, 2) AS dist_media_m,
       ROUND(AVG(dm) OVER ()::numeric, 2) AS media_uf,
       RANK() OVER (ORDER BY dm DESC) AS posicao
FROM d
ORDER BY dm DESC;",0
VT0004,"Em Goiás, ordene os municípios pela distância média das escolas ao centro e compare à média estadual.",Muito Difícil,"WITH d AS (
  SELECT mu.nm_mun,
         AVG(ST_Distance(e.geometry::geography, ST_Centroid(mu.geometry)::geography)) AS dm
  FROM escola e
  JOIN municipio mu ON ST_Contains(mu.geometry, e.geometry)
  JOIN unidade_federativa uf ON mu.cd_uf = uf.cd_uf
  WHERE uf.nm_uf = 'Goiás'
  GROUP BY mu.nm_mun
)
SELECT nm_mun, ROUND(dm::numeric, 2) AS dist_media_m,
       ROUND(AVG(dm) OVER ()::numeric, 2) AS media_uf,
       RANK() OVER (ORDER BY dm DESC) AS posicao
FROM d
ORDER BY dm DESC;",0
VT0005,"Em Acre, ordene os municípios pela distância média das escolas ao centro e compare à média estadual.",Muito Difícil,"WITH d AS (
  SELECT mu.nm_mun,
         AVG(ST_Distance(e.geometry::geography, ST_Centroid(mu.geometry)::geography)) AS dm
  FROM escola e
  JOIN municipio mu ON ST_Contains(mu.geometry, e.geometry)
  JOIN unidade_federativa uf ON mu.cd_uf = uf.cd_uf
  WHERE uf.nm_uf = 'Acre'
  GROUP BY mu.nm_mun
)
SELECT nm_mun, ROUND(dm::numeric, 2) AS dist_media_m,
       ROUND(AVG(dm) OVER ()::numeric, 2) AS media_uf,
       RANK() OVER (ORDER BY dm DESC) AS posicao
FROM d
ORDER BY dm DESC;",0
VT0006,"Em Amazonas, ordene os municípios pela distância média das escolas ao centro e compare à média estadual.",Muito Difícil,"WITH d AS (
  SELECT mu.nm_mun,
         AVG(ST_Distance(e.geometry::geography, ST_Centroid(mu.geometry)::geography)) AS dm
  FROM escola e
  JOIN municipio mu ON ST_Contains(mu.geometry, e.geometry)
  JOIN unidade_federativa uf ON mu.cd_uf = uf.cd_uf
  WHERE uf.nm_uf = 'Amazonas'
  GROUP BY mu.nm_mun
)
SELECT nm_mun, ROUND(dm::numeric, 2) AS dist_media_m,
       ROUND(AVG(dm) OVER ()::numeric, 2) AS media_uf,
       RANK() OVER (ORDER BY dm DESC) AS posicao
FROM d
ORDER BY dm DESC;",0
VT0007,"Em Rio de Janeiro, ordene as escolas pela distância até o CREAS mais próximo e marque as 10% mais distantes.",Muito Difícil,"WITH dist AS (
  SELECT e.cd_entidade,
         MIN(ST_Distance(e.geometry::geography, cr.geometry::geography)) AS dist_m
  FROM escola e
  JOIN creas cr ON cr.nm_mun = 'Rio de Janeiro'
  JOIN municipio mu ON ST_Contains(mu.geometry, e.geometry)
  WHERE mu.nm_mun = 'Rio de Janeiro'
  GROUP BY e.cd_entidade
)
SELECT cd_entidade,
       ROUND(dist_m::numeric, 2) AS dist_m,
       NTILE(10) OVER (ORDER BY dist_m DESC) AS decil,
       CASE WHEN NTILE(10) OVER (ORDER BY dist_m DESC) = 1 THEN 'mais distante' ELSE 'demais' END AS faixa
FROM dist
ORDER BY dist_m DESC;",0
VT0008,"Em Natal, ordene as escolas pela distância até o CRAS mais próximo e marque as 10% mais distantes.",Muito Difícil,"WITH dist AS (
  SELECT e.cd_entidade,
         MIN(ST_Distance(e.geometry::geography, c.geometry::geography)) AS dist_m
  FROM escola e
  JOIN cras c ON c.nm_mun = 'Natal'
  JOIN municipio mu ON ST_Contains(mu.geometry, e.geometry)
  WHERE mu.nm_mun = 'Natal'
  GROUP BY e.cd_entidade
)
SELECT cd_entidade,
       ROUND(dist_m::numeric, 2) AS dist_m,
       NTILE(10) OVER (ORDER BY dist_m DESC) AS decil,
       CASE WHEN NTILE(10) OVER (ORDER BY dist_m DESC) = 1 THEN 'mais distante' ELSE 'demais' END AS faixa
FROM dist
ORDER BY dist_m DESC;",0
VT0009,"Em Rio de Janeiro, ordene as escolas pela distância até o CRAS mais próximo e marque as 10% mais distantes.",Muito Difícil,"WITH dist AS (
  SELECT e.cd_entidade,
         MIN(ST_Distance(e.geometry::geography, c.geometry::geography)) AS dist_m
  FROM escola e
  JOIN cras c ON c.nm_mun = 'Rio de Janeiro'
  JOIN municipio mu ON ST_Contains(mu.geometry, e.geometry)
  WHERE mu.nm_mun = 'Rio de Janeiro'
  GROUP BY e.cd_entidade
)
SELECT cd_entidade,
       ROUND(dist_m::numeric, 2) AS dist_m,
       NTILE(10) OVER (ORDER BY dist_m DESC) AS decil,
       CASE WHEN NTILE(10) OVER (ORDER BY dist_m DESC) = 1 THEN 'mais distante' ELSE 'demais' END AS faixa
FROM dist
ORDER BY dist_m DESC;",0
VT0010,"Em Maceió, ordene as escolas pela distância até o CREAS mais próximo e marque as 10% mais distantes.",Muito Difícil,"WITH dist AS (
  SELECT e.cd_entidade,
         MIN(ST_Distance(e.geometry::geography, cr.geometry::geography)) AS dist_m
  FROM escola e
  JOIN creas cr ON cr.nm_mun = 'Maceió'
  JOIN municipio mu ON ST_Contains(mu.geometry, e.geometry)
  WHERE mu.nm_mun = 'Maceió'
  GROUP BY e.cd_entidade
)
SELECT cd_entidade,
       ROUND(dist_m::numeric, 2) AS dist_m,
       NTILE(10) OVER (ORDER BY dist_m DESC) AS decil,
       CASE WHEN NTILE(10) OVER (ORDER BY dist_m DESC) = 1 THEN 'mais distante' ELSE 'demais' END AS faixa
FROM dist
ORDER BY dist_m DESC;",0
VT0011,"Em Porto Alegre, ordene as escolas pela distância até o CRAS mais próximo e marque as 10% mais distantes.",Muito Difícil,"WITH dist AS (
  SELECT e.cd_entidade,
         MIN(ST_Distance(e.geometry::geography, c.geometry::geography)) AS dist_m
  FROM escola e
  JOIN cras c ON c.nm_mun = 'Porto Alegre'
  JOIN municipio mu ON ST_Contains(mu.geometry, e.geometry)
  WHERE mu.nm_mun = 'Porto Alegre'
  GROUP BY e.cd_entidade
)
SELECT cd_entidade,
       ROUND(dist_m::numeric, 2) AS dist_m,
       NTILE(10) OVER (ORDER BY dist_m DESC) AS decil,
       CASE WHEN NTILE(10) OVER (ORDER BY dist_m DESC) = 1 THEN 'mais distante' ELSE 'demais' END AS faixa
FROM dist
ORDER BY dist_m DESC;",0
VT0012,"Em Curitiba, ordene as escolas pela distância até o CRAS mais próximo e marque as 10% mais distantes.",Muito Difícil,"WITH dist AS (
  SELECT e.cd_entidade,
         MIN(ST_Distance(e.geometry::geography, c.geometry::geography)) AS dist_m
  FROM escola e
  JOIN cras c ON c.nm_mun = 'Curitiba'
  JOIN municipio mu ON ST_Contains(mu.geometry, e.geometry)
  WHERE mu.nm_mun = 'Curitiba'
  GROUP BY e.cd_entidade
)
SELECT cd_entidade,
       ROUND(dist_m::numeric, 2) AS dist_m,
       NTILE(10) OVER (ORDER BY dist_m DESC) AS decil,
       CASE WHEN NTILE(10) OVER (ORDER BY dist_m DESC) = 1 THEN 'mais distante' ELSE 'demais' END AS faixa
FROM dist
ORDER BY dist_m DESC;",0
VT0013,"Para cada CREAS de Uberlândia, quantas escolas há num raio de 12 km e como isso se compara à média?",Muito Difícil,"WITH cob AS (
  SELECT cr.nu_identif,
         COUNT(DISTINCT e.cd_entidade) AS n
  FROM creas cr
  JOIN escola e ON ST_DWithin(cr.geometry::geography, e.geometry::geography, 12000)
  WHERE cr.nm_mun = 'Uberlândia'
  GROUP BY cr.nu_identif
)
SELECT nu_identif, n,
       ROUND(AVG(n) OVER ()::numeric, 2) AS media,
       RANK() OVER (ORDER BY n DESC) AS posicao
FROM cob
ORDER BY n DESC;",0
VT0014,"Para cada CREAS de São Paulo, quantas escolas há num raio de 2 km e como isso se compara à média?",Muito Difícil,"WITH cob AS (
  SELECT cr.nu_identif,
         COUNT(DISTINCT e.cd_entidade) AS n
  FROM creas cr
  JOIN escola e ON ST_DWithin(cr.geometry::geography, e.geometry::geography, 2000)
  WHERE cr.nm_mun = 'São Paulo'
  GROUP BY cr.nu_identif
)
SELECT nu_identif, n,
       ROUND(AVG(n) OVER ()::numeric, 2) AS media,
       RANK() OVER (ORDER BY n DESC) AS posicao
FROM cob
ORDER BY n DESC;",0
VT0015,"Para cada CREAS de Uberlândia, quantas escolas há num raio de 10 km e como isso se compara à média?",Muito Difícil,"WITH cob AS (
  SELECT cr.nu_identif,
         COUNT(DISTINCT e.cd_entidade) AS n
  FROM creas cr
  JOIN escola e ON ST_DWithin(cr.geometry::geography, e.geometry::geography, 10000)
  WHERE cr.nm_mun = 'Uberlândia'
  GROUP BY cr.nu_identif
)
SELECT nu_identif, n,
       ROUND(AVG(n) OVER ()::numeric, 2) AS media,
       RANK() OVER (ORDER BY n DESC) AS posicao
FROM cob
ORDER BY n DESC;",0
VT0016,"Para cada CRAS de Maceió, quantas escolas há num raio de 6 km e como isso se compara à média?",Muito Difícil,"WITH cob AS (
  SELECT c.nu_identif,
         COUNT(DISTINCT e.cd_entidade) AS n
  FROM cras c
  JOIN escola e ON ST_DWithin(c.geometry::geography, e.geometry::geography, 6000)
  WHERE c.nm_mun = 'Maceió'
  GROUP BY c.nu_identif
)
SELECT nu_identif, n,
       ROUND(AVG(n) OVER ()::numeric, 2) AS media,
       RANK() OVER (ORDER BY n DESC) AS posicao
FROM cob
ORDER BY n DESC;",0
VT0017,"Para cada CREAS de São Luís, quantas escolas há num raio de 20 km e como isso se compara à média?",Muito Difícil,"WITH cob AS (
  SELECT cr.nu_identif,
         COUNT(DISTINCT e.cd_entidade) AS n
  FROM creas cr
  JOIN escola e ON ST_DWithin(cr.geometry::geography, e.geometry::geography, 20000)
  WHERE cr.nm_mun = 'São Luís'
  GROUP BY cr.nu_identif
)
SELECT nu_identif, n,
       ROUND(AVG(n) OVER ()::numeric, 2) AS media,
       RANK() OVER (ORDER BY n DESC) AS posicao
FROM cob
ORDER BY n DESC;",0
VT0018,"Para cada CREAS de Teresina, quantas escolas há num raio de 6 km e como isso se compara à média?",Muito Difícil,"WITH cob AS (
  SELECT cr.nu_identif,
         COUNT(DISTINCT e.cd_entidade) AS n
  FROM creas cr
  JOIN escola e ON ST_DWithin(cr.geometry::geography, e.geometry::geography, 6000)
  WHERE cr.nm_mun = 'Teresina'
  GROUP BY cr.nu_identif
)
SELECT nu_identif, n,
       ROUND(AVG(n) OVER ()::numeric, 2) AS media,
       RANK() OVER (ORDER BY n DESC) AS posicao
FROM cob
ORDER BY n DESC;",0
VT0019,"Em São Paulo, ordene os municípios pela área da região central e compare à média estadual.",Muito Difícil,"WITH it AS (
  SELECT mu.nm_mun, ST_Area(ST_Transform(ST_Intersection(mu.geometry, ST_Buffer(ST_Centroid(mu.geometry), 0.1)), 5880)) / 1e6 AS area_inter
  FROM municipio mu
  JOIN unidade_federativa uf ON mu.cd_uf = uf.cd_uf
  WHERE uf.nm_uf = 'São Paulo'
)
SELECT nm_mun, ROUND(area_inter::numeric, 2) AS area_inter_km2,
       ROUND(AVG(area_inter) OVER ()::numeric, 2) AS media_uf,
       RANK() OVER (ORDER BY area_inter DESC) AS posicao
FROM it
ORDER BY area_inter DESC;",0
VT0020,"Em Mato Grosso, ordene os municípios pela área da região central e compare à média estadual.",Muito Difícil,"WITH it AS (
  SELECT mu.nm_mun, ST_Area(ST_Transform(ST_Intersection(mu.geometry, ST_Buffer(ST_Centroid(mu.geometry), 0.1)), 5880)) / 1e6 AS area_inter
  FROM municipio mu
  JOIN unidade_federativa uf ON mu.cd_uf = uf.cd_uf
  WHERE uf.nm_uf = 'Mato Grosso'
)
SELECT nm_mun, ROUND(area_inter::numeric, 2) AS area_inter_km2,
       ROUND(AVG(area_inter) OVER ()::numeric, 2) AS media_uf,
       RANK() OVER (ORDER BY area_inter DESC) AS posicao
FROM it
ORDER BY area_inter DESC;",0
VT0021,"Em Paraíba, ordene os municípios pela área da região central e compare à média estadual.",Muito Difícil,"WITH it AS (
  SELECT mu.nm_mun, ST_Area(ST_Transform(ST_Intersection(mu.geometry, ST_Buffer(ST_Centroid(mu.geometry), 0.1)), 5880)) / 1e6 AS area_inter
  FROM municipio mu
  JOIN unidade_federativa uf ON mu.cd_uf = uf.cd_uf
  WHERE uf.nm_uf = 'Paraíba'
)
SELECT nm_mun, ROUND(area_inter::numeric, 2) AS area_inter_km2,
       ROUND(AVG(area_inter) OVER ()::numeric, 2) AS media_uf,
       RANK() OVER (ORDER BY area_inter DESC) AS posicao
FROM it
ORDER BY area_inter DESC;",0
VT0022,"Em Tocantins, ordene os municípios pela área da região central e compare à média estadual.",Muito Difícil,"WITH it AS (
  SELECT mu.nm_mun, ST_Area(ST_Transform(ST_Intersection(mu.geometry, ST_Buffer(ST_Centroid(mu.geometry), 0.1)), 5880)) / 1e6 AS area_inter
  FROM municipio mu
  JOIN unidade_federativa uf ON mu.cd_uf = uf.cd_uf
  WHERE uf.nm_uf = 'Tocantins'
)
SELECT nm_mun, ROUND(area_inter::numeric, 2) AS area_inter_km2,
       ROUND(AVG(area_inter) OVER ()::numeric, 2) AS media_uf,
       RANK() OVER (ORDER BY area_inter DESC) AS posicao
FROM it
ORDER BY area_inter DESC;",0
VT0023,"Em Mato Grosso do Sul, ordene os municípios pela área da região central e compare à média estadual.",Muito Difícil,"WITH it AS (
  SELECT mu.nm_mun, ST_Area(ST_Transform(ST_Intersection(mu.geometry, ST_Buffer(ST_Centroid(mu.geometry), 0.1)), 5880)) / 1e6 AS area_inter
  FROM municipio mu
  JOIN unidade_federativa uf ON mu.cd_uf = uf.cd_uf
  WHERE uf.nm_uf = 'Mato Grosso do Sul'
)
SELECT nm_mun, ROUND(area_inter::numeric, 2) AS area_inter_km2,
       ROUND(AVG(area_inter) OVER ()::numeric, 2) AS media_uf,
       RANK() OVER (ORDER BY area_inter DESC) AS posicao
FROM it
ORDER BY area_inter DESC;",0
VT0024,"Em Maranhão, ordene os municípios pela área da região central e compare à média estadual.",Muito Difícil,"WITH it AS (
  SELECT mu.nm_mun, ST_Area(ST_Transform(ST_Intersection(mu.geometry, ST_Buffer(ST_Centroid(mu.geometry), 0.1)), 5880)) / 1e6 AS area_inter
  FROM municipio mu
  JOIN unidade_federativa uf ON mu.cd_uf = uf.cd_uf
  WHERE uf.nm_uf = 'Maranhão'
)
SELECT nm_mun, ROUND(area_inter::numeric, 2) AS area_inter_km2,
       ROUND(AVG(area_inter) OVER ()::numeric, 2) AS media_uf,
       RANK() OVER (ORDER BY area_inter DESC) AS posicao
FROM it
ORDER BY area_inter DESC;",0
VT0025,"Num raio de 2 km do centro de Uberlândia, ordene as escolas por matrículas na educação infantil e marque as acima da média.",Muito Difícil,"WITH dentro AS (
  SELECT e.cd_entidade, md.qt_mat_inf AS valor
  FROM escola e
  JOIN microdados_ed_basica md ON e.cd_entidade = md.cd_entidade
  WHERE ST_Intersects(ST_Buffer(ST_SetSRID(ST_MakePoint(-48.277, -18.9021), 4674)::geography, 2000), e.geometry::geography)
)
SELECT cd_entidade, valor,
       ROUND(AVG(valor) OVER ()::numeric, 2) AS media,
       RANK() OVER (ORDER BY valor DESC) AS posicao,
       CASE WHEN valor > AVG(valor) OVER () THEN 'acima' ELSE 'abaixo' END AS faixa
FROM dentro
ORDER BY valor DESC;",0
VT0026,"Num raio de 12 km do centro de Campo Grande, ordene as escolas por matrículas no ensino fundamental e marque as acima da média.",Muito Difícil,"WITH dentro AS (
  SELECT e.cd_entidade, md.qt_mat_fund AS valor
  FROM escola e
  JOIN microdados_ed_basica md ON e.cd_entidade = md.cd_entidade
  WHERE ST_Intersects(ST_Buffer(ST_SetSRID(ST_MakePoint(-54.6401, -20.4867), 4674)::geography, 12000), e.geometry::geography)
)
SELECT cd_entidade, valor,
       ROUND(AVG(valor) OVER ()::numeric, 2) AS media,
       RANK() OVER (ORDER BY valor DESC) AS posicao,
       CASE WHEN valor > AVG(valor) OVER () THEN 'acima' ELSE 'abaixo' END AS faixa
FROM dentro
ORDER BY valor DESC;",0
VT0027,"Num raio de 12 km do centro de Cuiabá, ordene as escolas por matrículas no ensino fundamental e marque as acima da média.",Muito Difícil,"WITH dentro AS (
  SELECT e.cd_entidade, md.qt_mat_fund AS valor
  FROM escola e
  JOIN microdados_ed_basica md ON e.cd_entidade = md.cd_entidade
  WHERE ST_Intersects(ST_Buffer(ST_SetSRID(ST_MakePoint(-56.0974, -15.6045), 4674)::geography, 12000), e.geometry::geography)
)
SELECT cd_entidade, valor,
       ROUND(AVG(valor) OVER ()::numeric, 2) AS media,
       RANK() OVER (ORDER BY valor DESC) AS posicao,
       CASE WHEN valor > AVG(valor) OVER () THEN 'acima' ELSE 'abaixo' END AS faixa
FROM dentro
ORDER BY valor DESC;",0
VT0028,"Num raio de 4 km do centro de Uberlândia, ordene as escolas por docentes da educação básica e marque as acima da média.",Muito Difícil,"WITH dentro AS (
  SELECT e.cd_entidade, md.qt_doc_bas AS valor
  FROM escola e
  JOIN microdados_ed_basica md ON e.cd_entidade = md.cd_entidade
  WHERE ST_Intersects(ST_Buffer(ST_SetSRID(ST_MakePoint(-48.2789, -18.9022), 4674)::geography, 4000), e.geometry::geography)
)
SELECT cd_entidade, valor,
       ROUND(AVG(valor) OVER ()::numeric, 2) AS media,
       RANK() OVER (ORDER BY valor DESC) AS posicao,
       CASE WHEN valor > AVG(valor) OVER () THEN 'acima' ELSE 'abaixo' END AS faixa
FROM dentro
ORDER BY valor DESC;",0
VT0029,"Num raio de 12 km do centro de Rio de Janeiro, ordene as escolas por desktops para alunos e marque as acima da média.",Muito Difícil,"WITH dentro AS (
  SELECT e.cd_entidade, md.qt_desktop_aluno AS valor
  FROM escola e
  JOIN microdados_ed_basica md ON e.cd_entidade = md.cd_entidade
  WHERE ST_Intersects(ST_Buffer(ST_SetSRID(ST_MakePoint(-43.185, -22.9294), 4674)::geography, 12000), e.geometry::geography)
)
SELECT cd_entidade, valor,
       ROUND(AVG(valor) OVER ()::numeric, 2) AS media,
       RANK() OVER (ORDER BY valor DESC) AS posicao,
       CASE WHEN valor > AVG(valor) OVER () THEN 'acima' ELSE 'abaixo' END AS faixa
FROM dentro
ORDER BY valor DESC;",0
VT0030,"Num raio de 20 km do centro de Vitória, ordene as escolas por docentes da educação básica e marque as acima da média.",Muito Difícil,"WITH dentro AS (
  SELECT e.cd_entidade, md.qt_doc_bas AS valor
  FROM escola e
  JOIN microdados_ed_basica md ON e.cd_entidade = md.cd_entidade
  WHERE ST_Intersects(ST_Buffer(ST_SetSRID(ST_MakePoint(-40.3548, -20.3053), 4674)::geography, 20000), e.geometry::geography)
)
SELECT cd_entidade, valor,
       ROUND(AVG(valor) OVER ()::numeric, 2) AS media,
       RANK() OVER (ORDER BY valor DESC) AS posicao,
       CASE WHEN valor > AVG(valor) OVER () THEN 'acima' ELSE 'abaixo' END AS faixa
FROM dentro
ORDER BY valor DESC;",0
VT0031,"Em Mato Grosso do Sul, ordene os municípios por área (km²) do maior para o menor e marque os 25% maiores.",Muito Difícil,"WITH a AS (
  SELECT mu.nm_mun, ST_Area(ST_Transform(mu.geometry, 5880)) / 1e6 AS area_km2
  FROM municipio mu
  JOIN unidade_federativa uf ON mu.cd_uf = uf.cd_uf
  WHERE uf.nm_uf = 'Mato Grosso do Sul'
)
SELECT nm_mun, ROUND(area_km2::numeric, 2) AS area_km2,
       NTILE(4) OVER (ORDER BY area_km2 DESC) AS quartil,
       CASE WHEN NTILE(4) OVER (ORDER BY area_km2 DESC) = 1 THEN 'maiores' ELSE 'demais' END AS faixa
FROM a
ORDER BY area_km2 DESC;",0
VT0032,"Em Sergipe, ordene os municípios por área (km²) do maior para o menor e marque os 25% maiores.",Muito Difícil,"WITH a AS (
  SELECT mu.nm_mun, ST_Area(ST_Transform(mu.geometry, 5880)) / 1e6 AS area_km2
  FROM municipio mu
  JOIN unidade_federativa uf ON mu.cd_uf = uf.cd_uf
  WHERE uf.nm_uf = 'Sergipe'
)
SELECT nm_mun, ROUND(area_km2::numeric, 2) AS area_km2,
       NTILE(4) OVER (ORDER BY area_km2 DESC) AS quartil,
       CASE WHEN NTILE(4) OVER (ORDER BY area_km2 DESC) = 1 THEN 'maiores' ELSE 'demais' END AS faixa
FROM a
ORDER BY area_km2 DESC;",0
VT0033,"Em Pernambuco, ordene os municípios por área (km²) do maior para o menor e marque os 25% maiores.",Muito Difícil,"WITH a AS (
  SELECT mu.nm_mun, ST_Area(ST_Transform(mu.geometry, 5880)) / 1e6 AS area_km2
  FROM municipio mu
  JOIN unidade_federativa uf ON mu.cd_uf = uf.cd_uf
  WHERE uf.nm_uf = 'Pernambuco'
)
SELECT nm_mun, ROUND(area_km2::numeric, 2) AS area_km2,
       NTILE(4) OVER (ORDER BY area_km2 DESC) AS quartil,
       CASE WHEN NTILE(4) OVER (ORDER BY area_km2 DESC) = 1 THEN 'maiores' ELSE 'demais' END AS faixa
FROM a
ORDER BY area_km2 DESC;",0
VT0034,"Em São Paulo, ordene os municípios por área (km²) do maior para o menor e marque os 25% maiores.",Muito Difícil,"WITH a AS (
  SELECT mu.nm_mun, ST_Area(ST_Transform(mu.geometry, 5880)) / 1e6 AS area_km2
  FROM municipio mu
  JOIN unidade_federativa uf ON mu.cd_uf = uf.cd_uf
  WHERE uf.nm_uf = 'São Paulo'
)
SELECT nm_mun, ROUND(area_km2::numeric, 2) AS area_km2,
       NTILE(4) OVER (ORDER BY area_km2 DESC) AS quartil,
       CASE WHEN NTILE(4) OVER (ORDER BY area_km2 DESC) = 1 THEN 'maiores' ELSE 'demais' END AS faixa
FROM a
ORDER BY area_km2 DESC;",0
VT0035,"Em Maranhão, ordene os municípios por área (km²) do maior para o menor e marque os 25% maiores.",Muito Difícil,"WITH a AS (
  SELECT mu.nm_mun, ST_Area(ST_Transform(mu.geometry, 5880)) / 1e6 AS area_km2
  FROM municipio mu
  JOIN unidade_federativa uf ON mu.cd_uf = uf.cd_uf
  WHERE uf.nm_uf = 'Maranhão'
)
SELECT nm_mun, ROUND(area_km2::numeric, 2) AS area_km2,
       NTILE(4) OVER (ORDER BY area_km2 DESC) AS quartil,
       CASE WHEN NTILE(4) OVER (ORDER BY area_km2 DESC) = 1 THEN 'maiores' ELSE 'demais' END AS faixa
FROM a
ORDER BY area_km2 DESC;",0
VT0036,"Em Espírito Santo, ordene os municípios por área (km²) do maior para o menor e marque os 25% maiores.",Muito Difícil,"WITH a AS (
  SELECT mu.nm_mun, ST_Area(ST_Transform(mu.geometry, 5880)) / 1e6 AS area_km2
  FROM municipio mu
  JOIN unidade_federativa uf ON mu.cd_uf = uf.cd_uf
  WHERE uf.nm_uf = 'Espírito Santo'
)
SELECT nm_mun, ROUND(area_km2::numeric, 2) AS area_km2,
       NTILE(4) OVER (ORDER BY area_km2 DESC) AS quartil,
       CASE WHEN NTILE(4) OVER (ORDER BY area_km2 DESC) = 1 THEN 'maiores' ELSE 'demais' END AS faixa
FROM a
ORDER BY area_km2 DESC;",0
VT0037,Classifique os municípios de Sergipe pela proporção de escolas com alimentação escolar em relação à média estadual.,Muito Difícil,"WITH base AS (
  SELECT mu.nm_mun,
         COUNT(*) FILTER (WHERE md.in_alimentacao = 1) AS com,
         COUNT(*) AS total
  FROM escola e
  JOIN microdados_ed_basica md ON e.cd_entidade = md.cd_entidade
  JOIN municipio mu ON ST_Contains(mu.geometry, e.geometry)
  JOIN unidade_federativa uf ON mu.cd_uf = uf.cd_uf
  WHERE uf.nm_uf = 'Sergipe'
  GROUP BY mu.nm_mun
)
SELECT nm_mun,
       ROUND((100.0 * com / NULLIF(total, 0))::numeric, 2) AS pct,
       ROUND(AVG(100.0 * com / NULLIF(total, 0)) OVER ()::numeric, 2) AS media_uf,
       CASE WHEN 100.0 * com / NULLIF(total, 0) > AVG(100.0 * com / NULLIF(total, 0)) OVER ()
            THEN 'acima' ELSE 'abaixo' END AS situacao
FROM base
ORDER BY pct DESC;",0
VT0038,Classifique os municípios de Paraíba pela proporção de escolas com rampas de acessibilidade em relação à média estadual.,Muito Difícil,"WITH base AS (
  SELECT mu.nm_mun,
         COUNT(*) FILTER (WHERE md.in_acessibilidade_rampas = 1) AS com,
         COUNT(*) AS total
  FROM escola e
  JOIN microdados_ed_basica md ON e.cd_entidade = md.cd_entidade
  JOIN municipio mu ON ST_Contains(mu.geometry, e.geometry)
  JOIN unidade_federativa uf ON mu.cd_uf = uf.cd_uf
  WHERE uf.nm_uf = 'Paraíba'
  GROUP BY mu.nm_mun
)
SELECT nm_mun,
       ROUND((100.0 * com / NULLIF(total, 0))::numeric, 2) AS pct,
       ROUND(AVG(100.0 * com / NULLIF(total, 0)) OVER ()::numeric, 2) AS media_uf,
       CASE WHEN 100.0 * com / NULLIF(total, 0) > AVG(100.0 * com / NULLIF(total, 0)) OVER ()
            THEN 'acima' ELSE 'abaixo' END AS situacao
FROM base
ORDER BY pct DESC;",0
VT0039,"Para cada município de Ceará, qual a proporção de escolas com refeitório e como ela se compara à média do estado?",Muito Difícil,"WITH base AS (
  SELECT mu.nm_mun,
         COUNT(*) FILTER (WHERE md.in_refeitorio = 1) AS com,
         COUNT(*) AS total
  FROM escola e
  JOIN microdados_ed_basica md ON e.cd_entidade = md.cd_entidade
  JOIN municipio mu ON ST_Contains(mu.geometry, e.geometry)
  JOIN unidade_federativa uf ON mu.cd_uf = uf.cd_uf
  WHERE uf.nm_uf = 'Ceará'
  GROUP BY mu.nm_mun
)
SELECT nm_mun,
       ROUND((100.0 * com / NULLIF(total, 0))::numeric, 2) AS pct,
       ROUND(AVG(100.0 * com / NULLIF(total, 0)) OVER ()::numeric, 2) AS media_uf,
       CASE WHEN 100.0 * com / NULLIF(total, 0) > AVG(100.0 * com / NULLIF(total, 0)) OVER ()
            THEN 'acima' ELSE 'abaixo' END AS situacao
FROM base
ORDER BY pct DESC;",0
VT0040,"Para cada município de Sergipe, qual a proporção de escolas com laboratório de ciências e como ela se compara à média do estado?",Muito Difícil,"WITH base AS (
  SELECT mu.nm_mun,
         COUNT(*) FILTER (WHERE md.in_laboratorio_ciencias = 1) AS com,
         COUNT(*) AS total
  FROM escola e
  JOIN microdados_ed_basica md ON e.cd_entidade = md.cd_entidade
  JOIN municipio mu ON ST_Contains(mu.geometry, e.geometry)
  JOIN unidade_federativa uf ON mu.cd_uf = uf.cd_uf
  WHERE uf.nm_uf = 'Sergipe'
  GROUP BY mu.nm_mun
)
SELECT nm_mun,
       ROUND((100.0 * com / NULLIF(total, 0))::numeric, 2) AS pct,
       ROUND(AVG(100.0 * com / NULLIF(total, 0)) OVER ()::numeric, 2) AS media_uf,
       CASE WHEN 100.0 * com / NULLIF(total, 0) > AVG(100.0 * com / NULLIF(total, 0)) OVER ()
            THEN 'acima' ELSE 'abaixo' END AS situacao
FROM base
ORDER BY pct DESC;",0
VT0041,Classifique os municípios de Tocantins pela proporção de escolas com internet de banda larga em relação à média estadual.,Muito Difícil,"WITH base AS (
  SELECT mu.nm_mun,
         COUNT(*) FILTER (WHERE md.in_banda_larga = 1) AS com,
         COUNT(*) AS total
  FROM escola e
  JOIN microdados_ed_basica md ON e.cd_entidade = md.cd_entidade
  JOIN municipio mu ON ST_Contains(mu.geometry, e.geometry)
  JOIN unidade_federativa uf ON mu.cd_uf = uf.cd_uf
  WHERE uf.nm_uf = 'Tocantins'
  GROUP BY mu.nm_mun
)
SELECT nm_mun,
       ROUND((100.0 * com / NULLIF(total, 0))::numeric, 2) AS pct,
       ROUND(AVG(100.0 * com / NULLIF(total, 0)) OVER ()::numeric, 2) AS media_uf,
       CASE WHEN 100.0 * com / NULLIF(total, 0) > AVG(100.0 * com / NULLIF(total, 0)) OVER ()
            THEN 'acima' ELSE 'abaixo' END AS situacao
FROM base
ORDER BY pct DESC;",0
VT0042,Classifique os municípios de Acre pela proporção de escolas com quadra de esportes em relação à média estadual.,Muito Difícil,"WITH base AS (
  SELECT mu.nm_mun,
         COUNT(*) FILTER (WHERE md.in_quadra_esportes = 1) AS com,
         COUNT(*) AS total
  FROM escola e
  JOIN microdados_ed_basica md ON e.cd_entidade = md.cd_entidade
  JOIN municipio mu ON ST_Contains(mu.geometry, e.geometry)
  JOIN unidade_federativa uf ON mu.cd_uf = uf.cd_uf
  WHERE uf.nm_uf = 'Acre'
  GROUP BY mu.nm_mun
)
SELECT nm_mun,
       ROUND((100.0 * com / NULLIF(total, 0))::numeric, 2) AS pct,
       ROUND(AVG(100.0 * com / NULLIF(total, 0)) OVER ()::numeric, 2) AS media_uf,
       CASE WHEN 100.0 * com / NULLIF(total, 0) > AVG(100.0 * com / NULLIF(total, 0)) OVER ()
            THEN 'acima' ELSE 'abaixo' END AS situacao
FROM base
ORDER BY pct DESC;",0
VT0043,Classifique os municípios de Goiás pela proporção de escolas com biblioteca em relação à média estadual.,Muito Difícil,"WITH base AS (
  SELECT mu.nm_mun,
         COUNT(*) FILTER (WHERE md.in_biblioteca = 1) AS com,
         COUNT(*) AS total
  FROM escola e
  JOIN microdados_ed_basica md ON e.cd_entidade = md.cd_entidade
  JOIN municipio mu ON ST_Intersects(mu.geometry, e.geometry)
  JOIN unidade_federativa uf ON mu.cd_uf = uf.cd_uf
  WHERE uf.nm_uf = 'Goiás'
  GROUP BY mu.nm_mun
)
SELECT nm_mun,
       ROUND((100.0 * com / NULLIF(total, 0))::numeric, 2) AS pct,
       ROUND(AVG(100.0 * com / NULLIF(total, 0)) OVER ()::numeric, 2) AS media_uf,
       CASE WHEN 100.0 * com / NULLIF(total, 0) > AVG(100.0 * com / NULLIF(total, 0)) OVER ()
            THEN 'acima' ELSE 'abaixo' END AS situacao
FROM base
ORDER BY pct DESC;",0
VT0044,Classifique os municípios de Rondônia pela proporção de escolas com cozinha em relação à média estadual.,Muito Difícil,"WITH base AS (
  SELECT mu.nm_mun,
         COUNT(*) FILTER (WHERE md.in_cozinha = 1) AS com,
         COUNT(*) AS total
  FROM escola e
  JOIN microdados_ed_basica md ON e.cd_entidade = md.cd_entidade
  JOIN municipio mu ON ST_Intersects(mu.geometry, e.geometry)
  JOIN unidade_federativa uf ON mu.cd_uf = uf.cd_uf
  WHERE uf.nm_uf = 'Rondônia'
  GROUP BY mu.nm_mun
)
SELECT nm_mun,
       ROUND((100.0 * com / NULLIF(total, 0))::numeric, 2) AS pct,
       ROUND(AVG(100.0 * com / NULLIF(total, 0)) OVER ()::numeric, 2) AS media_uf,
       CASE WHEN 100.0 * com / NULLIF(total, 0) > AVG(100.0 * com / NULLIF(total, 0)) OVER ()
            THEN 'acima' ELSE 'abaixo' END AS situacao
FROM base
ORDER BY pct DESC;",0
VT0045,Classifique os municípios de Paraíba pela proporção de escolas com alimentação escolar em relação à média estadual.,Muito Difícil,"WITH base AS (
  SELECT mu.nm_mun,
         COUNT(*) FILTER (WHERE md.in_alimentacao = 1) AS com,
         COUNT(*) AS total
  FROM escola e
  JOIN microdados_ed_basica md ON e.cd_entidade = md.cd_entidade
  JOIN municipio mu ON ST_Intersects(mu.geometry, e.geometry)
  JOIN unidade_federativa uf ON mu.cd_uf = uf.cd_uf
  WHERE uf.nm_uf = 'Paraíba'
  GROUP BY mu.nm_mun
)
SELECT nm_mun,
       ROUND((100.0 * com / NULLIF(total, 0))::numeric, 2) AS pct,
       ROUND(AVG(100.0 * com / NULLIF(total, 0)) OVER ()::numeric, 2) AS media_uf,
       CASE WHEN 100.0 * com / NULLIF(total, 0) > AVG(100.0 * com / NULLIF(total, 0)) OVER ()
            THEN 'acima' ELSE 'abaixo' END AS situacao
FROM base
ORDER BY pct DESC;",0
VT0046,"Para cada município de Rio Grande do Norte, qual a proporção de escolas com laboratório de informática e como ela se compara à média do estado?",Muito Difícil,"WITH base AS (
  SELECT mu.nm_mun,
         COUNT(*) FILTER (WHERE md.in_laboratorio_informatica = 1) AS com,
         COUNT(*) AS total
  FROM escola e
  JOIN microdados_ed_basica md ON e.cd_entidade = md.cd_entidade
  JOIN municipio mu ON ST_Intersects(mu.geometry, e.geometry)
  JOIN unidade_federativa uf ON mu.cd_uf = uf.cd_uf
  WHERE uf.nm_uf = 'Rio Grande do Norte'
  GROUP BY mu.nm_mun
)
SELECT nm_mun,
       ROUND((100.0 * com / NULLIF(total, 0))::numeric, 2) AS pct,
       ROUND(AVG(100.0 * com / NULLIF(total, 0)) OVER ()::numeric, 2) AS media_uf,
       CASE WHEN 100.0 * com / NULLIF(total, 0) > AVG(100.0 * com / NULLIF(total, 0)) OVER ()
            THEN 'acima' ELSE 'abaixo' END AS situacao
FROM base
ORDER BY pct DESC;",0
VT0047,"Para cada município de Paraná, qual a proporção de escolas com energia da rede pública e como ela se compara à média do estado?",Muito Difícil,"WITH base AS (
  SELECT mu.nm_mun,
         COUNT(*) FILTER (WHERE md.in_energia_rede_publica = 1) AS com,
         COUNT(*) AS total
  FROM escola e
  JOIN microdados_ed_basica md ON e.cd_entidade = md.cd_entidade
  JOIN municipio mu ON ST_Intersects(mu.geometry, e.geometry)
  JOIN unidade_federativa uf ON mu.cd_uf = uf.cd_uf
  WHERE uf.nm_uf = 'Paraná'
  GROUP BY mu.nm_mun
)
SELECT nm_mun,
       ROUND((100.0 * com / NULLIF(total, 0))::numeric, 2) AS pct,
       ROUND(AVG(100.0 * com / NULLIF(total, 0)) OVER ()::numeric, 2) AS media_uf,
       CASE WHEN 100.0 * com / NULLIF(total, 0) > AVG(100.0 * com / NULLIF(total, 0)) OVER ()
            THEN 'acima' ELSE 'abaixo' END AS situacao
FROM base
ORDER BY pct DESC;",0
VT0048,Classifique os municípios de Maranhão pela proporção de escolas com cozinha em relação à média estadual.,Muito Difícil,"WITH base AS (
  SELECT mu.nm_mun,
         COUNT(*) FILTER (WHERE md.in_cozinha = 1) AS com,
         COUNT(*) AS total
  FROM escola e
  JOIN microdados_ed_basica md ON e.cd_entidade = md.cd_entidade
  JOIN municipio mu ON ST_Intersects(mu.geometry, e.geometry)
  JOIN unidade_federativa uf ON mu.cd_uf = uf.cd_uf
  WHERE uf.nm_uf = 'Maranhão'
  GROUP BY mu.nm_mun
)
SELECT nm_mun,
       ROUND((100.0 * com / NULLIF(total, 0))::numeric, 2) AS pct,
       ROUND(AVG(100.0 * com / NULLIF(total, 0)) OVER ()::numeric, 2) AS media_uf,
       CASE WHEN 100.0 * com / NULLIF(total, 0) > AVG(100.0 * com / NULLIF(total, 0)) OVER ()
            THEN 'acima' ELSE 'abaixo' END AS situacao
FROM base
ORDER BY pct DESC;",0
VT0049,"Para cada município de Bahia, qual a proporção de escolas com refeitório e como ela se compara à média do estado?",Muito Difícil,"WITH base AS (
  SELECT mu.nm_mun,
         COUNT(*) FILTER (WHERE md.in_refeitorio = 1) AS com,
         COUNT(*) AS total
  FROM escola e
  JOIN microdados_ed_basica md ON e.cd_entidade = md.cd_entidade
  JOIN municipio mu ON ST_Within(e.geometry, mu.geometry)
  JOIN unidade_federativa uf ON mu.cd_uf = uf.cd_uf
  WHERE uf.nm_uf = 'Bahia'
  GROUP BY mu.nm_mun
)
SELECT nm_mun,
       ROUND((100.0 * com / NULLIF(total, 0))::numeric, 2) AS pct,
       ROUND(AVG(100.0 * com / NULLIF(total, 0)) OVER ()::numeric, 2) AS media_uf,
       CASE WHEN 100.0 * com / NULLIF(total, 0) > AVG(100.0 * com / NULLIF(total, 0)) OVER ()
            THEN 'acima' ELSE 'abaixo' END AS situacao
FROM base
ORDER BY pct DESC;",0
VT0050,Classifique os municípios de Mato Grosso pela proporção de escolas com quadra de esportes em relação à média estadual.,Muito Difícil,"WITH base AS (
  SELECT mu.nm_mun,
         COUNT(*) FILTER (WHERE md.in_quadra_esportes = 1) AS com,
         COUNT(*) AS total
  FROM escola e
  JOIN microdados_ed_basica md ON e.cd_entidade = md.cd_entidade
  JOIN municipio mu ON ST_Within(e.geometry, mu.geometry)
  JOIN unidade_federativa uf ON mu.cd_uf = uf.cd_uf
  WHERE uf.nm_uf = 'Mato Grosso'
  GROUP BY mu.nm_mun
)
SELECT nm_mun,
       ROUND((100.0 * com / NULLIF(total, 0))::numeric, 2) AS pct,
       ROUND(AVG(100.0 * com / NULLIF(total, 0)) OVER ()::numeric, 2) AS media_uf,
       CASE WHEN 100.0 * com / NULLIF(total, 0) > AVG(100.0 * com / NULLIF(total, 0)) OVER ()
            THEN 'acima' ELSE 'abaixo' END AS situacao
FROM base
ORDER BY pct DESC;",0
VT0051,Classifique os municípios de Pará pela proporção de escolas com internet em relação à média estadual.,Muito Difícil,"WITH base AS (
  SELECT mu.nm_mun,
         COUNT(*) FILTER (WHERE md.in_internet = 1) AS com,
         COUNT(*) AS total
  FROM escola e
  JOIN microdados_ed_basica md ON e.cd_entidade = md.cd_entidade
  JOIN municipio mu ON ST_Within(e.geometry, mu.geometry)
  JOIN unidade_federativa uf ON mu.cd_uf = uf.cd_uf
  WHERE uf.nm_uf = 'Pará'
  GROUP BY mu.nm_mun
)
SELECT nm_mun,
       ROUND((100.0 * com / NULLIF(total, 0))::numeric, 2) AS pct,
       ROUND(AVG(100.0 * com / NULLIF(total, 0)) OVER ()::numeric, 2) AS media_uf,
       CASE WHEN 100.0 * com / NULLIF(total, 0) > AVG(100.0 * com / NULLIF(total, 0)) OVER ()
            THEN 'acima' ELSE 'abaixo' END AS situacao
FROM base
ORDER BY pct DESC;",0
VT0052,"Para cada município de Mato Grosso do Sul, qual a proporção de escolas com biblioteca e como ela se compara à média do estado?",Muito Difícil,"WITH base AS (
  SELECT mu.nm_mun,
         COUNT(*) FILTER (WHERE md.in_biblioteca = 1) AS com,
         COUNT(*) AS total
  FROM escola e
  JOIN microdados_ed_basica md ON e.cd_entidade = md.cd_entidade
  JOIN municipio mu ON ST_Within(e.geometry, mu.geometry)
  JOIN unidade_federativa uf ON mu.cd_uf = uf.cd_uf
  WHERE uf.nm_uf = 'Mato Grosso do Sul'
  GROUP BY mu.nm_mun
)
SELECT nm_mun,
       ROUND((100.0 * com / NULLIF(total, 0))::numeric, 2) AS pct,
       ROUND(AVG(100.0 * com / NULLIF(total, 0)) OVER ()::numeric, 2) AS media_uf,
       CASE WHEN 100.0 * com / NULLIF(total, 0) > AVG(100.0 * com / NULLIF(total, 0)) OVER ()
            THEN 'acima' ELSE 'abaixo' END AS situacao
FROM base
ORDER BY pct DESC;",0
VT0053,"Para cada município de Amazonas, qual a proporção de escolas com alimentação escolar e como ela se compara à média do estado?",Muito Difícil,"WITH base AS (
  SELECT mu.nm_mun,
         COUNT(*) FILTER (WHERE md.in_alimentacao = 1) AS com,
         COUNT(*) AS total
  FROM escola e
  JOIN microdados_ed_basica md ON e.cd_entidade = md.cd_entidade
  JOIN municipio mu ON ST_Within(e.geometry, mu.geometry)
  JOIN unidade_federativa uf ON mu.cd_uf = uf.cd_uf
  WHERE uf.nm_uf = 'Amazonas'
  GROUP BY mu.nm_mun
)
SELECT nm_mun,
       ROUND((100.0 * com / NULLIF(total, 0))::numeric, 2) AS pct,
       ROUND(AVG(100.0 * com / NULLIF(total, 0)) OVER ()::numeric, 2) AS media_uf,
       CASE WHEN 100.0 * com / NULLIF(total, 0) > AVG(100.0 * com / NULLIF(total, 0)) OVER ()
            THEN 'acima' ELSE 'abaixo' END AS situacao
FROM base
ORDER BY pct DESC;",0
VT0054,"Para cada município de Piauí, qual a proporção de escolas com internet e como ela se compara à média do estado?",Muito Difícil,"WITH base AS (
  SELECT mu.nm_mun,
         COUNT(*) FILTER (WHERE md.in_internet = 1) AS com,
         COUNT(*) AS total
  FROM escola e
  JOIN microdados_ed_basica md ON e.cd_entidade = md.cd_entidade
  JOIN municipio mu ON ST_Within(e.geometry, mu.geometry)
  JOIN unidade_federativa uf ON mu.cd_uf = uf.cd_uf
  WHERE uf.nm_uf = 'Piauí'
  GROUP BY mu.nm_mun
)
SELECT nm_mun,
       ROUND((100.0 * com / NULLIF(total, 0))::numeric, 2) AS pct,
       ROUND(AVG(100.0 * com / NULLIF(total, 0)) OVER ()::numeric, 2) AS media_uf,
       CASE WHEN 100.0 * com / NULLIF(total, 0) > AVG(100.0 * com / NULLIF(total, 0)) OVER ()
            THEN 'acima' ELSE 'abaixo' END AS situacao
FROM base
ORDER BY pct DESC;",0
VT0055,"A até 8 km do centro de Cuiabá, ordene as escolas por salas de aula utilizadas e marque as acima da média local.",Muito Difícil,"WITH proximas AS (
  SELECT e.cd_entidade, md.qt_salas_utilizadas AS valor
  FROM escola e
  JOIN microdados_ed_basica md ON e.cd_entidade = md.cd_entidade
  WHERE ST_DWithin(e.geometry::geography, ST_SetSRID(ST_MakePoint(-56.1048, -15.5847), 4674)::geography, 8000)
)
SELECT cd_entidade, valor,
       ROUND(AVG(valor) OVER ()::numeric, 2) AS media,
       RANK() OVER (ORDER BY valor DESC) AS posicao,
       CASE WHEN valor > AVG(valor) OVER () THEN 'acima' ELSE 'abaixo' END AS faixa
FROM proximas
ORDER BY valor DESC;",0
VT0056,"A até 3 km do centro de São Luís, ordene as escolas por docentes da educação básica e marque as acima da média local.",Muito Difícil,"WITH proximas AS (
  SELECT e.cd_entidade, md.qt_doc_bas AS valor
  FROM escola e
  JOIN microdados_ed_basica md ON e.cd_entidade = md.cd_entidade
  WHERE ST_DWithin(e.geometry::geography, ST_SetSRID(ST_MakePoint(-44.3123, -2.512), 4674)::geography, 3000)
)
SELECT cd_entidade, valor,
       ROUND(AVG(valor) OVER ()::numeric, 2) AS media,
       RANK() OVER (ORDER BY valor DESC) AS posicao,
       CASE WHEN valor > AVG(valor) OVER () THEN 'acima' ELSE 'abaixo' END AS faixa
FROM proximas
ORDER BY valor DESC;",0
VT0057,"A até 15 km do centro de Recife, ordene as escolas por docentes da educação básica e marque as acima da média local.",Muito Difícil,"WITH proximas AS (
  SELECT e.cd_entidade, md.qt_doc_bas AS valor
  FROM escola e
  JOIN microdados_ed_basica md ON e.cd_entidade = md.cd_entidade
  WHERE ST_DWithin(e.geometry::geography, ST_SetSRID(ST_MakePoint(-34.8655, -8.0542), 4674)::geography, 15000)
)
SELECT cd_entidade, valor,
       ROUND(AVG(valor) OVER ()::numeric, 2) AS media,
       RANK() OVER (ORDER BY valor DESC) AS posicao,
       CASE WHEN valor > AVG(valor) OVER () THEN 'acima' ELSE 'abaixo' END AS faixa
FROM proximas
ORDER BY valor DESC;",0
VT0058,"A até 6 km do centro de João Pessoa, ordene as escolas por docentes da educação básica e marque as acima da média local.",Muito Difícil,"WITH proximas AS (
  SELECT e.cd_entidade, md.qt_doc_bas AS valor
  FROM escola e
  JOIN microdados_ed_basica md ON e.cd_entidade = md.cd_entidade
  WHERE ST_DWithin(e.geometry::geography, ST_SetSRID(ST_MakePoint(-34.88, -7.1141), 4674)::geography, 6000)
)
SELECT cd_entidade, valor,
       ROUND(AVG(valor) OVER ()::numeric, 2) AS media,
       RANK() OVER (ORDER BY valor DESC) AS posicao,
       CASE WHEN valor > AVG(valor) OVER () THEN 'acima' ELSE 'abaixo' END AS faixa
FROM proximas
ORDER BY valor DESC;",0
VT0059,"A até 6 km do centro de Contagem, ordene as escolas por turmas da educação básica e marque as acima da média local.",Muito Difícil,"WITH proximas AS (
  SELECT e.cd_entidade, md.qt_tur_bas AS valor
  FROM escola e
  JOIN microdados_ed_basica md ON e.cd_entidade = md.cd_entidade
  WHERE ST_DWithin(e.geometry::geography, ST_SetSRID(ST_MakePoint(-44.0497, -19.9231), 4674)::geography, 6000)
)
SELECT cd_entidade, valor,
       ROUND(AVG(valor) OVER ()::numeric, 2) AS media,
       RANK() OVER (ORDER BY valor DESC) AS posicao,
       CASE WHEN valor > AVG(valor) OVER () THEN 'acima' ELSE 'abaixo' END AS faixa
FROM proximas
ORDER BY valor DESC;",0
VT0060,"A até 5 km do centro de Palmas, ordene as escolas por docentes da educação básica e marque as acima da média local.",Muito Difícil,"WITH proximas AS (
  SELECT e.cd_entidade, md.qt_doc_bas AS valor
  FROM escola e
  JOIN microdados_ed_basica md ON e.cd_entidade = md.cd_entidade
  WHERE ST_DWithin(e.geometry::geography, ST_SetSRID(ST_MakePoint(-48.3389, -10.1831), 4674)::geography, 5000)
)
SELECT cd_entidade, valor,
       ROUND(AVG(valor) OVER ()::numeric, 2) AS media,
       RANK() OVER (ORDER BY valor DESC) AS posicao,
       CASE WHEN valor > AVG(valor) OVER () THEN 'acima' ELSE 'abaixo' END AS faixa
FROM proximas
ORDER BY valor DESC;",0
VT0061,"A até 12 km do centro de Palmas, ordene as escolas por desktops para alunos e marque as acima da média local.",Muito Difícil,"WITH proximas AS (
  SELECT e.cd_entidade, md.qt_desktop_aluno AS valor
  FROM escola e
  JOIN microdados_ed_basica md ON e.cd_entidade = md.cd_entidade
  WHERE ST_DWithin(e.geometry::geography, ST_SetSRID(ST_MakePoint(-48.3443, -10.1621), 4674)::geography, 12000)
)
SELECT cd_entidade, valor,
       ROUND(AVG(valor) OVER ()::numeric, 2) AS media,
       RANK() OVER (ORDER BY valor DESC) AS posicao,
       CASE WHEN valor > AVG(valor) OVER () THEN 'acima' ELSE 'abaixo' END AS faixa
FROM proximas
ORDER BY valor DESC;",0
VT0062,"A até 4 km do centro de Contagem, ordene as escolas por matrículas na educação profissional e marque as acima da média local.",Muito Difícil,"WITH proximas AS (
  SELECT e.cd_entidade, md.qt_mat_prof AS valor
  FROM escola e
  JOIN microdados_ed_basica md ON e.cd_entidade = md.cd_entidade
  WHERE ST_DWithin(e.geometry::geography, ST_SetSRID(ST_MakePoint(-44.0515, -19.9304), 4674)::geography, 4000)
)
SELECT cd_entidade, valor,
       ROUND(AVG(valor) OVER ()::numeric, 2) AS media,
       RANK() OVER (ORDER BY valor DESC) AS posicao,
       CASE WHEN valor > AVG(valor) OVER () THEN 'acima' ELSE 'abaixo' END AS faixa
FROM proximas
ORDER BY valor DESC;",0
VT0063,"A até 4 km do centro de Porto Alegre, ordene as escolas por matrículas na EJA e marque as acima da média local.",Muito Difícil,"WITH proximas AS (
  SELECT e.cd_entidade, md.qt_mat_eja AS valor
  FROM escola e
  JOIN microdados_ed_basica md ON e.cd_entidade = md.cd_entidade
  WHERE ST_DWithin(e.geometry::geography, ST_SetSRID(ST_MakePoint(-51.2196, -30.017), 4674)::geography, 4000)
)
SELECT cd_entidade, valor,
       ROUND(AVG(valor) OVER ()::numeric, 2) AS media,
       RANK() OVER (ORDER BY valor DESC) AS posicao,
       CASE WHEN valor > AVG(valor) OVER () THEN 'acima' ELSE 'abaixo' END AS faixa
FROM proximas
ORDER BY valor DESC;",0
VT0064,"A até 10 km do centro de Rio de Janeiro, ordene as escolas por desktops para alunos e marque as acima da média local.",Muito Difícil,"WITH proximas AS (
  SELECT e.cd_entidade, md.qt_desktop_aluno AS valor
  FROM escola e
  JOIN microdados_ed_basica md ON e.cd_entidade = md.cd_entidade
  WHERE ST_DWithin(e.geometry::geography, ST_SetSRID(ST_MakePoint(-43.216, -22.8992), 4674)::geography, 10000)
)
SELECT cd_entidade, valor,
       ROUND(AVG(valor) OVER ()::numeric, 2) AS media,
       RANK() OVER (ORDER BY valor DESC) AS posicao,
       CASE WHEN valor > AVG(valor) OVER () THEN 'acima' ELSE 'abaixo' END AS faixa
FROM proximas
ORDER BY valor DESC;",0
VT0065,"A até 6 km do centro de Cuiabá, ordene as escolas por matrículas no ensino médio e marque as acima da média local.",Muito Difícil,"WITH proximas AS (
  SELECT e.cd_entidade, md.qt_mat_med AS valor
  FROM escola e
  JOIN microdados_ed_basica md ON e.cd_entidade = md.cd_entidade
  WHERE ST_DWithin(e.geometry::geography, ST_SetSRID(ST_MakePoint(-56.0978, -15.6003), 4674)::geography, 6000)
)
SELECT cd_entidade, valor,
       ROUND(AVG(valor) OVER ()::numeric, 2) AS media,
       RANK() OVER (ORDER BY valor DESC) AS posicao,
       CASE WHEN valor > AVG(valor) OVER () THEN 'acima' ELSE 'abaixo' END AS faixa
FROM proximas
ORDER BY valor DESC;",0
VT0066,"A até 20 km do centro de Manaus, ordene as escolas por matrículas na educação profissional e marque as acima da média local.",Muito Difícil,"WITH proximas AS (
  SELECT e.cd_entidade, md.qt_mat_prof AS valor
  FROM escola e
  JOIN microdados_ed_basica md ON e.cd_entidade = md.cd_entidade
  WHERE ST_DWithin(e.geometry::geography, ST_SetSRID(ST_MakePoint(-60.0043, -3.1197), 4674)::geography, 20000)
)
SELECT cd_entidade, valor,
       ROUND(AVG(valor) OVER ()::numeric, 2) AS media,
       RANK() OVER (ORDER BY valor DESC) AS posicao,
       CASE WHEN valor > AVG(valor) OVER () THEN 'acima' ELSE 'abaixo' END AS faixa
FROM proximas
ORDER BY valor DESC;",0
VT0067,"Em Ceará, ordene os municípios por densidade de escolas por km² e compare com a média estadual.",Muito Difícil,"WITH dens AS (
  SELECT mu.nm_mun,
         COUNT(e.cd_entidade) / (ST_Area(ST_Transform(mu.geometry, 5880)) / 1e6) AS d
  FROM municipio mu
  JOIN unidade_federativa uf ON mu.cd_uf = uf.cd_uf
  JOIN escola e ON ST_Contains(mu.geometry, e.geometry)
  WHERE uf.nm_uf = 'Ceará'
  GROUP BY mu.nm_mun, mu.geometry
)
SELECT nm_mun, ROUND(d::numeric, 4) AS densidade,
       ROUND(AVG(d) OVER ()::numeric, 4) AS media_uf,
       RANK() OVER (ORDER BY d DESC) AS posicao
FROM dens
ORDER BY d DESC;",0
VT0068,"Em Pará, ordene os municípios por densidade de escolas por km² e compare com a média estadual.",Muito Difícil,"WITH dens AS (
  SELECT mu.nm_mun,
         COUNT(e.cd_entidade) / (ST_Area(ST_Transform(mu.geometry, 5880)) / 1e6) AS d
  FROM municipio mu
  JOIN unidade_federativa uf ON mu.cd_uf = uf.cd_uf
  JOIN escola e ON ST_Contains(mu.geometry, e.geometry)
  WHERE uf.nm_uf = 'Pará'
  GROUP BY mu.nm_mun, mu.geometry
)
SELECT nm_mun, ROUND(d::numeric, 4) AS densidade,
       ROUND(AVG(d) OVER ()::numeric, 4) AS media_uf,
       RANK() OVER (ORDER BY d DESC) AS posicao
FROM dens
ORDER BY d DESC;",0
VT0069,"Em Rio de Janeiro, ordene os municípios por densidade de escolas por km² e compare com a média estadual.",Muito Difícil,"WITH dens AS (
  SELECT mu.nm_mun,
         COUNT(e.cd_entidade) / (ST_Area(ST_Transform(mu.geometry, 5880)) / 1e6) AS d
  FROM municipio mu
  JOIN unidade_federativa uf ON mu.cd_uf = uf.cd_uf
  JOIN escola e ON ST_Contains(mu.geometry, e.geometry)
  WHERE uf.nm_uf = 'Rio de Janeiro'
  GROUP BY mu.nm_mun, mu.geometry
)
SELECT nm_mun, ROUND(d::numeric, 4) AS densidade,
       ROUND(AVG(d) OVER ()::numeric, 4) AS media_uf,
       RANK() OVER (ORDER BY d DESC) AS posicao
FROM dens
ORDER BY d DESC;",0
VT0070,"Em Rio Grande do Sul, ordene os municípios por densidade de escolas por km² e compare com a média estadual.",Muito Difícil,"WITH dens AS (
  SELECT mu.nm_mun,
         COUNT(e.cd_entidade) / (ST_Area(ST_Transform(mu.geometry, 5880)) / 1e6) AS d
  FROM municipio mu
  JOIN unidade_federativa uf ON mu.cd_uf = uf.cd_uf
  JOIN escola e ON ST_Contains(mu.geometry, e.geometry)
  WHERE uf.nm_uf = 'Rio Grande do Sul'
  GROUP BY mu.nm_mun, mu.geometry
)
SELECT nm_mun, ROUND(d::numeric, 4) AS densidade,
       ROUND(AVG(d) OVER ()::numeric, 4) AS media_uf,
       RANK() OVER (ORDER BY d DESC) AS posicao
FROM dens
ORDER BY d DESC;",0
VT0071,"Em Acre, ordene os municípios por densidade de escolas por km² e compare com a média estadual.",Muito Difícil,"WITH dens AS (
  SELECT mu.nm_mun,
         COUNT(e.cd_entidade) / (ST_Area(ST_Transform(mu.geometry, 5880)) / 1e6) AS d
  FROM municipio mu
  JOIN unidade_federativa uf ON mu.cd_uf = uf.cd_uf
  JOIN escola e ON ST_Contains(mu.geometry, e.geometry)
  WHERE uf.nm_uf = 'Acre'
  GROUP BY mu.nm_mun, mu.geometry
)
SELECT nm_mun, ROUND(d::numeric, 4) AS densidade,
       ROUND(AVG(d) OVER ()::numeric, 4) AS media_uf,
       RANK() OVER (ORDER BY d DESC) AS posicao
FROM dens
ORDER BY d DESC;",0
VT0072,"Em Pernambuco, ordene os municípios por densidade de escolas por km² e compare com a média estadual.",Muito Difícil,"WITH dens AS (
  SELECT mu.nm_mun,
         COUNT(e.cd_entidade) / (ST_Area(ST_Transform(mu.geometry, 5880)) / 1e6) AS d
  FROM municipio mu
  JOIN unidade_federativa uf ON mu.cd_uf = uf.cd_uf
  JOIN escola e ON ST_Contains(mu.geometry, e.geometry)
  WHERE uf.nm_uf = 'Pernambuco'
  GROUP BY mu.nm_mun, mu.geometry
)
SELECT nm_mun, ROUND(d::numeric, 4) AS densidade,
       ROUND(AVG(d) OVER ()::numeric, 4) AS media_uf,
       RANK() OVER (ORDER BY d DESC) AS posicao
FROM dens
ORDER BY d DESC;",0
